#Frame            ang
       1     118.0590
       2     121.9411
       3     123.1145
       4     119.5983
       5     121.0285
       6     116.7198
       7     121.5792
       8     122.0426
       9     117.5248
      10     115.8629
      11     119.1240
      12     121.8261
      13     125.1605
      14     127.0437
      15     128.7789
      16     125.9200
      17     126.2661
      18     120.7275
      19     126.5270
      20     121.6950
      21     121.2470
      22     117.3734
      23     119.2710
      24     114.2206
      25     112.9965
      26     105.4337
      27     106.1981
      28     113.5232
      29     117.9846
      30     115.2744
      31     120.8815
      32     124.6922
      33     123.6408
      34     123.0527
      35     124.4448
      36     120.2416
      37     122.2680
      38     122.5595
      39     126.5413
      40     126.1378
      41     121.0193
      42     120.7441
      43     123.1244
      44     126.3425
      45     124.1570
      46     127.6389
      47     125.3471
      48     125.4528
      49     122.0502
      50     126.4201
      51     127.0496
      52     124.2967
      53     125.3416
      54     121.8519
      55     125.8558
      56     126.4668
      57     123.0232
      58     131.8589
      59     130.1456
      60     130.9085
      61     130.9395
      62     127.6238
      63     124.2975
      64     117.6460
      65     116.6303
      66     117.5969
      67     123.1865
      68     130.3672
      69     119.7095
      70     124.3313
      71     124.8311
      72     123.9996
      73     124.9411
      74     121.5274
      75     123.5457
      76     123.8293
      77     124.4338
      78     119.0674
      79     119.8074
      80     124.8392
      81     123.9089
      82     122.1947
      83     120.9509
      84     121.7081
      85     119.0491
      86     120.9319
      87     120.8513
      88     121.7488
      89     115.7615
      90     123.3992
      91     123.8359
      92     125.1096
      93     123.2423
      94     124.7812
      95     123.5321
      96     125.5492
      97     130.2553
      98     128.2948
      99     125.0248
     100     122.8115
     101     125.0136
     102     122.0383
     103     122.0592
     104     120.9674
     105     116.8612
     106     118.0799
     107     124.3430
     108     123.1684
     109     118.4390
     110     120.2540
     111     117.0482
     112     116.4026
     113     122.0873
     114     124.8657
     115     119.7585
     116     119.4526
     117     121.0053
     118     118.7005
     119     117.5776
     120     119.9794
     121     114.3487
     122     117.5558
     123     117.8211
     124     112.7661
     125     112.1327
     126     118.5740
     127     110.9167
     128     112.3212
     129     114.1558
     130     119.4530
     131     121.1897
     132     124.8487
     133     122.4374
     134     124.8029
     135     119.7963
     136     120.8839
     137     123.8740
     138     126.0891
     139     124.5847
     140     124.4032
     141     123.5186
     142     120.5749
     143     124.3339
     144     119.9896
     145     122.3904
     146     117.1668
     147     121.4054
     148     118.7147
     149     122.1235
     150     124.2372
     151     120.3963
     152     121.7611
     153     115.2893
     154     121.7485
     155     120.4687
     156     116.1728
     157     117.4715
     158     116.7413
     159     111.6559
     160     114.5032
     161     117.4176
     162     119.3443
     163     119.3630
     164     123.3030
     165     119.0498
     166     120.6314
     167     127.6816
     168     125.5405
     169     125.9210
     170     123.0780
     171     125.2430
     172     125.9336
     173     123.8605
     174     122.2973
     175     122.9588
     176     122.4529
     177     121.9836
     178     126.0874
     179     130.7652
     180     123.7361
     181     119.9894
     182     121.3095
     183     119.6872
     184     121.0525
     185     126.4943
     186     129.8385
     187     120.2055
     188     123.5379
     189     125.3683
     190     130.3260
     191     128.8734
     192     134.1367
     193     125.1424
     194     123.6628
     195     125.6237
     196     126.9490
     197     130.8235
     198     132.9562
     199     133.6187
     200     133.5992
     201     128.4394
     202     122.1389
     203     122.1330
     204     124.5772
     205     126.3230
     206     125.1409
     207     130.8104
     208     135.8767
     209     132.0771
     210     125.4790
     211     128.2317
     212     126.6573
     213     126.9756
     214     127.8272
     215     127.6389
     216     132.3384
     217     135.3826
     218     131.8421
     219     126.0729
     220     120.9935
     221     126.9133
     222     129.1726
     223     126.9143
     224     130.1718
     225     129.5637
     226     123.8210
     227     127.5439
     228     126.0130
     229     125.0584
     230     124.0513
     231     120.8077
     232     124.4037
     233     122.4177
     234     120.3976
     235     126.4292
     236     125.9521
     237     121.6066
     238     125.6742
     239     128.4611
     240     130.0662
     241     126.8228
     242     125.1787
     243     130.9474
     244     125.2213
     245     122.5955
     246     120.3936
     247     129.4354
     248     132.1711
     249     128.5428
     250     121.8980
     251     122.0468
     252     125.8165
     253     126.5873
     254     124.3153
     255     125.0152
     256     123.4104
     257     124.5730
     258     129.3171
     259     127.1408
     260     130.9770
     261     125.9902
     262     125.5547
     263     118.1018
     264     123.6442
     265     116.7671
     266     128.7031
     267     132.9760
     268     127.3864
     269     130.0635
     270     128.2520
     271     132.0983
     272     128.2982
     273     126.7968
     274     123.3211
     275     129.8826
     276     125.2258
     277     125.5381
     278     126.4547
     279     122.9193
     280     128.9415
     281     125.2282
     282     129.0835
     283     128.4139
     284     122.6058
     285     121.7417
     286     123.4693
     287     123.8674
     288     125.9026
     289     128.4255
     290     129.2496
     291     130.3966
     292     135.6854
     293     137.7836
     294     127.0451
     295     135.7235
     296     129.2078
     297     124.6243
     298     128.6090
     299     128.8537
     300     128.7065
     301     135.4954
     302     133.6384
     303     139.5893
     304     138.6233
     305     140.3683
     306     133.2872
     307     135.2667
     308     129.1755
     309     133.6258
     310     140.4081
     311     135.4070
     312     129.3327
     313     129.6942
     314     133.3598
     315     127.7293
     316     128.1248
     317     128.9070
     318     126.5484
     319     129.1938
     320     124.9361
     321     122.4620
     322     127.8293
     323     130.8920
     324     126.4424
     325     131.3596
     326     123.5918
     327     124.7097
     328     124.9634
     329     123.2656
     330     132.5533
     331     127.8664
     332     135.1954
     333     131.7206
     334     136.1326
     335     130.9087
     336     134.6519
     337     135.5294
     338     134.3858
     339     135.6121
     340     136.7822
     341     135.2576
     342     138.4996
     343     137.2342
     344     133.8310
     345     133.2533
     346     135.0137
     347     131.4619
     348     130.2616
     349     129.6524
     350     135.8994
     351     133.8620
     352     131.0573
     353     129.9526
     354     129.5154
     355     127.2241
     356     132.2801
     357     123.8452
     358     126.1746
     359     128.7187
     360     130.1787
     361     134.1203
     362     133.0755
     363     131.7370
     364     133.5903
     365     133.3534
     366     130.6791
     367     129.2811
     368     131.8397
     369     139.5730
     370     142.0642
     371     135.7462
     372     139.4653
     373     136.4297
     374     128.5829
     375     132.4004
     376     132.0752
     377     130.5938
     378     133.4431
     379     128.3612
     380     129.0375
     381     136.5187
     382     141.0279
     383     134.4643
     384     135.3634
     385     131.4499
     386     129.5307
     387     128.6278
     388     132.0973
     389     131.6009
     390     130.5250
     391     130.6363
     392     125.8513
     393     126.4851
     394     126.3330
     395     129.3680
     396     132.8400
     397     125.9121
     398     128.4323
     399     133.5788
     400     128.9181
     401     131.2831
     402     133.2597
     403     134.6001
     404     129.1533
     405     130.1836
     406     129.1785
     407     125.8866
     408     130.7151
     409     131.6430
     410     127.0698
     411     129.6806
     412     126.1460
     413     128.1185
     414     129.0884
     415     127.8281
     416     123.9482
     417     132.0445
     418     128.3825
     419     131.5474
     420     124.7055
     421     127.3012
     422     124.2981
     423     125.9176
     424     123.8187
     425     122.3167
     426     124.2189
     427     128.9623
     428     131.3734
     429     128.4299
     430     124.1078
     431     124.6847
     432     127.4847
     433     128.0795
     434     127.7597
     435     134.4565
     436     135.7645
     437     132.6025
     438     137.6988
     439     137.2144
     440     129.2990
     441     131.5805
     442     133.8806
     443     133.0211
     444     125.7829
     445     126.2921
     446     126.6766
     447     126.9466
     448     127.8670
     449     129.8963
     450     131.4924
     451     126.4100
     452     129.1623
     453     127.4366
     454     121.0904
     455     122.5777
     456     120.2099
     457     124.9207
     458     118.8064
     459     119.5736
     460     126.5127
     461     119.8537
     462     131.0064
     463     127.6620
     464     128.9912
     465     129.4848
     466     128.8638
     467     126.8346
     468     133.4522
     469     127.2365
     470     129.9064
     471     128.2014
     472     127.6520
     473     125.9632
     474     123.9195
     475     127.4065
     476     125.5887
     477     131.4110
     478     129.5698
     479     133.0116
     480     137.0970
     481     137.1805
     482     129.7945
     483     135.8364
     484     134.8530
     485     136.8249
     486     139.5251
     487     138.3862
     488     138.1966
     489     142.4520
     490     131.5056
     491     133.4225
     492     136.3859
     493     140.5005
     494     136.8189
     495     139.7495
     496     135.5944
     497     130.8810
     498     129.5087
     499     132.2470
     500     128.4286
     501     125.6880
     502     127.4159
     503     124.4979
     504     125.0558
     505     129.1242
     506     129.8749
     507     128.2241
     508     128.9466
     509     126.4302
     510     125.0637
     511     128.7515
     512     130.6813
     513     135.9468
     514     133.9221
     515     127.2312
     516     122.7938
     517     127.0748
     518     129.5190
     519     126.9584
     520     125.3499
     521     126.7461
     522     123.5860
     523     128.8030
     524     131.9075
     525     125.6932
     526     133.6407
     527     138.6819
     528     133.7690
     529     129.9887
     530     129.3021
     531     134.1214
     532     130.7156
     533     129.3257
     534     132.8830
     535     129.4808
     536     128.4444
     537     125.4287
     538     128.5599
     539     130.5578
     540     130.9162
     541     129.0093
     542     129.9986
     543     128.9777
     544     128.2372
     545     132.1839
     546     128.3401
     547     127.0479
     548     121.0139
     549     123.8835
     550     123.7357
     551     129.9992
     552     128.9873
     553     128.8400
     554     131.5844
     555     124.7067
     556     127.8734
     557     129.1981
     558     130.2139
     559     125.3073
     560     120.5268
     561     120.9577
     562     123.3788
     563     118.2535
     564     121.1504
     565     129.7237
     566     127.6740
     567     125.8823
     568     126.8311
     569     127.0279
     570     127.5864
     571     124.2582
     572     123.7864
     573     120.9157
     574     125.3109
     575     121.4488
     576     122.8469
     577     119.8580
     578     122.5907
     579     121.7960
     580     116.0998
     581     120.0466
     582     117.3087
     583     121.7430
     584     126.2459
     585     131.0806
     586     126.6875
     587     122.7880
     588     127.1981
     589     123.3060
     590     122.9648
     591     125.9687
     592     121.1665
     593     119.7490
     594     121.0928
     595     123.4607
     596     125.1214
     597     127.0546
     598     124.0637
     599     128.2196
     600     123.6147
     601     129.9347
     602     129.9664
     603     125.7915
     604     125.4073
     605     133.1378
     606     132.2612
     607     135.9155
     608     130.7425
     609     128.6103
     610     130.0728
     611     129.3491
     612     131.6543
     613     133.2230
     614     134.1349
     615     131.0742
     616     124.9449
     617     129.9004
     618     128.5030
     619     127.8659
     620     132.0816
     621     130.8961
     622     132.0640
     623     128.4107
     624     122.3096
     625     119.4270
     626     122.6352
     627     118.4876
     628     120.3024
     629     120.9229
     630     122.9786
     631     116.8344
     632     118.6745
     633     113.9232
     634     113.0525
     635     109.7681
     636     111.4609
     637     114.2026
     638     117.2402
     639     116.0761
     640     116.7345
     641     114.1139
     642     118.8043
     643     118.9231
     644     113.4944
     645     118.8731
     646     116.2292
     647     120.1199
     648     119.2685
     649     127.8836
     650     127.1000
     651     124.8150
     652     127.1549
     653     131.0285
     654     133.3332
     655     136.9945
     656     135.0285
     657     130.6364
     658     131.2906
     659     126.7423
     660     127.6316
     661     126.0823
     662     122.9446
     663     127.3787
     664     127.9118
     665     125.8472
     666     123.2190
     667     120.3256
     668     125.7674
     669     123.3351
     670     122.9459
     671     125.6214
     672     126.6669
     673     120.9417
     674     121.8737
     675     124.5599
     676     125.2695
     677     129.6934
     678     125.2106
     679     130.1556
     680     126.5748
     681     128.3204
     682     129.6748
     683     129.0503
     684     131.4371
     685     128.8381
     686     129.0776
     687     125.3493
     688     126.7475
     689     123.0894
     690     122.5190
     691     120.1156
     692     117.5225
     693     125.2257
     694     121.8302
     695     120.5273
     696     124.9761
     697     127.4419
     698     126.0728
     699     119.5760
     700     123.5702
     701     123.8188
     702     131.1935
     703     127.6807
     704     125.2432
     705     128.4772
     706     133.5584
     707     132.1600
     708     127.1162
     709     129.5251
     710     130.2276
     711     130.6114
     712     133.2847
     713     126.6332
     714     127.6340
     715     126.7604
     716     125.6282
     717     122.9147
     718     126.1847
     719     124.0844
     720     126.6752
     721     126.0681
     722     120.4326
     723     119.2536
     724     120.1203
     725     120.9259
     726     124.0685
     727     120.8380
     728     126.5702
     729     123.8439
     730     129.9734
     731     129.9614
     732     131.5239
     733     129.6559
     734     132.5777
     735     134.3996
     736     134.8074
     737     129.4082
     738     128.7098
     739     131.7714
     740     128.0605
     741     127.5240
     742     129.8212
     743     130.4338
     744     130.9502
     745     129.2586
     746     128.0221
     747     132.2166
     748     125.0038
     749     118.7149
     750     118.1342
     751     125.5175
     752     129.9500
     753     130.4272
     754     131.1993
     755     130.4225
     756     128.9363
     757     129.6210
     758     130.4882
     759     130.2562
     760     138.5263
     761     141.7239
     762     137.1529
     763     129.4740
     764     133.8807
     765     127.1787
     766     136.7692
     767     133.7616
     768     131.5067
     769     129.5177
     770     122.8311
     771     125.9080
     772     124.8222
     773     124.3199
     774     128.9612
     775     128.1479
     776     127.9264
     777     129.7631
     778     133.8213
     779     132.8730
     780     131.2019
     781     132.4173
     782     125.2217
     783     127.2130
     784     128.2738
     785     128.1778
     786     124.6060
     787     128.6833
     788     132.2528
     789     136.1220
     790     132.4866
     791     129.3720
     792     136.5562
     793     129.8687
     794     133.7284
     795     135.3009
     796     133.4820
     797     132.8864
     798     135.4181
     799     136.3683
     800     134.1903
     801     134.0733
     802     128.8787
     803     132.3211
     804     132.1405
     805     128.8669
     806     132.7473
     807     135.4076
     808     131.2089
     809     130.1721
     810     129.4041
     811     128.0057
     812     128.2993
     813     134.4400
     814     129.2848
     815     128.8540
     816     124.1454
     817     129.0250
     818     129.8544
     819     128.8676
     820     130.3014
     821     132.7860
     822     132.5134
     823     130.9321
     824     128.5505
     825     129.7237
     826     132.2098
     827     131.4207
     828     129.7586
     829     128.6219
     830     123.5446
     831     126.9876
     832     125.2992
     833     124.6578
     834     128.1352
     835     131.7750
     836     136.4908
     837     130.9514
     838     127.8787
     839     126.8427
     840     131.4525
     841     131.2562
     842     126.8448
     843     132.1545
     844     133.9646
     845     129.0311
     846     127.2436
     847     127.9209
     848     124.9237
     849     130.6727
     850     133.4350
     851     130.9771
     852     135.6171
     853     131.3927
     854     127.7601
     855     127.4444
     856     124.9570
     857     129.5368
     858     131.9494
     859     129.5849
     860     128.5088
     861     131.3668
     862     132.8739
     863     130.6087
     864     130.3250
     865     125.0539
     866     131.3471
     867     133.1883
     868     132.5385
     869     131.8846
     870     135.5554
     871     132.7059
     872     133.7531
     873     123.5632
     874     128.7027
     875     127.7430
     876     125.6782
     877     131.6803
     878     125.3723
     879     131.5391
     880     130.7461
     881     126.5758
     882     124.6609
     883     129.1745
     884     126.2878
     885     131.3978
     886     133.0261
     887     134.9051
     888     130.6674
     889     129.8206
     890     132.5214
     891     131.3344
     892     131.5800
     893     133.8303
     894     139.3792
     895     138.5499
     896     137.1467
     897     140.9123
     898     138.7064
     899     138.4143
     900     136.1402
     901     138.4510
     902     140.3577
     903     136.5902
     904     134.9371
     905     128.5915
     906     128.3135
     907     128.9679
     908     132.7414
     909     126.1808
     910     132.4351
     911     132.6633
     912     133.0289
     913     133.1088
     914     130.8295
     915     130.8257
     916     127.7889
     917     124.8143
     918     122.1561
     919     126.7103
     920     128.6034
     921     134.8483
     922     138.2982
     923     136.7875
     924     135.1927
     925     132.0733
     926     134.4455
     927     143.3039
     928     136.1763
     929     136.2073
     930     136.2746
     931     135.4469
     932     130.3378
     933     132.8093
     934     129.0543
     935     128.3460
     936     126.7602
     937     132.7023
     938     134.0353
     939     137.6352
     940     139.7075
     941     140.0907
     942     139.1970
     943     136.4604
     944     132.4642
     945     128.8677
     946     135.9269
     947     138.0037
     948     144.0113
     949     141.2112
     950     134.8348
     951     136.6164
     952     134.0836
     953     131.4203
     954     132.9639
     955     137.1139
     956     138.5137
     957     136.6825
     958     133.3968
     959     130.0374
     960     134.4250
     961     136.7906
     962     136.9273
     963     141.1087
     964     138.4079
     965     139.1660
     966     143.4033
     967     141.4976
     968     140.2649
     969     138.8661
     970     138.6547
     971     135.6316
     972     129.7632
     973     131.4188
     974     137.3412
     975     137.5110
     976     135.4492
     977     133.1852
     978     135.6799
     979     137.6737
     980     137.6967
     981     135.3135
     982     131.4212
     983     134.0404
     984     138.4628
     985     133.3070
     986     137.2847
     987     136.4609
     988     138.0555
     989     138.0391
     990     136.0650
     991     137.1416
     992     142.0275
     993     136.4752
     994     132.0638
     995     129.8133
     996     128.6187
     997     128.8656
     998     125.8260
     999     132.2080
    1000     134.0824
    1001     129.9944
    1002     130.8174
    1003     131.0034
    1004     130.3442
    1005     127.6141
    1006     122.5685
    1007     122.3486
    1008     121.4186
    1009     125.6431
    1010     125.1627
    1011     122.9870
    1012     120.4826
    1013     127.6014
    1014     130.6726
    1015     129.1019
    1016     123.7025
    1017     126.8909
    1018     128.6905
    1019     130.2588
    1020     132.5050
    1021     128.8596
    1022     128.4480
    1023     128.4071
    1024     129.4481
    1025     126.7189
    1026     120.6131
    1027     124.0194
    1028     128.1269
    1029     129.5157
    1030     125.8063
    1031     124.9513
    1032     121.0389
    1033     130.7669
    1034     130.3005
    1035     132.5988
    1036     132.3029
    1037     130.5540
    1038     133.9588
    1039     135.4893
    1040     136.6528
    1041     134.6442
    1042     136.2615
    1043     130.2699
    1044     135.8200
    1045     132.2776
    1046     134.3504
    1047     133.1648
    1048     131.7429
    1049     131.1607
    1050     133.7665
    1051     134.7153
    1052     133.2775
    1053     131.3076
    1054     126.3634
    1055     132.0575
    1056     134.1665
    1057     135.2521
    1058     130.6845
    1059     132.2970
    1060     129.5218
    1061     133.5408
    1062     133.0635
    1063     129.2879
    1064     126.7245
    1065     126.1383
    1066     125.7415
    1067     127.7395
    1068     127.2453
    1069     127.8088
    1070     121.7585
    1071     124.0859
    1072     133.2540
    1073     137.0261
    1074     134.6054
    1075     134.3100
    1076     134.9110
    1077     132.9239
    1078     127.4069
    1079     126.9167
    1080     126.8563
    1081     128.5606
    1082     130.4143
    1083     129.8714
    1084     128.9211
    1085     129.2992
    1086     128.7077
    1087     129.1758
    1088     131.9616
    1089     135.3305
    1090     130.0915
    1091     127.6472
    1092     132.3042
    1093     130.1363
    1094     133.0233
    1095     134.8787
    1096     135.2750
    1097     135.1866
    1098     132.7786
    1099     128.7746
    1100     133.6077
    1101     134.6161
    1102     131.5760
    1103     132.3050
    1104     132.9415
    1105     124.5339
    1106     126.4956
    1107     129.5337
    1108     132.4284
    1109     133.5490
    1110     134.3395
    1111     130.8821
    1112     138.1949
    1113     136.4839
    1114     131.9681
    1115     130.5958
    1116     136.3597
    1117     133.8180
    1118     131.6477
    1119     133.2286
    1120     136.3454
    1121     133.2513
    1122     132.8789
    1123     129.5472
    1124     129.5298
    1125     127.7174
    1126     128.7985
    1127     131.0751
    1128     133.3511
    1129     130.0613
    1130     130.0763
    1131     127.3523
    1132     128.1940
    1133     123.8731
    1134     126.5983
    1135     124.1291
    1136     128.9512
    1137     129.3542
    1138     130.2584
    1139     130.8941
    1140     130.1327
    1141     131.3864
    1142     128.8771
    1143     131.6209
    1144     132.0857
    1145     134.9625
    1146     133.8980
    1147     135.8170
    1148     132.2533
    1149     139.5131
    1150     137.1183
    1151     134.3737
    1152     136.9147
    1153     131.9505
    1154     131.3366
    1155     128.3702
    1156     129.5298
    1157     130.3955
    1158     133.1739
    1159     134.6644
    1160     130.5963
    1161     127.5166
    1162     126.2488
    1163     133.8967
    1164     125.8798
    1165     127.0338
    1166     130.5053
    1167     134.3690
    1168     128.4693
    1169     131.8918
    1170     133.1950
    1171     130.8778
    1172     129.0199
    1173     128.4049
    1174     131.1153
    1175     127.8181
    1176     133.1946
    1177     140.7217
    1178     131.5095
    1179     131.9389
    1180     129.5304
    1181     128.0378
    1182     130.1085
    1183     131.9275
    1184     133.6867
    1185     129.8852
    1186     129.0250
    1187     130.9953
    1188     135.6523
    1189     137.6487
    1190     136.6221
    1191     130.5219
    1192     125.3825
    1193     128.0675
    1194     123.6456
    1195     131.2517
    1196     132.2525
    1197     130.6875
    1198     127.0499
    1199     134.5178
    1200     132.4294
    1201     127.3623
    1202     128.7965
    1203     127.1467
    1204     133.0481
    1205     129.8638
    1206     125.9139
    1207     128.9283
    1208     128.6913
    1209     129.8404
    1210     137.6722
    1211     138.9701
    1212     140.0152
    1213     137.5744
    1214     137.7088
    1215     133.5598
    1216     134.1026
    1217     135.1803
    1218     133.0249
    1219     130.2527
    1220     133.9905
    1221     132.1909
    1222     128.2403
    1223     132.3551
    1224     128.7759
    1225     134.5676
    1226     129.7404
    1227     130.3370
    1228     122.1441
    1229     131.1962
    1230     132.4899
    1231     126.6304
    1232     124.0724
    1233     122.7713
    1234     125.2476
    1235     125.6968
    1236     123.9498
    1237     126.4323
    1238     129.8459
    1239     129.4158
    1240     136.2558
    1241     127.6362
    1242     125.9764
    1243     127.2023
    1244     128.9456
    1245     125.8539
    1246     124.5496
    1247     127.1325
    1248     131.4528
    1249     131.3774
    1250     130.4360
    1251     128.3023
    1252     132.1888
    1253     134.6427
    1254     134.7372
    1255     128.7658
    1256     128.2967
    1257     130.9287
    1258     132.2882
    1259     129.0644
    1260     129.0313
    1261     124.8602
    1262     123.5510
    1263     123.7098
    1264     128.7121
    1265     134.7391
    1266     138.5830
    1267     136.8758
    1268     137.4727
    1269     134.0842
    1270     133.5396
    1271     133.5213
    1272     130.3160
    1273     131.9288
    1274     130.9570
    1275     132.4420
    1276     133.5950
    1277     140.0491
    1278     144.9214
    1279     137.6200
    1280     141.6060
    1281     139.5498
    1282     135.6163
    1283     130.9080
    1284     133.1688
    1285     133.1227
    1286     134.2536
    1287     129.2308
    1288     130.5704
    1289     132.7573
    1290     133.5873
    1291     130.2823
    1292     128.4825
    1293     127.3250
    1294     124.3885
    1295     132.6295
    1296     133.7953
    1297     131.4370
    1298     134.5044
    1299     129.8393
    1300     126.6903
    1301     133.8632
    1302     133.6457
    1303     130.7558
    1304     131.6678
    1305     129.7704
    1306     133.7022
    1307     135.9028
    1308     135.5247
    1309     138.2173
    1310     134.4015
    1311     135.7114
    1312     133.2545
    1313     132.8851
    1314     135.7504
    1315     130.2090
    1316     131.9075
    1317     131.5946
    1318     132.2296
    1319     129.7028
    1320     127.9117
    1321     131.0221
    1322     127.8079
    1323     127.3470
    1324     125.3921
    1325     122.0697
    1326     130.5239
    1327     132.6341
    1328     132.2393
    1329     131.8652
    1330     133.0243
    1331     133.5526
    1332     134.2179
    1333     133.6776
    1334     133.2530
    1335     132.0123
    1336     131.3558
    1337     138.3300
    1338     131.1770
    1339     129.8779
    1340     134.8070
    1341     137.1839
    1342     139.5261
    1343     139.0100
    1344     140.2630
    1345     143.0967
    1346     136.9399
    1347     138.2319
    1348     133.7019
    1349     137.7725
    1350     137.8057
    1351     138.2869
    1352     137.9454
    1353     134.4888
    1354     128.7408
    1355     129.6865
    1356     133.3707
    1357     137.1292
    1358     138.9651
    1359     138.0590
    1360     138.3701
    1361     133.0894
    1362     132.2948
    1363     135.3332
    1364     127.1870
    1365     127.4183
    1366     127.8112
    1367     129.3309
    1368     127.0581
    1369     127.3539
    1370     131.2559
    1371     135.0352
    1372     134.7106
    1373     135.9539
    1374     135.0341
    1375     129.4557
    1376     132.7879
    1377     129.1669
    1378     130.7285
    1379     128.1960
    1380     126.9439
    1381     129.3983
    1382     128.0620
    1383     126.8178
    1384     132.6039
    1385     133.8051
    1386     128.8582
    1387     133.4266
    1388     136.3509
    1389     132.0660
    1390     132.2658
    1391     127.6420
    1392     132.0806
    1393     133.0158
    1394     129.2313
    1395     126.6271
    1396     122.2935
    1397     132.0622
    1398     128.9095
    1399     126.8217
    1400     132.2547
    1401     129.9645
    1402     130.4891
    1403     135.9563
    1404     134.3948
    1405     136.1900
    1406     134.4775
    1407     135.9378
    1408     134.2999
    1409     133.7321
    1410     134.6832
    1411     133.6078
    1412     133.0652
    1413     133.0435
    1414     132.7905
    1415     133.4574
    1416     131.6160
    1417     134.1768
    1418     132.4179
    1419     135.8925
    1420     138.1612
    1421     133.6459
    1422     131.5139
    1423     135.0518
    1424     136.8396
    1425     139.7188
    1426     139.3851
    1427     137.8690
    1428     136.6146
    1429     138.0790
    1430     134.2122
    1431     133.5639
    1432     141.6791
    1433     131.2443
    1434     136.4747
    1435     133.5638
    1436     131.4475
    1437     134.1591
    1438     128.1724
    1439     125.3069
    1440     123.6541
    1441     125.7886
    1442     130.7342
    1443     134.4684
    1444     129.1480
    1445     131.6697
    1446     135.1104
    1447     134.5401
    1448     133.1829
    1449     134.6494
    1450     128.3701
    1451     124.6844
    1452     126.7141
    1453     134.1130
    1454     125.1555
    1455     131.8491
    1456     134.8244
    1457     133.3699
    1458     135.2686
    1459     135.4577
    1460     137.3942
    1461     141.2090
    1462     133.8597
    1463     132.2624
    1464     131.8911
    1465     130.2657
    1466     129.9537
    1467     126.3377
    1468     127.6584
    1469     131.4363
    1470     132.6757
    1471     133.1871
    1472     129.0682
    1473     127.6096
    1474     129.9351
    1475     135.5284
    1476     131.1752
    1477     133.6830
    1478     129.8800
    1479     129.0409
    1480     129.6673
    1481     130.4175
    1482     129.0933
    1483     133.1832
    1484     129.8708
    1485     134.7293
    1486     130.9453
    1487     130.4478
    1488     138.5951
    1489     134.8485
    1490     136.1212
    1491     139.9359
    1492     142.9918
    1493     141.3877
    1494     139.5576
    1495     134.8538
    1496     133.6235
    1497     134.4673
    1498     136.2468
    1499     138.4699
    1500     137.0744
    1501     133.2154
    1502     135.2940
    1503     132.7409
    1504     137.1788
    1505     138.1586
    1506     143.9480
    1507     138.2068
    1508     140.8988
    1509     136.6362
    1510     140.7757
    1511     138.5071
    1512     131.9849
    1513     134.5971
    1514     137.7054
    1515     133.8500
    1516     134.0052
    1517     133.8199
    1518     128.2471
    1519     133.3836
    1520     136.0741
    1521     137.6578
    1522     137.0049
    1523     129.9697
    1524     134.3124
    1525     138.2792
    1526     141.5305
    1527     141.7585
    1528     142.0070
    1529     133.8853
    1530     136.2966
    1531     133.7279
    1532     131.1345
    1533     135.0806
    1534     132.1527
    1535     136.1724
    1536     132.7648
    1537     130.8152
    1538     138.0225
    1539     136.0634
    1540     137.3856
    1541     130.8098
    1542     124.1267
    1543     125.4870
    1544     126.1859
    1545     126.5128
    1546     131.0285
    1547     134.4118
    1548     129.6486
    1549     133.8253
    1550     134.0044
    1551     136.4379
    1552     134.8723
    1553     138.6085
    1554     137.7941
    1555     135.1110
    1556     137.0748
    1557     132.1740
    1558     134.8355
    1559     136.1973
    1560     133.3006
    1561     128.2578
    1562     132.0176
    1563     126.1870
    1564     129.0764
    1565     132.3886
    1566     132.0863
    1567     127.7374
    1568     128.4953
    1569     130.4288
    1570     128.6581
    1571     129.5266
    1572     128.1050
    1573     130.0979
    1574     132.9686
    1575     133.8313
    1576     138.7598
    1577     131.8466
    1578     132.2060
    1579     124.6726
    1580     132.5895
    1581     134.5775
    1582     134.9233
    1583     138.1758
    1584     136.9498
    1585     135.5234
    1586     134.3738
    1587     133.9747
    1588     133.1130
    1589     129.0586
    1590     133.8892
    1591     135.4045
    1592     133.9098
    1593     134.1541
    1594     133.7607
    1595     133.6930
    1596     134.9575
    1597     134.1328
    1598     136.1942
    1599     137.3490
    1600     140.5566
    1601     137.3251
    1602     136.0846
    1603     138.9730
    1604     139.6614
    1605     137.1477
    1606     135.1639
    1607     136.4299
    1608     131.8871
    1609     126.6787
    1610     132.2691
    1611     132.1424
    1612     131.2813
    1613     135.5594
    1614     135.3871
    1615     136.7157
    1616     135.7422
    1617     137.8738
    1618     138.0075
    1619     133.7155
    1620     136.1563
    1621     137.9636
    1622     136.3811
    1623     138.2275
    1624     136.4202
    1625     134.2433
    1626     137.3018
    1627     133.7741
    1628     131.4973
    1629     128.1870
    1630     134.8813
    1631     132.3040
    1632     137.4315
    1633     132.4388
    1634     129.8519
    1635     138.5256
    1636     134.3955
    1637     136.5638
    1638     136.1494
    1639     139.0914
    1640     135.3684
    1641     133.4245
    1642     135.3783
    1643     133.2720
    1644     138.1089
    1645     131.1550
    1646     134.4490
    1647     135.6698
    1648     135.0816
    1649     130.3621
    1650     126.5654
    1651     129.5875
    1652     124.4648
    1653     124.9923
    1654     131.3592
    1655     131.5094
    1656     132.3316
    1657     134.6079
    1658     128.6718
    1659     128.3358
    1660     130.5853
    1661     132.5324
    1662     135.1961
    1663     133.2374
    1664     131.8154
    1665     134.1964
    1666     138.7490
    1667     138.2075
    1668     132.1596
    1669     129.2641
    1670     132.0052
    1671     130.2352
    1672     131.1534
    1673     133.0142
    1674     129.7779
    1675     134.8539
    1676     134.6609
    1677     134.6157
    1678     134.8110
    1679     135.3222
    1680     134.5202
    1681     135.2609
    1682     138.5579
    1683     138.9087
    1684     136.2847
    1685     136.7954
    1686     132.5216
    1687     132.8147
    1688     129.2616
    1689     128.3530
    1690     131.1474
    1691     129.9057
    1692     128.7981
    1693     129.0187
    1694     132.9969
    1695     128.6396
    1696     131.1189
    1697     130.3807
    1698     128.0374
    1699     128.8726
    1700     134.6101
    1701     133.0377
    1702     134.7088
    1703     135.6376
    1704     134.8970
    1705     136.0727
    1706     132.9130
    1707     139.0143
    1708     135.8437
    1709     137.9327
    1710     140.1976
    1711     138.5367
    1712     139.7054
    1713     142.9880
    1714     140.9283
    1715     139.8353
    1716     135.0105
    1717     139.1041
    1718     140.1999
    1719     142.8486
    1720     139.5916
    1721     137.2187
    1722     136.7678
    1723     134.7917
    1724     136.8549
    1725     136.9404
    1726     130.2609
    1727     129.9580
    1728     125.8537
    1729     125.3899
    1730     127.6957
    1731     122.7370
    1732     124.2711
    1733     126.2857
    1734     127.7893
    1735     128.3386
    1736     133.0823
    1737     129.9561
    1738     130.6833
    1739     130.2165
    1740     126.8570
    1741     125.4348
    1742     122.7495
    1743     130.1760
    1744     133.9877
    1745     130.8553
    1746     123.6989
    1747     128.5628
    1748     124.4199
    1749     127.5104
    1750     132.5799
    1751     128.7915
    1752     133.3722
    1753     131.1643
    1754     135.7691
    1755     134.1104
    1756     131.5492
    1757     132.1076
    1758     129.6290
    1759     125.6836
    1760     130.3625
    1761     127.0600
    1762     123.5791
    1763     123.2281
    1764     124.8550
    1765     127.8454
    1766     129.0791
    1767     135.6522
    1768     136.0008
    1769     129.5118
    1770     138.5061
    1771     140.0606
    1772     135.0110
    1773     139.5126
    1774     138.7473
    1775     133.6170
    1776     132.6471
    1777     138.0662
    1778     134.7121
    1779     135.7559
    1780     136.9807
    1781     137.1232
    1782     137.4458
    1783     143.3321
    1784     138.9216
    1785     137.4440
    1786     134.9364
    1787     133.9579
    1788     132.5238
    1789     130.0209
    1790     123.8072
    1791     134.2096
    1792     137.4371
    1793     133.7653
    1794     133.6793
    1795     138.5777
    1796     134.5107
    1797     131.2845
    1798     130.3897
    1799     125.8654
    1800     125.5169
    1801     125.0694
    1802     122.1921
    1803     127.2197
    1804     129.1277
    1805     129.5121
    1806     132.5126
    1807     134.0262
    1808     133.9479
    1809     130.7709
    1810     131.2386
    1811     128.5736
    1812     134.5505
    1813     132.9848
    1814     131.6574
    1815     136.4864
    1816     133.1051
    1817     128.5676
    1818     133.2183
    1819     136.0223
    1820     130.7285
    1821     131.7600
    1822     132.6069
    1823     129.0287
    1824     135.3811
    1825     135.0271
    1826     137.3185
    1827     136.1876
    1828     134.2549
    1829     135.7974
    1830     137.3220
    1831     135.6832
    1832     128.4366
    1833     126.3289
    1834     122.6134
    1835     119.7548
    1836     123.3725
    1837     121.1798
    1838     125.7030
    1839     128.3828
    1840     124.7601
    1841     121.8587
    1842     127.1294
    1843     128.9559
    1844     130.5119
    1845     127.3013
    1846     131.9637
    1847     132.6232
    1848     133.2082
    1849     133.8184
    1850     133.9024
    1851     130.8764
    1852     135.5029
    1853     133.3684
    1854     125.9079
    1855     130.6013
    1856     130.4379
    1857     130.3495
    1858     134.3343
    1859     131.9176
    1860     127.1794
    1861     132.6662
    1862     133.8510
    1863     130.4174
    1864     129.7844
    1865     128.1007
    1866     126.3669
    1867     127.6705
    1868     135.4293
    1869     131.5633
    1870     134.2260
    1871     134.8979
    1872     134.6967
    1873     128.5388
    1874     129.1622
    1875     135.1894
    1876     133.5792
    1877     131.7306
    1878     134.6207
    1879     130.0165
    1880     131.4985
    1881     131.9137
    1882     126.7382
    1883     135.5997
    1884     137.4900
    1885     133.4139
    1886     130.7373
    1887     133.8604
    1888     127.1291
    1889     129.7545
    1890     129.2582
    1891     129.2439
    1892     130.2753
    1893     134.3544
    1894     127.7176
    1895     131.0756
    1896     133.0414
    1897     134.6239
    1898     137.4180
    1899     131.8789
    1900     128.0151
    1901     126.0161
    1902     130.1853
    1903     133.6557
    1904     130.5902
    1905     131.5084
    1906     127.0086
    1907     130.0626
    1908     133.4707
    1909     131.7186
    1910     129.7663
    1911     129.7067
    1912     129.6482
    1913     131.5431
    1914     125.9636
    1915     124.1193
    1916     125.6462
    1917     128.8361
    1918     133.3487
    1919     133.8066
    1920     132.7500
    1921     129.5277
    1922     130.7275
    1923     133.0658
    1924     128.4506
    1925     131.7721
    1926     133.2310
    1927     136.9691
    1928     135.4804
    1929     132.3422
    1930     137.0251
    1931     137.9739
    1932     136.5972
    1933     140.3772
    1934     135.7165
    1935     132.1295
    1936     132.8538
    1937     134.0294
    1938     131.4551
    1939     134.6723
    1940     136.7093
    1941     131.5141
    1942     127.2811
    1943     124.7253
    1944     129.8169
    1945     133.6509
    1946     130.7447
    1947     126.4738
    1948     132.1030
    1949     126.6713
    1950     126.0569
    1951     131.3321
    1952     129.2814
    1953     134.2514
    1954     138.0363
    1955     130.2385
    1956     134.6193
    1957     133.9155
    1958     137.1650
    1959     137.7703
    1960     136.8173
    1961     133.6735
    1962     135.3697
    1963     135.0734
    1964     134.2087
    1965     132.3528
    1966     138.8014
    1967     134.6459
    1968     134.3954
    1969     132.6246
    1970     130.4309
    1971     134.6266
    1972     135.4064
    1973     139.8203
    1974     139.1155
    1975     136.2322
    1976     135.9683
    1977     130.8609
    1978     130.6956
    1979     133.2071
    1980     134.4912
    1981     132.7790
    1982     133.7800
    1983     135.7128
    1984     135.3578
    1985     134.5635
    1986     128.7395
    1987     129.2884
    1988     128.6799
    1989     134.9184
    1990     134.5338
    1991     133.8384
    1992     137.1004
    1993     132.6666
    1994     129.4208
    1995     132.1298
    1996     129.2966
    1997     134.7446
    1998     138.2436
    1999     134.1205
    2000     128.6291
    2001     128.4860
    2002     134.4923
    2003     132.1439
    2004     138.3720
    2005     137.1675
    2006     133.9665
    2007     134.5808
    2008     136.3675
    2009     141.9665
    2010     139.2581
    2011     138.4224
    2012     137.3473
    2013     137.9092
    2014     137.8329
    2015     135.8895
    2016     130.1995
    2017     132.1259
    2018     134.7145
    2019     132.1667
    2020     130.2599
    2021     131.1912
    2022     123.5366
    2023     126.1222
    2024     127.4311
    2025     123.7577
    2026     133.0196
    2027     134.7064
    2028     128.2903
    2029     127.8847
    2030     133.4115
    2031     132.9045
    2032     134.5426
    2033     137.0932
    2034     139.9799
    2035     136.8159
    2036     140.0348
    2037     131.6818
    2038     133.0964
    2039     131.1055
    2040     133.1922
    2041     128.6256
    2042     126.0408
    2043     133.8394
    2044     128.5528
    2045     131.0258
    2046     137.1323
    2047     138.1128
    2048     135.1838
    2049     129.4434
    2050     130.0708
    2051     129.5077
    2052     127.4682
    2053     125.5158
    2054     126.4497
    2055     122.0088
    2056     128.1360
    2057     127.5484
    2058     132.8024
    2059     126.8490
    2060     131.8769
    2061     125.8296
    2062     121.8235
    2063     123.5820
    2064     126.6180
    2065     124.8434
    2066     126.9677
    2067     127.3937
    2068     137.1671
    2069     134.1594
    2070     136.9107
    2071     130.3843
    2072     127.1616
    2073     127.5798
    2074     131.1699
    2075     129.3739
    2076     125.9170
    2077     130.1151
    2078     133.8308
    2079     130.6922
    2080     132.0552
    2081     130.9643
    2082     131.2885
    2083     137.1724
    2084     138.1568
    2085     133.8455
    2086     135.0827
    2087     138.9850
    2088     133.3009
    2089     135.6876
    2090     134.2239
    2091     133.7606
    2092     134.2854
    2093     135.6751
    2094     134.8493
    2095     135.4750
    2096     137.4220
    2097     139.4810
    2098     140.2018
    2099     137.1018
    2100     136.7693
    2101     134.3406
    2102     130.1531
    2103     133.5604
    2104     130.0352
    2105     137.1482
    2106     132.6968
    2107     133.2290
    2108     130.9974
    2109     136.3720
    2110     134.9152
    2111     134.7096
    2112     136.5283
    2113     133.4906
    2114     136.8543
    2115     135.2967
    2116     132.5898
    2117     138.7692
    2118     134.9130
    2119     130.9929
    2120     127.7468
    2121     128.5840
    2122     136.7964
    2123     135.5932
    2124     142.0766
    2125     138.6926
    2126     137.7957
    2127     139.7161
    2128     139.4516
    2129     133.3038
    2130     136.1990
    2131     132.0078
    2132     133.8976
    2133     132.3956
    2134     131.0129
    2135     127.6984
    2136     132.9974
    2137     131.8690
    2138     130.3541
    2139     137.8057
    2140     138.3593
    2141     136.0206
    2142     132.6510
    2143     131.7919
    2144     140.0761
    2145     136.9230
    2146     137.1875
    2147     133.1560
    2148     132.1292
    2149     133.9975
    2150     132.4256
    2151     137.9043
    2152     135.0185
    2153     136.2532
    2154     135.5469
    2155     135.2833
    2156     128.3634
    2157     134.5901
    2158     135.8634
    2159     131.3761
    2160     133.9961
    2161     130.2249
    2162     132.6031
    2163     131.8787
    2164     135.0481
    2165     137.8814
    2166     141.7344
    2167     134.4411
    2168     132.0255
    2169     134.4246
    2170     133.6298
    2171     131.4250
    2172     130.2411
    2173     134.8016
    2174     131.7461
    2175     132.6951
    2176     128.0083
    2177     129.5033
    2178     128.1351
    2179     127.5759
    2180     135.8690
    2181     129.2174
    2182     129.7403
    2183     132.7886
    2184     135.8134
    2185     137.3257
    2186     128.8901
    2187     135.6122
    2188     133.4109
    2189     134.9852
    2190     134.3354
    2191     133.1687
    2192     135.2892
    2193     136.2214
    2194     133.8280
    2195     128.5382
    2196     129.2303
    2197     134.3788
    2198     134.6540
    2199     132.2889
    2200     134.1786
    2201     134.8806
    2202     136.6406
    2203     126.5492
    2204     128.8242
    2205     132.6937
    2206     131.7090
    2207     128.1378
    2208     130.0404
    2209     128.8465
    2210     129.0425
    2211     128.7110
    2212     131.2205
    2213     129.1409
    2214     125.6599
    2215     123.7076
    2216     123.0771
    2217     121.1230
    2218     125.4892
    2219     125.6880
    2220     127.3876
    2221     127.5111
    2222     134.3001
    2223     132.6356
    2224     130.4040
    2225     129.2586
    2226     132.6258
    2227     128.0151
    2228     126.7506
    2229     128.2484
    2230     129.9538
    2231     127.7405
    2232     127.1568
    2233     131.2021
    2234     128.9738
    2235     127.9883
    2236     131.8043
    2237     124.9933
    2238     129.4428
    2239     135.3115
    2240     132.5969
    2241     131.5926
    2242     133.8032
    2243     133.1915
    2244     140.1671
    2245     137.5592
    2246     137.4531
    2247     136.3507
    2248     139.9190
    2249     138.5309
    2250     140.5162
    2251     139.3755
    2252     135.2899
    2253     136.8882
    2254     134.8923
    2255     137.9857
    2256     135.4911
    2257     134.7254
    2258     135.0695
    2259     133.8841
    2260     131.0436
    2261     135.6170
    2262     135.5831
    2263     137.9689
    2264     136.8081
    2265     138.5556
    2266     133.4488
    2267     131.2760
    2268     136.1598
    2269     141.0329
    2270     139.0289
    2271     143.7689
    2272     141.4967
    2273     137.1174
    2274     137.6839
    2275     136.3708
    2276     133.0800
    2277     135.7364
    2278     142.4251
    2279     138.4974
    2280     138.1737
    2281     133.6366
    2282     135.5169
    2283     131.9352
    2284     134.5928
    2285     136.1238
    2286     137.4764
    2287     138.9332
    2288     134.8991
    2289     138.5265
    2290     133.8066
    2291     130.6004
    2292     134.9439
    2293     131.2529
    2294     132.0046
    2295     135.0333
    2296     130.0651
    2297     131.8761
    2298     131.1417
    2299     133.2771
    2300     130.7639
    2301     129.4744
    2302     134.4953
    2303     132.0426
    2304     136.9312
    2305     133.6108
    2306     131.0881
    2307     125.8384
    2308     129.7528
    2309     132.6961
    2310     131.1578
    2311     127.0445
    2312     126.5666
    2313     128.3183
    2314     129.0962
    2315     128.2111
    2316     129.5583
    2317     134.3002
    2318     130.9192
    2319     132.0187
    2320     129.9751
    2321     132.5611
    2322     130.9915
    2323     132.2593
    2324     130.1208
    2325     131.2576
    2326     133.0511
    2327     130.0728
    2328     130.3517
    2329     135.3395
    2330     131.0754
    2331     131.5991
    2332     133.2259
    2333     130.4817
    2334     130.2477
    2335     129.2157
    2336     120.6068
    2337     124.0617
    2338     127.1977
    2339     126.9161
    2340     128.6498
    2341     128.6469
    2342     131.8658
    2343     130.7022
    2344     129.9177
    2345     131.0051
    2346     133.3286
    2347     133.3543
    2348     128.5440
    2349     129.5449
    2350     132.2063
    2351     126.5565
    2352     124.4773
    2353     122.3059
    2354     128.1927
    2355     128.8303
    2356     126.5483
    2357     133.9321
    2358     129.1719
    2359     131.8876
    2360     136.8704
    2361     133.9906
    2362     137.9245
    2363     130.6272
    2364     128.8991
    2365     131.4040
    2366     130.1921
    2367     129.8576
    2368     129.6802
    2369     130.6916
    2370     130.1128
    2371     132.0432
    2372     136.4703
    2373     132.0015
    2374     132.5365
    2375     133.5154
    2376     136.9566
    2377     137.1992
    2378     128.7237
    2379     128.4706
    2380     130.6833
    2381     127.4290
    2382     130.3713
    2383     131.8827
    2384     129.9570
    2385     127.0201
    2386     127.5876
    2387     126.0012
    2388     130.0424
    2389     131.7553
    2390     130.4190
    2391     132.9052
    2392     131.5921
    2393     134.1501
    2394     128.3158
    2395     125.6113
    2396     126.1446
    2397     128.3129
    2398     129.3141
    2399     129.4738
    2400     126.7499
    2401     129.6452
    2402     126.1612
    2403     126.6698
    2404     125.2683
    2405     127.1107
    2406     127.1419
    2407     129.1506
    2408     122.4250
    2409     128.1543
    2410     125.4733
    2411     125.6509
    2412     121.9786
    2413     126.2685
    2414     126.2427
    2415     125.3689
    2416     121.7696
    2417     132.6882
    2418     129.8844
    2419     129.2400
    2420     131.6731
    2421     127.3821
    2422     127.3766
    2423     131.0290
    2424     132.3810
    2425     135.3029
    2426     128.6861
    2427     129.6101
    2428     132.1274
    2429     133.4395
    2430     135.7483
    2431     135.7739
    2432     139.0845
    2433     138.8555
    2434     137.3468
    2435     132.3594
    2436     131.7160
    2437     136.2301
    2438     135.4470
    2439     134.1279
    2440     135.5914
    2441     133.2246
    2442     135.7850
    2443     134.3951
    2444     128.7541
    2445     131.0408
    2446     134.0549
    2447     136.3691
    2448     135.9565
    2449     135.1790
    2450     135.2346
    2451     133.9892
    2452     130.8587
    2453     133.8356
    2454     139.4461
    2455     139.2663
    2456     140.0410
    2457     137.1744
    2458     139.3207
    2459     141.2456
    2460     135.7939
    2461     137.4644
    2462     139.6039
    2463     141.2201
    2464     138.0017
    2465     128.3034
    2466     127.3575
    2467     128.1472
    2468     128.2775
    2469     131.1154
    2470     134.2288
    2471     135.0848
    2472     136.7070
    2473     137.1747
    2474     136.3527
    2475     133.7600
    2476     133.7677
    2477     133.7514
    2478     132.5626
    2479     134.6615
    2480     132.3996
    2481     135.6812
    2482     132.9350
    2483     136.3175
    2484     135.5899
    2485     132.8430
    2486     132.6648
    2487     128.6579
    2488     128.4747
    2489     128.2481
    2490     130.9462
    2491     129.3146
    2492     131.2009
    2493     130.9052
    2494     131.2415
    2495     131.1157
    2496     135.4182
    2497     138.1710
    2498     133.1264
    2499     135.5228
    2500     134.6332
    2501     137.4307
    2502     129.8137
    2503     129.8675
    2504     129.0659
    2505     134.0863
    2506     133.8171
    2507     134.8582
    2508     131.4318
    2509     132.7743
    2510     136.9120
    2511     133.1658
    2512     135.2800
    2513     132.7489
    2514     126.3689
    2515     133.2652
    2516     135.7644
    2517     134.5987
    2518     129.1875
    2519     128.4426
    2520     130.2782
    2521     133.4910
    2522     129.5207
    2523     134.7642
    2524     131.2626
    2525     134.4828
    2526     136.5752
    2527     132.7170
    2528     129.1432
    2529     133.7168
    2530     133.4045
    2531     128.5854
    2532     131.2089
    2533     130.1595
    2534     133.2347
    2535     129.5337
    2536     129.6769
    2537     133.5674
    2538     129.8166
    2539     131.0784
    2540     131.6737
    2541     129.1946
    2542     132.0306
    2543     132.4733
    2544     133.2697
    2545     126.4012
    2546     126.1099
    2547     126.2791
    2548     127.2305
    2549     127.7217
    2550     124.7131
    2551     125.6592
    2552     130.1195
    2553     124.5420
    2554     122.6810
    2555     129.9565
    2556     122.7657
    2557     125.8124
    2558     120.4140
    2559     126.3742
    2560     120.5454
    2561     116.4077
    2562     121.0141
    2563     120.9119
    2564     126.0521
    2565     123.2498
    2566     122.9734
    2567     126.6110
    2568     124.7890
    2569     124.1084
    2570     124.4967
    2571     122.0254
    2572     122.7377
    2573     121.9412
    2574     121.8423
    2575     123.1359
    2576     123.8167
    2577     121.6957
    2578     124.3350
    2579     129.6435
    2580     127.0841
    2581     123.0149
    2582     124.3762
    2583     129.5458
    2584     127.7310
    2585     114.1517
    2586     116.0768
    2587     118.4995
    2588     117.5593
    2589     120.5713
    2590     121.3534
    2591     120.2596
    2592     122.6505
    2593     123.7296
    2594     123.2897
    2595     130.4698
    2596     125.2866
    2597     123.0100
    2598     127.2005
    2599     125.3280
    2600     125.7870
    2601     129.4691
    2602     123.9158
    2603     120.8117
    2604     120.6945
    2605     117.1292
    2606     118.8978
    2607     121.3641
    2608     125.3505
    2609     127.7468
    2610     123.8989
    2611     126.9594
    2612     123.1675
    2613     119.1275
    2614     119.6932
    2615     121.7568
    2616     118.9774
    2617     121.4119
    2618     123.9488
    2619     125.5196
    2620     125.7202
    2621     124.0019
    2622     127.3122
    2623     127.8595
    2624     129.3837
    2625     134.5079
    2626     133.9430
    2627     129.2203
    2628     128.9993
    2629     132.0605
    2630     125.7006
    2631     128.2227
    2632     127.9779
    2633     124.6321
    2634     123.3345
    2635     127.4925
    2636     124.8160
    2637     124.7067
    2638     129.6444
    2639     127.0907
    2640     125.5763
    2641     124.0349
    2642     132.9110
    2643     122.7921
    2644     132.2677
    2645     130.1736
    2646     134.7478
    2647     129.2791
    2648     130.4056
    2649     131.8377
    2650     123.2039
    2651     128.7831
    2652     127.5203
    2653     132.1813
    2654     134.6052
    2655     137.2046
    2656     139.1841
    2657     134.8306
    2658     136.1218
    2659     130.5791
    2660     135.2762
    2661     130.2481
    2662     136.3031
    2663     130.5217
    2664     131.7908
    2665     131.0089
    2666     129.0847
    2667     124.3919
    2668     124.9156
    2669     130.9693
    2670     130.6307
    2671     124.2478
    2672     129.4504
    2673     129.1816
    2674     125.0452
    2675     120.9347
    2676     123.3896
    2677     127.9332
    2678     123.2522
    2679     124.5768
    2680     125.7716
    2681     122.5602
    2682     125.0240
    2683     124.7391
    2684     129.0706
    2685     128.9760
    2686     130.2186
    2687     129.8039
    2688     129.3613
    2689     124.1815
    2690     123.1522
    2691     124.1900
    2692     128.1521
    2693     133.2259
    2694     135.2578
    2695     133.5847
    2696     134.4698
    2697     131.0136
    2698     129.3880
    2699     126.5974
    2700     128.6944
    2701     127.1604
    2702     123.4524
    2703     125.6175
    2704     127.4351
    2705     126.9756
    2706     130.5784
    2707     124.2927
    2708     127.5459
    2709     127.5872
    2710     126.4802
    2711     132.0093
    2712     126.9041
    2713     128.2452
    2714     128.4413
    2715     123.5260
    2716     124.9041
    2717     124.5746
    2718     120.0294
    2719     119.7125
    2720     122.4871
    2721     125.4009
    2722     132.2828
    2723     128.2725
    2724     124.5995
    2725     121.6415
    2726     127.1491
    2727     123.9258
    2728     125.7574
    2729     130.5911
    2730     133.1879
    2731     132.9281
    2732     129.9380
    2733     124.8467
    2734     131.8842
    2735     129.1899
    2736     123.5129
    2737     116.8731
    2738     124.5476
    2739     125.9827
    2740     124.9918
    2741     129.3045
    2742     131.9564
    2743     124.4620
    2744     125.7394
    2745     125.6098
    2746     126.5687
    2747     128.0107
    2748     122.4633
    2749     123.7788
    2750     128.1976
    2751     125.2352
    2752     122.8171
    2753     132.0181
    2754     138.6562
    2755     137.2884
    2756     131.4871
    2757     132.1172
    2758     130.3323
    2759     129.8017
    2760     125.4913
    2761     131.1072
    2762     129.8966
    2763     131.0947
    2764     128.7772
    2765     125.2641
    2766     127.0195
    2767     125.2300
    2768     124.6245
    2769     119.7838
    2770     125.1079
    2771     129.0535
    2772     125.5862
    2773     127.5924
    2774     130.0200
    2775     130.0692
    2776     128.8306
    2777     124.7527
    2778     124.7966
    2779     125.7427
    2780     121.5918
    2781     125.9789
    2782     121.5142
    2783     122.7169
    2784     118.1871
    2785     122.3512
    2786     128.2821
    2787     128.3270
    2788     127.2498
    2789     125.2002
    2790     124.5572
    2791     118.3034
    2792     119.7859
    2793     119.2418
    2794     115.5546
    2795     119.0536
    2796     125.7920
    2797     124.1326
    2798     128.8136
    2799     128.7197
    2800     129.4481
    2801     127.3441
    2802     129.8900
    2803     130.5410
    2804     130.0005
    2805     126.0945
    2806     128.7886
    2807     126.1181
    2808     126.1566
    2809     125.5304
    2810     125.5026
    2811     122.8363
    2812     123.2010
    2813     122.1949
    2814     118.3279
    2815     119.1057
    2816     122.1397
    2817     121.2569
    2818     115.1637
    2819     110.9156
    2820     116.1668
    2821     124.0620
    2822     122.2185
    2823     123.5492
    2824     124.2420
    2825     125.7165
    2826     119.7269
    2827     121.1908
    2828     120.5414
    2829     119.1688
    2830     115.5740
    2831     116.7341
    2832     116.8960
    2833     116.0485
    2834     117.0283
    2835     114.7871
    2836     114.8014
    2837     110.9645
    2838     115.9432
    2839     118.8715
    2840     120.7744
    2841     121.7481
    2842     119.4680
    2843     123.5602
    2844     128.6999
    2845     122.5143
    2846     125.4612
    2847     128.5522
    2848     129.4014
    2849     131.7985
    2850     131.6183
    2851     133.1774
    2852     134.9894
    2853     132.4489
    2854     127.3336
    2855     130.1300
    2856     123.5385
    2857     123.1687
    2858     118.1311
    2859     128.8573
    2860     125.1748
    2861     127.1100
    2862     127.3987
    2863     124.6316
    2864     123.3073
    2865     123.5612
    2866     124.1565
    2867     126.2302
    2868     125.7767
    2869     126.3094
    2870     129.5953
    2871     129.9740
    2872     128.3763
    2873     123.4349
    2874     119.3786
    2875     119.0114
    2876     115.9842
    2877     117.7738
    2878     121.4617
    2879     125.2606
    2880     129.3502
    2881     125.2972
    2882     128.6477
    2883     131.5094
    2884     126.4735
    2885     125.0131
    2886     128.9860
    2887     124.3656
    2888     122.1021
    2889     131.1600
    2890     128.9373
    2891     128.4422
    2892     129.0929
    2893     129.9101
    2894     126.5910
    2895     125.9504
    2896     126.0000
    2897     122.9826
    2898     119.5253
    2899     115.7433
    2900     122.8435
    2901     122.9504
    2902     131.6629
    2903     122.5551
    2904     121.9530
    2905     126.1916
    2906     127.4494
    2907     125.0048
    2908     127.6268
    2909     124.3291
    2910     122.7245
    2911     126.6139
    2912     127.7362
    2913     125.5455
    2914     121.8605
    2915     120.3591
    2916     122.2541
    2917     122.8687
    2918     122.1274
    2919     123.4896
    2920     124.9882
    2921     119.0462
    2922     121.3691
    2923     119.9675
    2924     124.8299
    2925     120.8247
    2926     119.1324
    2927     124.6293
    2928     126.0541
    2929     122.7550
    2930     119.4080
    2931     123.5729
    2932     125.1970
    2933     123.5766
    2934     124.3643
    2935     121.7812
    2936     127.6318
    2937     125.7453
    2938     125.7520
    2939     124.7612
    2940     125.3203
    2941     126.1179
    2942     125.8778
    2943     124.9530
    2944     121.1450
    2945     121.0389
    2946     114.8942
    2947     119.8191
    2948     117.3005
    2949     120.5545
    2950     123.6397
    2951     122.8620
    2952     122.7962
    2953     125.2983
    2954     126.3824
    2955     125.8361
    2956     124.4139
    2957     121.7279
    2958     126.6302
    2959     125.8392
    2960     133.2501
    2961     131.3189
    2962     129.6948
    2963     128.7235
    2964     128.1489
    2965     126.1716
    2966     125.5677
    2967     121.9263
    2968     120.9735
    2969     125.1205
    2970     124.9050
    2971     124.9879
    2972     130.0532
    2973     125.1077
    2974     129.8930
    2975     125.1510
    2976     125.3721
    2977     122.4948
    2978     122.5995
    2979     128.5447
    2980     127.7084
    2981     130.0336
    2982     130.6592
    2983     129.8434
    2984     133.5209
    2985     130.3587
    2986     133.4143
    2987     129.6437
    2988     126.4078
    2989     128.4484
    2990     125.7914
    2991     126.5662
    2992     129.6503
    2993     127.1343
    2994     130.3707
    2995     135.1477
    2996     133.2310
    2997     128.6858
    2998     127.7974
    2999     130.8980
    3000     124.1578
    3001     124.9977
    3002     124.1623
    3003     125.5118
    3004     128.9270
    3005     128.2509
    3006     130.9468
    3007     128.7747
    3008     130.4601
    3009     130.3977
    3010     127.2251
    3011     132.2259
    3012     133.5730
    3013     128.1247
    3014     130.8842
    3015     127.5562
    3016     128.3351
    3017     128.7439
    3018     122.1307
    3019     122.5509
    3020     123.0856
    3021     122.1162
    3022     125.4266
    3023     127.6535
    3024     125.4000
    3025     127.0699
    3026     128.2373
    3027     123.2823
    3028     129.4820
    3029     119.3630
    3030     121.1019
    3031     125.7906
    3032     120.7915
    3033     125.6742
    3034     125.8082
    3035     126.2758
    3036     126.1427
    3037     126.1982
    3038     122.3505
    3039     122.0895
    3040     129.4994
    3041     128.1105
    3042     132.6241
    3043     133.4519
    3044     130.9693
    3045     128.9685
    3046     129.6560
    3047     129.2589
    3048     133.9586
    3049     129.2236
    3050     129.1429
    3051     128.2224
    3052     130.8273
    3053     128.5991
    3054     130.3075
    3055     131.7606
    3056     128.0132
    3057     124.0127
    3058     130.3758
    3059     128.3061
    3060     126.3401
    3061     125.1466
    3062     121.9142
    3063     123.6350
    3064     127.7276
    3065     127.2694
    3066     132.7533
    3067     122.0024
    3068     125.3774
    3069     122.5548
    3070     127.2051
    3071     125.1951
    3072     130.2493
    3073     127.1547
    3074     124.2633
    3075     128.1320
    3076     125.0414
    3077     124.3316
    3078     129.3235
    3079     129.5892
    3080     131.4457
    3081     134.6733
    3082     130.4509
    3083     127.5017
    3084     130.4596
    3085     134.0019
    3086     134.6067
    3087     133.9727
    3088     136.5751
    3089     133.1234
    3090     132.9020
    3091     130.8648
    3092     133.4325
    3093     136.2033
    3094     135.1040
    3095     134.1872
    3096     129.8559
    3097     130.2211
    3098     131.5837
    3099     129.9688
    3100     128.9241
    3101     130.2648
    3102     129.2380
    3103     127.8614
    3104     126.3126
    3105     120.0966
    3106     120.7642
    3107     122.0526
    3108     121.7435
    3109     125.1197
    3110     120.0190
    3111     119.0525
    3112     123.4175
    3113     122.5230
    3114     119.2669
    3115     117.8672
    3116     123.0065
    3117     127.5630
    3118     122.6790
    3119     120.4317
    3120     125.0975
    3121     118.0910
    3122     120.3824
    3123     120.4654
    3124     120.4924
    3125     113.0034
    3126     120.0620
    3127     129.6285
    3128     128.0037
    3129     126.0444
    3130     122.3642
    3131     128.2869
    3132     126.5290
    3133     126.4224
    3134     124.6453
    3135     121.9417
    3136     131.6040
    3137     130.2836
    3138     128.9607
    3139     129.5385
    3140     128.0422
    3141     124.9322
    3142     120.9673
    3143     116.5188
    3144     124.5613
    3145     125.3342
    3146     126.4810
    3147     122.5135
    3148     123.4724
    3149     121.9946
    3150     127.4563
    3151     131.0349
    3152     128.9458
    3153     123.5296
    3154     119.7871
    3155     115.9016
    3156     116.3979
    3157     115.3231
    3158     120.2912
    3159     119.8522
    3160     121.6689
    3161     117.8952
    3162     118.9340
    3163     116.3578
    3164     115.5147
    3165     116.4303
    3166     119.3969
    3167     122.8197
    3168     122.0656
    3169     121.9227
    3170     119.2723
    3171     120.9319
    3172     122.5811
    3173     118.4977
    3174     119.0263
    3175     121.9383
    3176     127.1950
    3177     127.9704
    3178     127.8044
    3179     127.5828
    3180     127.0322
    3181     129.2587
    3182     128.1119
    3183     127.6076
    3184     129.7654
    3185     129.4095
    3186     130.4760
    3187     130.5066
    3188     129.0629
    3189     126.8398
    3190     125.0762
    3191     126.4731
    3192     124.2378
    3193     121.7260
    3194     126.6015
    3195     126.0642
    3196     121.7529
    3197     123.4837
    3198     125.3314
    3199     121.9626
    3200     122.4659
    3201     124.2433
    3202     125.2372
    3203     131.0209
    3204     126.4651
    3205     128.3611
    3206     130.4656
    3207     133.1698
    3208     129.8856
    3209     126.0638
    3210     123.8213
    3211     125.7320
    3212     128.0644
    3213     127.1678
    3214     128.5175
    3215     130.5643
    3216     130.7811
    3217     131.8533
    3218     129.7756
    3219     123.7598
    3220     126.1688
    3221     123.9487
    3222     126.0039
    3223     128.0068
    3224     124.5197
    3225     122.7643
    3226     121.4180
    3227     121.1727
    3228     128.1798
    3229     127.5655
    3230     124.4345
    3231     127.7432
    3232     123.8606
    3233     126.9199
    3234     127.0809
    3235     126.0219
    3236     130.1550
    3237     127.2602
    3238     130.0940
    3239     123.5782
    3240     125.1200
    3241     126.4485
    3242     124.0543
    3243     131.3026
    3244     134.3959
    3245     129.1755
    3246     133.1199
    3247     132.6908
    3248     131.4649
    3249     124.4656
    3250     131.2329
    3251     129.8507
    3252     129.9417
    3253     128.1686
    3254     126.2717
    3255     125.0170
    3256     125.2069
    3257     122.2453
    3258     122.2952
    3259     122.7803
    3260     120.6518
    3261     118.4329
    3262     117.8856
    3263     119.6572
    3264     128.7597
    3265     133.9927
    3266     132.8461
    3267     129.7791
    3268     122.7522
    3269     123.8369
    3270     119.4315
    3271     121.0010
    3272     124.6638
    3273     123.2825
    3274     125.2697
    3275     123.1321
    3276     126.1479
    3277     122.6625
    3278     124.7908
    3279     128.2290
    3280     126.5495
    3281     123.8258
    3282     121.9813
    3283     127.1815
    3284     130.7393
    3285     131.4827
    3286     127.1152
    3287     133.2698
    3288     128.0838
    3289     126.1595
    3290     131.7792
    3291     132.3528
    3292     131.3634
    3293     134.4234
    3294     131.1328
    3295     128.3391
    3296     124.5893
    3297     130.3029
    3298     131.8817
    3299     129.0782
    3300     129.1511
    3301     125.5552
    3302     133.0680
    3303     129.0830
    3304     132.4544
    3305     122.8911
    3306     125.3963
    3307     124.7749
    3308     122.7904
    3309     128.4816
    3310     130.1191
    3311     125.4124
    3312     122.5941
    3313     124.9004
    3314     126.4433
    3315     125.8533
    3316     121.5748
    3317     114.9610
    3318     122.2853
    3319     122.8020
    3320     120.1992
    3321     114.6451
    3322     123.5154
    3323     123.7573
    3324     125.0587
    3325     126.8935
    3326     120.2434
    3327     125.0004
    3328     122.6364
    3329     122.4171
    3330     122.9024
    3331     121.8797
    3332     117.6317
    3333     122.1116
    3334     125.2139
    3335     128.3043
    3336     127.4870
    3337     128.8234
    3338     126.6462
    3339     127.1433
    3340     123.7504
    3341     127.0319
    3342     126.3780
    3343     122.1322
    3344     125.0995
    3345     123.2520
    3346     129.1412
    3347     127.9585
    3348     126.6100
    3349     126.5158
    3350     123.5218
    3351     127.5608
    3352     128.7112
    3353     127.1771
    3354     130.1674
    3355     128.1571
    3356     133.7768
    3357     126.7032
    3358     127.1109
    3359     126.7577
    3360     130.1050
    3361     126.8985
    3362     130.5773
    3363     129.6674
    3364     127.2090
    3365     131.6813
    3366     128.6750
    3367     126.8785
    3368     131.8342
    3369     133.9994
    3370     131.9642
    3371     127.5519
    3372     122.1088
    3373     129.7822
    3374     126.8664
    3375     125.6183
    3376     119.8734
    3377     118.4085
    3378     118.0703
    3379     125.3759
    3380     126.8657
    3381     132.2664
    3382     132.9004
    3383     128.1676
    3384     129.0168
    3385     123.7521
    3386     123.3219
    3387     126.6423
    3388     130.1336
    3389     131.1965
    3390     124.3510
    3391     122.9677
    3392     125.1307
    3393     127.8658
    3394     129.9295
    3395     124.9877
    3396     124.3838
    3397     122.9463
    3398     129.4747
    3399     124.8736
    3400     120.5694
    3401     120.2768
    3402     125.4671
    3403     124.5886
    3404     123.6676
    3405     119.2170
    3406     123.0270
    3407     122.2814
    3408     124.0995
    3409     125.5454
    3410     125.7308
    3411     128.4688
    3412     126.0602
    3413     124.3309
    3414     122.2842
    3415     125.7040
    3416     124.8929
    3417     126.0168
    3418     125.4624
    3419     128.9898
    3420     127.7146
    3421     129.7944
    3422     128.3541
    3423     128.1853
    3424     129.5753
    3425     130.4941
    3426     131.4695
    3427     130.9588
    3428     127.5900
    3429     121.6898
    3430     120.9901
    3431     123.0144
    3432     119.9218
    3433     123.3812
    3434     124.4564
    3435     123.8880
    3436     124.1127
    3437     124.9558
    3438     122.1790
    3439     120.3710
    3440     126.3762
    3441     124.7378
    3442     126.6867
    3443     125.8577
    3444     130.5853
    3445     129.6715
    3446     125.5264
    3447     123.4090
    3448     128.5291
    3449     126.0370
    3450     128.9679
    3451     134.3364
    3452     133.0668
    3453     128.4029
    3454     129.1246
    3455     129.9379
    3456     129.6985
    3457     130.9471
    3458     132.2350
    3459     128.5099
    3460     128.8708
    3461     129.4699
    3462     125.8829
    3463     125.8024
    3464     125.6030
    3465     129.9084
    3466     127.3950
    3467     125.4113
    3468     127.9557
    3469     135.1223
    3470     125.5718
    3471     127.1701
    3472     130.7491
    3473     129.0476
    3474     127.7718
    3475     129.8136
    3476     126.0837
    3477     125.0880
    3478     123.3519
    3479     118.0547
    3480     121.9955
    3481     120.0517
    3482     121.0276
    3483     122.3165
    3484     124.3830
    3485     119.5382
    3486     118.5411
    3487     120.7911
    3488     124.9501
    3489     129.7727
    3490     134.8399
    3491     129.5289
    3492     129.2355
    3493     130.0163
    3494     127.6794
    3495     129.1189
    3496     127.3854
    3497     123.6811
    3498     130.9066
    3499     128.2568
    3500     127.6302
    3501     130.3257
    3502     131.0845
    3503     128.2986
    3504     130.3909
    3505     129.9080
    3506     128.8454
    3507     133.1178
    3508     130.7809
    3509     128.7994
    3510     131.3400
    3511     131.7915
    3512     136.8417
    3513     136.7725
    3514     137.3216
    3515     129.4397
    3516     137.2348
    3517     140.6686
    3518     131.6115
    3519     136.2469
    3520     136.7818
    3521     133.4735
    3522     135.8269
    3523     136.8341
    3524     138.3344
    3525     136.5448
    3526     131.3539
    3527     134.1849
    3528     131.2817
    3529     129.4914
    3530     126.0539
    3531     128.3231
    3532     134.6892
    3533     132.9606
    3534     137.8224
    3535     137.3703
    3536     126.9342
    3537     125.1925
    3538     123.9168
    3539     125.7744
    3540     126.9826
    3541     123.3661
    3542     127.5219
    3543     122.6345
    3544     128.1393
    3545     126.1413
    3546     127.4195
    3547     124.9196
    3548     131.8245
    3549     133.4631
    3550     129.5455
    3551     134.4972
    3552     132.5968
    3553     132.0965
    3554     129.1376
    3555     130.2156
    3556     131.2160
    3557     132.5218
    3558     130.6929
    3559     128.8502
    3560     131.8184
    3561     133.7173
    3562     131.2037
    3563     131.1524
    3564     134.7656
    3565     135.3127
    3566     133.3636
    3567     132.3197
    3568     130.5636
    3569     133.5234
    3570     134.4222
    3571     131.4920
    3572     130.0302
    3573     124.9082
    3574     130.2071
    3575     133.0357
    3576     131.5062
    3577     131.2435
    3578     132.1216
    3579     128.9857
    3580     129.6082
    3581     128.3169
    3582     128.6516
    3583     129.4487
    3584     128.7156
    3585     118.6172
    3586     121.0463
    3587     124.2879
    3588     122.6836
    3589     127.5105
    3590     127.1070
    3591     125.9937
    3592     122.9286
    3593     121.1520
    3594     120.5204
    3595     122.7335
    3596     126.2965
    3597     127.6320
    3598     121.2538
    3599     119.9039
    3600     121.1981
    3601     120.3495
    3602     121.5797
    3603     124.2463
    3604     130.5562
    3605     127.0172
    3606     128.6662
    3607     128.4690
    3608     128.0827
    3609     130.5890
    3610     130.6101
    3611     126.9650
    3612     128.8597
    3613     127.1016
    3614     130.5696
    3615     128.6854
    3616     125.1274
    3617     122.0821
    3618     120.7032
    3619     126.2102
    3620     125.1665
    3621     126.2729
    3622     127.7957
    3623     120.3254
    3624     119.7885
    3625     119.8161
    3626     120.7644
    3627     124.5988
    3628     122.1063
    3629     125.0968
    3630     122.9610
    3631     121.2221
    3632     117.1754
    3633     119.0548
    3634     114.1027
    3635     117.2376
    3636     118.8635
    3637     117.5787
    3638     122.0496
    3639     122.6067
    3640     121.7141
    3641     120.7514
    3642     128.1616
    3643     127.0471
    3644     125.5536
    3645     120.2672
    3646     123.2641
    3647     125.0034
    3648     128.5752
    3649     123.3797
    3650     123.0820
    3651     126.0993
    3652     126.4373
    3653     120.0408
    3654     123.2525
    3655     126.0702
    3656     126.7931
    3657     128.1473
    3658     125.5804
    3659     122.8274
    3660     124.1227
    3661     126.1603
    3662     122.4446
    3663     119.9812
    3664     120.4979
    3665     124.2245
    3666     123.6105
    3667     119.1660
    3668     122.1823
    3669     125.1694
    3670     127.0717
    3671     124.3168
    3672     128.2438
    3673     126.3343
    3674     128.8609
    3675     132.7129
    3676     127.1366
    3677     125.5351
    3678     127.0339
    3679     128.9506
    3680     130.2796
    3681     130.5152
    3682     132.1109
    3683     125.9097
    3684     130.7321
    3685     130.3829
    3686     125.6414
    3687     132.5255
    3688     125.8643
    3689     127.9231
    3690     127.7334
    3691     128.1360
    3692     126.2153
    3693     129.0494
    3694     125.1899
    3695     127.3643
    3696     126.2875
    3697     126.4393
    3698     127.7002
    3699     128.3132
    3700     127.7768
    3701     126.8275
    3702     132.6965
    3703     128.9287
    3704     129.2393
    3705     128.1264
    3706     125.4193
    3707     124.3248
    3708     128.5973
    3709     127.0875
    3710     118.7637
    3711     130.0376
    3712     134.9600
    3713     133.8097
    3714     131.3453
    3715     128.1648
    3716     133.9996
    3717     131.3621
    3718     129.4000
    3719     133.3507
    3720     133.0013
    3721     127.2886
    3722     132.2885
    3723     135.4567
    3724     131.4924
    3725     131.4222
    3726     122.5769
    3727     125.6582
    3728     129.3472
    3729     128.0765
    3730     131.2649
    3731     131.9947
    3732     131.7445
    3733     133.9886
    3734     132.5184
    3735     130.4692
    3736     125.1539
    3737     131.7670
    3738     129.5564
    3739     124.7087
    3740     125.3867
    3741     124.5345
    3742     130.8471
    3743     132.7240
    3744     133.3325
    3745     128.6264
    3746     129.9266
    3747     126.7246
    3748     127.8246
    3749     127.8904
    3750     130.8163
    3751     130.7711
    3752     125.7322
    3753     126.1792
    3754     130.1551
    3755     129.0097
    3756     127.8343
    3757     132.8164
    3758     135.0594
    3759     136.9093
    3760     132.2907
    3761     128.6894
    3762     130.1790
    3763     127.5607
    3764     126.7514
    3765     129.4271
    3766     130.0847
    3767     128.4526
    3768     131.5118
    3769     136.1367
    3770     136.4589
    3771     134.6237
    3772     136.3581
    3773     135.3215
    3774     133.0894
    3775     130.1345
    3776     130.8266
    3777     129.2092
    3778     127.7260
    3779     129.3694
    3780     128.2013
    3781     125.6441
    3782     128.3253
    3783     127.0588
    3784     120.1356
    3785     123.2185
    3786     123.3043
    3787     125.6506
    3788     122.1961
    3789     120.3120
    3790     123.1256
    3791     124.4360
    3792     122.8608
    3793     119.3922
    3794     116.5798
    3795     114.4932
    3796     122.2596
    3797     125.7087
    3798     126.1863
    3799     124.1740
    3800     122.3345
    3801     118.4715
    3802     123.2660
    3803     124.5980
    3804     126.9519
    3805     123.5873
    3806     123.9458
    3807     123.4840
    3808     126.2836
    3809     128.0970
    3810     124.1787
    3811     120.7387
    3812     124.7222
    3813     118.7048
    3814     113.1461
    3815     115.6460
    3816     114.0996
    3817     114.3648
    3818     118.2032
    3819     118.8489
    3820     121.8397
    3821     123.8426
    3822     129.4713
    3823     122.5226
    3824     123.5505
    3825     122.5703
    3826     122.5609
    3827     126.7099
    3828     125.8830
    3829     126.5928
    3830     130.4117
    3831     130.9982
    3832     132.7133
    3833     128.7709
    3834     131.0856
    3835     127.7595
    3836     132.3683
    3837     131.1241
    3838     130.1984
    3839     130.0868
    3840     128.3400
    3841     128.2946
    3842     128.8956
    3843     115.1749
    3844     117.6802
    3845     121.8826
    3846     118.9879
    3847     123.2534
    3848     119.6098
    3849     125.3045
    3850     124.5291
    3851     124.7882
    3852     121.0645
    3853     123.7907
    3854     124.1927
    3855     119.8322
    3856     122.2544
    3857     127.2442
    3858     131.2970
    3859     121.9290
    3860     122.3424
    3861     122.9788
    3862     121.7070
    3863     118.0505
    3864     118.3976
    3865     116.3862
    3866     112.3827
    3867     119.0866
    3868     119.1897
    3869     116.8257
    3870     125.2636
    3871     125.9650
    3872     130.4070
    3873     129.4218
    3874     130.3024
    3875     127.5108
    3876     129.0102
    3877     127.8406
    3878     127.7500
    3879     126.2544
    3880     123.9696
    3881     126.4866
    3882     128.7959
    3883     127.6180
    3884     126.4927
    3885     127.1003
    3886     125.3693
    3887     126.8381
    3888     124.8893
    3889     127.7977
    3890     123.6812
    3891     126.6022
    3892     120.1211
    3893     126.1251
    3894     131.5214
    3895     129.6424
    3896     127.3031
    3897     129.6812
    3898     128.4003
    3899     132.5141
    3900     128.5274
    3901     127.6042
    3902     127.9766
    3903     127.9442
    3904     129.8277
    3905     127.7384
    3906     123.5557
    3907     123.8720
    3908     123.8168
    3909     123.1889
    3910     122.8506
    3911     120.4197
    3912     123.6651
    3913     121.4477
    3914     119.5765
    3915     123.7584
    3916     125.5002
    3917     126.2408
    3918     126.6140
    3919     122.9910
    3920     121.6612
    3921     125.4291
    3922     124.6090
    3923     121.7894
    3924     127.3878
    3925     125.8799
    3926     123.2232
    3927     124.2990
    3928     129.9893
    3929     129.7025
    3930     128.7109
    3931     130.0230
    3932     126.7284
    3933     125.6131
    3934     125.1134
    3935     126.1850
    3936     125.1066
    3937     125.5275
    3938     124.0777
    3939     124.0970
    3940     128.0208
    3941     126.3095
    3942     123.6239
    3943     126.5578
    3944     121.4526
    3945     121.3784
    3946     123.0446
    3947     124.5159
    3948     127.9649
    3949     119.8217
    3950     119.7188
    3951     122.1632
    3952     120.4280
    3953     117.5033
    3954     117.4802
    3955     116.9037
    3956     117.4174
    3957     120.0929
    3958     123.0353
    3959     120.1512
    3960     120.9476
    3961     126.8616
    3962     122.9280
    3963     126.8360
    3964     122.6121
    3965     118.8797
    3966     121.2826
    3967     124.5692
    3968     120.6109
    3969     122.4421
    3970     128.9429
    3971     127.4712
    3972     130.5430
    3973     127.9140
    3974     126.4564
    3975     127.9996
    3976     125.4834
    3977     131.8793
    3978     129.7942
    3979     130.1764
    3980     125.5420
    3981     128.2360
    3982     126.5960
    3983     126.8541
    3984     127.5379
    3985     125.7759
    3986     123.1565
    3987     130.0625
    3988     124.3237
    3989     123.4960
    3990     123.0462
    3991     127.6589
    3992     131.8660
    3993     131.6101
    3994     130.2015
    3995     128.9519
    3996     125.0289
    3997     121.8579
    3998     129.0542
    3999     125.7199
    4000     120.9076
    4001     124.2456
    4002     126.3269
    4003     123.9326
    4004     126.3969
    4005     124.1464
    4006     120.4171
    4007     119.7510
    4008     129.9063
    4009     128.0595
    4010     128.7348
    4011     126.9126
    4012     122.6015
    4013     128.3544
    4014     128.0354
    4015     133.5004
    4016     136.2458
    4017     134.9348
    4018     133.2740
    4019     130.4555
    4020     128.9932
    4021     126.1741
    4022     127.3249
    4023     120.7550
    4024     119.6394
    4025     117.4994
    4026     119.9724
    4027     124.6693
    4028     118.9450
    4029     118.4725
    4030     118.1943
    4031     119.9043
    4032     119.5847
    4033     120.4424
    4034     121.2559
    4035     124.0135
    4036     121.5904
    4037     119.4509
    4038     119.7153
    4039     120.3862
    4040     121.6224
    4041     122.2046
    4042     119.3775
    4043     118.4386
    4044     122.2059
    4045     117.3406
    4046     122.7629
    4047     121.5973
    4048     122.7334
    4049     127.6303
    4050     122.4539
    4051     125.2731
    4052     128.7919
    4053     122.5248
    4054     122.6207
    4055     128.8591
    4056     126.3905
    4057     125.3811
    4058     127.0262
    4059     130.6988
    4060     126.8555
    4061     125.0668
    4062     125.7616
    4063     123.6228
    4064     128.3962
    4065     123.8382
    4066     122.7189
    4067     122.9354
    4068     128.8068
    4069     120.5554
    4070     125.1439
    4071     126.9943
    4072     129.3124
    4073     124.8672
    4074     125.8269
    4075     122.7419
    4076     123.7894
    4077     122.2869
    4078     117.6475
    4079     118.5405
    4080     120.9455
    4081     119.9114
    4082     121.3843
    4083     123.3372
    4084     123.7433
    4085     123.0261
    4086     123.9318
    4087     123.2892
    4088     124.9901
    4089     127.4141
    4090     127.5252
    4091     129.4966
    4092     131.8115
    4093     133.2926
    4094     131.0200
    4095     132.7844
    4096     131.2207
    4097     126.8967
    4098     129.7490
    4099     129.5152
    4100     123.6497
    4101     130.8584
    4102     129.0456
    4103     126.9196
    4104     118.8377
    4105     116.9045
    4106     118.6904
    4107     123.4239
    4108     123.5137
    4109     120.2951
    4110     125.5868
    4111     123.2104
    4112     122.5978
    4113     113.7713
    4114     115.7301
    4115     125.9412
    4116     123.2944
    4117     125.2628
    4118     118.5924
    4119     114.9221
    4120     125.2371
    4121     121.9270
    4122     122.9208
    4123     116.9661
    4124     115.9128
    4125     117.8084
    4126     116.6218
    4127     120.5908
    4128     115.2300
    4129     119.8719
    4130     117.5000
    4131     119.3503
    4132     120.4352
    4133     121.6346
    4134     122.0684
    4135     123.8316
    4136     127.2378
    4137     124.5680
    4138     121.1690
    4139     123.6545
    4140     123.8348
    4141     130.5178
    4142     125.7924
    4143     126.9730
    4144     125.5265
    4145     129.3437
    4146     128.3803
    4147     125.8086
    4148     124.8109
    4149     131.5656
    4150     132.1850
    4151     123.7143
    4152     122.7035
    4153     120.8728
    4154     125.2339
    4155     131.2700
    4156     131.9867
    4157     131.8854
    4158     130.0649
    4159     131.6340
    4160     128.9903
    4161     127.0765
    4162     131.4470
    4163     131.3201
    4164     133.3389
    4165     129.5281
    4166     127.6406
    4167     124.6654
    4168     124.0415
    4169     125.8000
    4170     121.4883
    4171     128.1816
    4172     123.2887
    4173     123.0971
    4174     117.5867
    4175     121.8967
    4176     120.1091
    4177     119.9024
    4178     124.2940
    4179     126.0415
    4180     124.2905
    4181     121.9406
    4182     124.9973
    4183     123.1015
    4184     126.0683
    4185     123.4499
    4186     126.4356
    4187     128.8958
    4188     123.3106
    4189     128.7343
    4190     129.7657
    4191     127.0453
    4192     124.6258
    4193     128.3223
    4194     124.3401
    4195     125.6275
    4196     130.3160
    4197     128.7571
    4198     130.7503
    4199     128.4051
    4200     128.7378
    4201     124.1121
    4202     115.7604
    4203     125.1732
    4204     123.0774
    4205     124.4204
    4206     125.0607
    4207     115.9976
    4208     117.2230
    4209     115.9639
    4210     122.0592
    4211     121.5010
    4212     119.5693
    4213     119.4935
    4214     130.8586
    4215     128.0403
    4216     132.2105
    4217     136.9180
    4218     129.0064
    4219     125.3165
    4220     127.2470
    4221     123.6060
    4222     121.7292
    4223     120.4442
    4224     114.5272
    4225     119.0326
    4226     118.3058
    4227     118.3860
    4228     121.9213
    4229     122.2672
    4230     123.7585
    4231     123.0664
    4232     126.0502
    4233     118.8380
    4234     120.2725
    4235     120.3101
    4236     119.1001
    4237     119.0081
    4238     116.9010
    4239     118.7554
    4240     117.4392
    4241     115.5208
    4242     117.5933
    4243     121.5575
    4244     123.7122
    4245     128.6599
    4246     124.1147
    4247     118.0142
    4248     112.7189
    4249     113.7627
    4250     121.5263
    4251     121.1754
    4252     119.6565
    4253     120.5065
    4254     119.7209
    4255     119.3784
    4256     121.3019
    4257     118.2083
    4258     119.9374
    4259     115.7662
    4260     121.7022
    4261     119.9748
    4262     123.5638
    4263     121.5995
    4264     123.0129
    4265     124.0680
    4266     129.6196
    4267     125.9283
    4268     124.8164
    4269     125.0457
    4270     126.4608
    4271     125.2129
    4272     123.1654
    4273     121.5661
    4274     120.2439
    4275     117.3954
    4276     119.2294
    4277     115.5760
    4278     117.7137
    4279     122.4066
    4280     123.8894
    4281     121.4540
    4282     125.7837
    4283     118.2610
    4284     121.7095
    4285     120.8393
    4286     123.8626
    4287     121.6009
    4288     123.5841
    4289     125.9913
    4290     121.4986
    4291     121.5008
    4292     118.8142
    4293     122.0771
    4294     121.4754
    4295     124.0004
    4296     126.3264
    4297     124.1657
    4298     127.8995
    4299     129.5178
    4300     126.6910
    4301     128.0113
    4302     129.0419
    4303     124.5938
    4304     126.5820
    4305     124.1754
    4306     125.6499
    4307     124.2341
    4308     125.1325
    4309     119.0134
    4310     118.2073
    4311     112.3087
    4312     118.9649
    4313     119.7447
    4314     119.4115
    4315     115.7559
    4316     118.0539
    4317     120.0190
    4318     115.7557
    4319     113.3733
    4320     115.1567
    4321     108.7615
    4322     109.5684
    4323     110.2390
    4324     109.6349
    4325     116.2815
    4326     115.2481
    4327     118.7072
    4328     118.1557
    4329     111.2983
    4330     118.4089
    4331     116.7360
    4332     120.1381
    4333     123.5548
    4334     122.9282
    4335     122.9047
    4336     118.3501
    4337     116.6333
    4338     114.5792
    4339     120.7202
    4340     118.4554
    4341     120.0704
    4342     119.1658
    4343     118.3126
    4344     118.3017
    4345     121.4055
    4346     120.8218
    4347     116.7532
    4348     116.4964
    4349     112.5017
    4350     110.8426
    4351     112.8923
    4352     114.5706
    4353     113.7669
    4354     112.9860
    4355     111.0021
    4356     112.0538
    4357     111.3847
    4358     107.9654
    4359     110.8256
    4360     108.0596
    4361     111.3707
    4362     110.9361
    4363     111.1386
    4364     113.1239
    4365     110.2180
    4366     105.4971
    4367     108.7438
    4368     109.7982
    4369     108.3744
    4370     109.8240
    4371     110.4933
    4372     112.2030
    4373     112.5929
    4374     119.4183
    4375     116.0451
    4376     114.4543
    4377     115.8694
    4378     118.1427
    4379     117.5952
    4380     119.8476
    4381     122.8603
    4382     123.6824
    4383     122.8556
    4384     122.7259
    4385     123.9280
    4386     124.8889
    4387     123.2463
    4388     122.5292
    4389     118.2962
    4390     125.7825
    4391     126.2982
    4392     119.7981
    4393     119.4343
    4394     123.7295
    4395     119.6332
    4396     117.6323
    4397     120.9963
    4398     118.7674
    4399     121.0678
    4400     121.4005
    4401     122.5936
    4402     121.8255
    4403     119.0742
    4404     122.2689
    4405     119.8488
    4406     119.5423
    4407     118.6369
    4408     120.9927
    4409     121.5531
    4410     121.3240
    4411     120.0114
    4412     120.7148
    4413     122.3006
    4414     123.1699
    4415     118.5245
    4416     114.8917
    4417     123.4380
    4418     119.4212
    4419     122.9897
    4420     115.1461
    4421     119.7896
    4422     119.6837
    4423     120.9475
    4424     117.5711
    4425     117.3737
    4426     114.9824
    4427     114.1275
    4428     113.6147
    4429     120.3752
    4430     122.6461
    4431     124.6415
    4432     119.4092
    4433     118.8496
    4434     118.1759
    4435     117.8434
    4436     114.3390
    4437     115.3796
    4438     115.4292
    4439     112.4188
    4440     117.1255
    4441     116.4370
    4442     120.1604
    4443     118.3666
    4444     112.9325
    4445     117.3256
    4446     116.8034
    4447     123.4782
    4448     117.6490
    4449     113.1725
    4450     115.2909
    4451     118.2011
    4452     119.1726
    4453     117.5733
    4454     111.4101
    4455     119.0292
    4456     117.0996
    4457     116.9357
    4458     115.7010
    4459     121.2094
    4460     123.1170
    4461     125.9964
    4462     124.2636
    4463     125.4290
    4464     122.6715
    4465     125.2245
    4466     117.5596
    4467     118.9947
    4468     120.3573
    4469     122.8536
    4470     118.1881
    4471     114.2434
    4472     111.6604
    4473     113.0083
    4474     119.8622
    4475     118.8335
    4476     114.4552
    4477     112.3634
    4478     116.9268
    4479     119.8122
    4480     120.0489
    4481     116.5375
    4482     118.8183
    4483     126.6048
    4484     117.4638
    4485     117.2088
    4486     113.0943
    4487     117.4044
    4488     122.1477
    4489     118.6275
    4490     121.4924
    4491     120.2179
    4492     123.5824
    4493     120.4675
    4494     124.0950
    4495     123.8009
    4496     124.0119
    4497     123.1706
    4498     124.1686
    4499     118.1879
    4500     115.2129
    4501     116.7165
    4502     116.7482
    4503     116.5667
    4504     117.2000
    4505     117.9752
    4506     120.6142
    4507     122.7478
    4508     119.2823
    4509     122.2345
    4510     122.6156
    4511     123.4021
    4512     127.3929
    4513     130.2176
    4514     122.1944
    4515     122.9707
    4516     119.4794
    4517     120.5416
    4518     121.1727
    4519     123.9572
    4520     121.2628
    4521     123.9449
    4522     128.6648
    4523     129.3514
    4524     129.9418
    4525     126.4022
    4526     123.5078
    4527     123.4771
    4528     128.4822
    4529     127.9818
    4530     133.3580
    4531     134.8097
    4532     131.1295
    4533     126.0813
    4534     129.0260
    4535     126.8863
    4536     123.3785
    4537     124.3549
    4538     122.6134
    4539     127.7797
    4540     124.2798
    4541     122.4042
    4542     117.1010
    4543     122.8087
    4544     120.7297
    4545     112.0072
    4546     115.2050
    4547     110.3307
    4548     118.0082
    4549     120.6277
    4550     122.5336
    4551     119.6982
    4552     122.2455
    4553     123.1485
    4554     125.2858
    4555     120.7415
    4556     121.6363
    4557     120.3886
    4558     122.4988
    4559     124.1369
    4560     124.9646
    4561     126.2254
    4562     123.4264
    4563     120.9741
    4564     116.7468
    4565     122.6077
    4566     117.5865
    4567     121.4520
    4568     118.8172
    4569     116.5893
    4570     115.1318
    4571     114.3807
    4572     118.8667
    4573     118.2946
    4574     120.5634
    4575     120.5890
    4576     118.8014
    4577     116.6915
    4578     119.6899
    4579     117.2451
    4580     119.7843
    4581     118.8664
    4582     117.7965
    4583     115.7804
    4584     123.1317
    4585     112.2220
    4586     112.6249
    4587     113.9505
    4588     114.8562
    4589     116.2057
    4590     111.6674
    4591     113.3237
    4592     110.3461
    4593     110.6503
    4594     117.3183
    4595     119.6785
    4596     122.2776
    4597     120.4996
    4598     122.6515
    4599     118.9777
    4600     119.6823
    4601     120.1094
    4602     120.6359
    4603     121.1405
    4604     117.8605
    4605     119.2023
    4606     118.1812
    4607     116.7362
    4608     114.9732
    4609     118.4532
    4610     118.2409
    4611     121.9467
    4612     122.8118
    4613     126.3373
    4614     128.6298
    4615     123.9968
    4616     120.7693
    4617     123.9057
    4618     125.0980
    4619     117.1656
    4620     123.6287
    4621     120.8517
    4622     123.8316
    4623     126.7234
    4624     125.4657
    4625     120.4475
    4626     115.2931
    4627     116.8270
    4628     121.7188
    4629     125.0606
    4630     122.2042
    4631     122.9176
    4632     116.7663
    4633     121.7129
    4634     119.0509
    4635     114.4572
    4636     120.5213
    4637     118.6458
    4638     122.0479
    4639     122.1917
    4640     123.3291
    4641     117.5180
    4642     123.0481
    4643     121.6929
    4644     124.9263
    4645     121.6697
    4646     121.8343
    4647     124.3422
    4648     128.6143
    4649     124.3453
    4650     121.7836
    4651     119.7313
    4652     124.0410
    4653     123.4523
    4654     125.0026
    4655     125.7170
    4656     129.4285
    4657     126.4384
    4658     128.5557
    4659     127.4478
    4660     129.6554
    4661     130.9130
    4662     124.8891
    4663     128.0600
    4664     125.7643
    4665     125.9750
    4666     126.0998
    4667     130.4440
    4668     123.5779
    4669     127.7941
    4670     132.1551
    4671     134.5676
    4672     132.6982
    4673     133.1070
    4674     129.2634
    4675     128.8154
    4676     127.7601
    4677     131.0936
    4678     126.4538
    4679     125.0978
    4680     127.2933
    4681     126.0757
    4682     126.8615
    4683     130.2864
    4684     127.4058
    4685     124.5854
    4686     129.7781
    4687     126.1046
    4688     127.5345
    4689     124.7942
    4690     125.3429
    4691     125.0488
    4692     125.1866
    4693     125.8057
    4694     123.1971
    4695     128.0492
    4696     129.8855
    4697     128.4732
    4698     127.6091
    4699     126.2142
    4700     130.5508
    4701     126.6200
    4702     131.1700
    4703     130.1479
    4704     128.6360
    4705     125.6205
    4706     123.5744
    4707     126.1595
    4708     122.8186
    4709     125.5312
    4710     124.7245
    4711     126.6664
    4712     124.8823
    4713     128.6997
    4714     124.1638
    4715     120.2554
    4716     123.9832
    4717     123.4076
    4718     119.1470
    4719     128.8612
    4720     118.5116
    4721     116.9374
    4722     113.2401
    4723     117.6671
    4724     115.4196
    4725     117.9427
    4726     117.5669
    4727     119.3570
    4728     122.8204
    4729     127.0517
    4730     129.6083
    4731     135.4259
    4732     126.6639
    4733     125.8552
    4734     125.2560
    4735     126.4859
    4736     119.0212
    4737     123.5222
    4738     122.3717
    4739     125.7083
    4740     123.9736
    4741     128.0136
    4742     121.9780
    4743     120.4062
    4744     122.5290
    4745     119.2465
    4746     114.0101
    4747     123.8257
    4748     119.5296
    4749     119.9250
    4750     122.5014
    4751     124.9132
    4752     114.3810
    4753     117.8471
    4754     122.8409
    4755     124.9443
    4756     118.0620
    4757     120.3405
    4758     119.0965
    4759     122.2360
    4760     116.7264
    4761     116.6788
    4762     121.2091
    4763     117.7376
    4764     121.5286
    4765     122.0669
    4766     123.8314
    4767     128.3307
    4768     124.0260
    4769     124.6101
    4770     123.7210
    4771     120.0090
    4772     122.8135
    4773     126.7744
    4774     123.6017
    4775     131.6698
    4776     129.0454
    4777     126.2696
    4778     126.0981
    4779     129.9454
    4780     126.7715
    4781     133.7951
    4782     132.7102
    4783     127.7538
    4784     128.0957
    4785     125.7687
    4786     125.3073
    4787     127.0263
    4788     128.6241
    4789     127.8383
    4790     127.8975
    4791     128.0109
    4792     131.5472
    4793     127.5716
    4794     125.8074
    4795     133.3907
    4796     132.9296
    4797     128.0936
    4798     128.8759
    4799     132.7457
    4800     135.3933
    4801     129.3870
    4802     133.9177
    4803     130.3064
    4804     131.1108
    4805     128.0822
    4806     130.9951
    4807     134.1262
    4808     132.1941
    4809     133.4065
    4810     131.0124
    4811     134.5562
    4812     132.6107
    4813     130.9033
    4814     130.2028
    4815     125.1270
    4816     124.2114
    4817     127.3591
    4818     127.3636
    4819     128.0770
    4820     127.7772
    4821     126.7617
    4822     130.8788
    4823     126.9244
    4824     131.4622
    4825     125.1215
    4826     126.0457
    4827     129.5520
    4828     127.2153
    4829     122.2841
    4830     122.7730
    4831     129.1570
    4832     127.6245
    4833     127.7106
    4834     130.2569
    4835     135.6080
    4836     130.7963
    4837     131.5626
    4838     131.9555
    4839     133.1097
    4840     133.2799
    4841     130.1691
    4842     130.4550
    4843     130.2051
    4844     129.9751
    4845     125.0497
    4846     129.0172
    4847     134.4627
    4848     134.2327
    4849     128.2084
    4850     129.4197
    4851     127.0176
    4852     130.2117
    4853     138.3695
    4854     134.8313
    4855     130.2109
    4856     134.1071
    4857     131.0505
    4858     128.1598
    4859     127.3334
    4860     131.9258
    4861     133.6417
    4862     138.2686
    4863     134.5529
    4864     135.6056
    4865     138.6747
    4866     138.1129
    4867     132.2263
    4868     125.1221
    4869     130.5198
    4870     128.0117
    4871     129.8980
    4872     135.4861
    4873     131.9622
    4874     131.4404
    4875     132.8647
    4876     135.2894
    4877     137.2245
    4878     143.1881
    4879     143.2598
    4880     138.3331
    4881     141.2101
    4882     137.3335
    4883     138.6497
    4884     131.5217
    4885     129.9918
    4886     132.4155
    4887     138.6525
    4888     135.0005
    4889     134.7974
    4890     136.5080
    4891     135.4588
    4892     130.6797
    4893     132.1489
    4894     130.0705
    4895     129.0322
    4896     131.9065
    4897     135.6560
    4898     134.4253
    4899     133.9694
    4900     132.1859
    4901     129.2860
    4902     128.8048
    4903     137.0863
    4904     135.2906
    4905     129.5566
    4906     130.5139
    4907     128.5652
    4908     132.8250
    4909     136.9497
    4910     131.2581
    4911     130.2297
    4912     129.9926
    4913     134.6852
    4914     127.0847
    4915     129.1988
    4916     124.5874
    4917     129.3490
    4918     127.4091
    4919     133.7639
    4920     134.5761
    4921     136.5404
    4922     139.4189
    4923     138.4865
    4924     134.0578
    4925     134.2994
    4926     134.9830
    4927     130.1023
    4928     137.9540
    4929     134.4020
    4930     128.5752
    4931     128.2835
    4932     124.8911
    4933     134.0860
    4934     129.9268
    4935     129.4477
    4936     135.0838
    4937     135.3596
    4938     135.0060
    4939     139.3516
    4940     140.0777
    4941     137.6832
    4942     138.2017
    4943     136.3834
    4944     131.3537
    4945     129.8314
    4946     129.8374
    4947     128.6472
    4948     132.1734
    4949     131.8770
    4950     137.6347
    4951     133.9998
    4952     135.2347
    4953     129.3184
    4954     129.2212
    4955     131.2713
    4956     134.6412
    4957     135.2475
    4958     133.4191
    4959     134.1249
    4960     136.1859
    4961     135.6594
    4962     133.0389
    4963     136.5040
    4964     133.4751
    4965     132.4194
    4966     132.8685
    4967     132.8938
    4968     132.4562
    4969     129.6894
    4970     129.3695
    4971     129.9815
    4972     133.2860
    4973     134.3584
    4974     135.9438
    4975     137.7300
    4976     133.6342
    4977     130.8414
    4978     132.4776
    4979     130.7568
    4980     131.2027
    4981     130.8412
    4982     125.9924
    4983     130.2954
    4984     137.4949
    4985     132.5422
    4986     133.8480
    4987     132.1257
    4988     127.6409
    4989     128.7097
    4990     132.7844
    4991     133.5637
    4992     130.9070
    4993     136.6808
    4994     137.1380
    4995     137.9615
    4996     135.3366
    4997     137.8135
    4998     133.0307
    4999     135.2549
    5000     127.3013
    5001     130.7687
    5002     132.3318
    5003     132.1298
    5004     135.2910
    5005     134.4166
    5006     131.3129
    5007     131.1366
    5008     134.5214
    5009     134.1136
    5010     137.1278
    5011     134.4443
    5012     135.3003
    5013     140.4982
    5014     140.0182
    5015     137.1220
    5016     140.6971
    5017     148.8455
    5018     142.4973
    5019     141.5204
    5020     139.7626
    5021     139.2211
    5022     139.4431
    5023     137.2285
    5024     136.7458
    5025     143.4517
    5026     146.2161
    5027     140.0883
    5028     141.9799
    5029     143.4798
    5030     136.1144
    5031     141.3329
    5032     139.2429
    5033     136.7990
    5034     137.4477
    5035     135.4590
    5036     136.9825
    5037     134.4531
    5038     134.2109
    5039     130.9337
    5040     129.3012
    5041     135.2966
    5042     138.9143
    5043     135.2634
    5044     133.9169
    5045     133.2515
    5046     135.8195
    5047     136.2668
    5048     132.3757
    5049     130.9613
    5050     128.9683
    5051     132.6411
    5052     129.9000
    5053     129.3070
    5054     133.6572
    5055     133.7524
    5056     131.7160
    5057     132.6363
    5058     132.6164
    5059     131.7334
    5060     132.7716
    5061     123.6541
    5062     138.2535
    5063     135.9462
    5064     139.6583
    5065     132.9213
    5066     134.2340
    5067     141.0992
    5068     138.6175
    5069     137.6695
    5070     138.8282
    5071     136.8030
    5072     133.8628
    5073     127.8963
    5074     129.7822
    5075     128.5634
    5076     128.0623
    5077     130.5656
    5078     129.1581
    5079     130.6425
    5080     129.1009
    5081     131.8743
    5082     130.5585
    5083     133.2905
    5084     128.1979
    5085     132.8494
    5086     129.8633
    5087     125.2982
    5088     127.6540
    5089     130.2929
    5090     130.6821
    5091     129.9227
    5092     128.3791
    5093     126.9913
    5094     130.6637
    5095     132.5512
    5096     133.7739
    5097     135.5923
    5098     134.3341
    5099     125.9384
    5100     124.0086
    5101     125.4211
    5102     120.5856
    5103     119.2604
    5104     122.3785
    5105     122.0502
    5106     130.1851
    5107     131.2680
    5108     122.8375
    5109     125.4215
    5110     120.8605
    5111     124.0379
    5112     124.2197
    5113     126.1696
    5114     127.5484
    5115     128.0756
    5116     126.2233
    5117     127.1233
    5118     127.1127
    5119     127.1681
    5120     125.4730
    5121     129.0330
    5122     133.9243
    5123     129.9990
    5124     130.2726
    5125     126.1149
    5126     126.5544
    5127     124.3555
    5128     123.2826
    5129     120.3553
    5130     126.1102
    5131     124.2410
    5132     130.3816
    5133     129.1189
    5134     127.4387
    5135     124.2209
    5136     121.0577
    5137     122.6873
    5138     124.4121
    5139     130.9552
    5140     131.1813
    5141     129.1171
    5142     131.0925
    5143     130.0431
    5144     120.7470
    5145     122.2187
    5146     129.0994
    5147     123.8257
    5148     124.6694
    5149     127.3906
    5150     125.7300
    5151     125.1301
    5152     124.7917
    5153     127.3044
    5154     127.4939
    5155     131.2928
    5156     126.0381
    5157     122.0887
    5158     123.8542
    5159     119.7852
    5160     119.3902
    5161     121.8016
    5162     119.2483
    5163     120.6702
    5164     120.9376
    5165     124.0067
    5166     128.5592
    5167     127.7475
    5168     125.6015
    5169     126.1661
    5170     125.3793
    5171     126.0919
    5172     126.3867
    5173     125.4616
    5174     125.5136
    5175     127.4987
    5176     123.3963
    5177     119.0170
    5178     123.1183
    5179     118.1700
    5180     124.7359
    5181     130.0042
    5182     132.5204
    5183     130.5442
    5184     127.5257
    5185     121.4541
    5186     119.7120
    5187     123.2291
    5188     121.2143
    5189     118.5468
    5190     121.3792
    5191     122.6423
    5192     122.0188
    5193     122.5195
    5194     132.6873
    5195     131.1245
    5196     125.2174
    5197     127.4282
    5198     129.1361
    5199     127.2926
    5200     128.0056
    5201     123.4574
    5202     125.0422
    5203     123.4384
    5204     125.0050
    5205     124.3882
    5206     128.5951
    5207     124.3594
    5208     126.8193
    5209     126.0334
    5210     125.8733
    5211     130.2390
    5212     130.9727
    5213     132.0194
    5214     132.7285
    5215     130.8204
    5216     127.4356
    5217     127.6889
    5218     132.3409
    5219     133.7669
    5220     131.6783
    5221     130.4413
    5222     128.0902
    5223     135.1383
    5224     134.2116
    5225     134.5773
    5226     125.9640
    5227     131.9715
    5228     133.4239
    5229     136.0779
    5230     132.0429
    5231     132.4452
    5232     130.8877
    5233     133.8379
    5234     136.4081
    5235     130.6749
    5236     131.7285
    5237     129.0311
    5238     129.8217
    5239     130.3039
    5240     130.5470
    5241     128.5717
    5242     131.6127
    5243     132.5259
    5244     127.5561
    5245     127.5190
    5246     131.3876
    5247     126.3483
    5248     134.0432
    5249     131.0522
    5250     130.7329
    5251     131.2165
    5252     134.7352
    5253     133.2966
    5254     135.1316
    5255     132.1969
    5256     132.1871
    5257     132.3778
    5258     134.0265
    5259     133.3764
    5260     134.4218
    5261     134.9174
    5262     133.0410
    5263     136.3538
    5264     141.2452
    5265     141.5615
    5266     138.7361
    5267     142.2092
    5268     143.1440
    5269     144.9085
    5270     142.9830
    5271     145.5904
    5272     142.0053
    5273     140.2610
    5274     140.7910
    5275     133.6594
    5276     129.2554
    5277     130.5758
    5278     131.6830
    5279     136.1977
    5280     142.9852
    5281     142.1769
    5282     139.0426
    5283     143.7897
    5284     144.7501
    5285     145.3595
    5286     139.8509
    5287     137.5287
    5288     140.1184
    5289     139.1151
    5290     135.8971
    5291     136.8742
    5292     132.8139
    5293     134.9758
    5294     137.9489
    5295     142.4810
    5296     135.2404
    5297     136.1785
    5298     133.6856
    5299     135.1331
    5300     131.5760
    5301     132.0608
    5302     134.5171
    5303     135.7921
    5304     133.7630
    5305     132.5290
    5306     135.7093
    5307     134.2750
    5308     129.7343
    5309     133.5088
    5310     134.0288
    5311     137.5285
    5312     136.9961
    5313     129.6420
    5314     129.6198
    5315     134.6249
    5316     134.2743
    5317     131.2726
    5318     128.6218
    5319     128.5144
    5320     130.3890
    5321     132.5269
    5322     128.2423
    5323     128.5426
    5324     129.5072
    5325     133.3436
    5326     128.2451
    5327     124.0832
    5328     125.1429
    5329     125.8166
    5330     127.1022
    5331     128.1233
    5332     124.5050
    5333     122.8556
    5334     131.8678
    5335     130.0506
    5336     130.4117
    5337     128.9701
    5338     133.2710
    5339     129.5826
    5340     131.0494
    5341     125.9599
    5342     123.9597
    5343     131.6927
    5344     127.3811
    5345     129.4354
    5346     131.0514
    5347     130.4617
    5348     133.9486
    5349     135.4298
    5350     135.0185
    5351     133.1276
    5352     138.5893
    5353     137.7160
    5354     135.5020
    5355     129.4317
    5356     128.6967
    5357     129.8595
    5358     127.5155
    5359     130.7103
    5360     129.9302
    5361     126.8791
    5362     130.1617
    5363     128.9719
    5364     131.7655
    5365     136.4423
    5366     132.2731
    5367     133.8551
    5368     129.6308
    5369     133.3241
    5370     131.3540
    5371     138.8908
    5372     137.5506
    5373     131.3233
    5374     123.3600
    5375     125.5810
    5376     129.2831
    5377     127.7809
    5378     127.8589
    5379     126.2701
    5380     127.6401
    5381     127.8882
    5382     127.8688
    5383     125.0121
    5384     133.1149
    5385     128.0699
    5386     132.8136
    5387     135.2062
    5388     128.1562
    5389     128.5243
    5390     131.4167
    5391     129.4338
    5392     127.3423
    5393     128.5863
    5394     130.7932
    5395     134.2312
    5396     130.1339
    5397     127.0891
    5398     130.3462
    5399     134.3247
    5400     134.1830
    5401     132.9144
    5402     135.8048
    5403     138.9992
    5404     140.6172
    5405     135.0920
    5406     129.6195
    5407     124.8342
    5408     129.2936
    5409     130.6748
    5410     126.1228
    5411     128.5176
    5412     132.0622
    5413     124.5470
    5414     127.6437
    5415     124.2321
    5416     124.9673
    5417     124.1061
    5418     121.1027
    5419     126.8691
    5420     126.5664
    5421     122.2816
    5422     124.0459
    5423     123.5113
    5424     124.5582
    5425     123.1639
    5426     127.7193
    5427     125.8112
    5428     123.4531
    5429     125.2448
    5430     128.8058
    5431     137.2112
    5432     130.4720
    5433     133.1849
    5434     134.4198
    5435     138.2656
    5436     132.6869
    5437     128.0341
    5438     132.1889
    5439     133.1865
    5440     134.4981
    5441     132.0620
    5442     132.8317
    5443     131.8459
    5444     128.5336
    5445     130.2171
    5446     129.0652
    5447     134.1345
    5448     131.6671
    5449     132.8232
    5450     130.9975
    5451     130.7691
    5452     128.7651
    5453     127.6673
    5454     124.9040
    5455     127.4408
    5456     125.7758
    5457     127.0733
    5458     126.6486
    5459     129.7444
    5460     130.2840
    5461     135.7711
    5462     132.7236
    5463     126.8833
    5464     133.0016
    5465     126.1546
    5466     120.9563
    5467     121.3993
    5468     121.9678
    5469     119.0965
    5470     123.6249
    5471     121.1460
    5472     119.3633
    5473     126.1122
    5474     129.6116
    5475     129.9780
    5476     133.5569
    5477     134.8731
    5478     128.2374
    5479     127.7022
    5480     127.1711
    5481     133.4696
    5482     129.6878
    5483     127.8954
    5484     128.4747
    5485     127.5268
    5486     126.2766
    5487     130.0010
    5488     130.6832
    5489     130.1802
    5490     126.3119
    5491     128.2487
    5492     131.5583
    5493     131.4955
    5494     131.7838
    5495     129.3496
    5496     127.8900
    5497     126.9769
    5498     126.7488
    5499     129.6160
    5500     133.3077
    5501     133.6441
    5502     129.8551
    5503     127.5492
    5504     123.8340
    5505     128.3780
    5506     126.3941
    5507     132.2632
    5508     131.4019
    5509     133.1561
    5510     129.9286
    5511     135.7130
    5512     129.8722
    5513     130.1553
    5514     132.2177
    5515     130.4796
    5516     124.3421
    5517     122.1322
    5518     126.9155
    5519     126.8276
    5520     127.3744
    5521     129.1090
    5522     129.4858
    5523     136.0417
    5524     131.4109
    5525     128.8895
    5526     129.5497
    5527     125.8845
    5528     128.7527
    5529     133.3697
    5530     128.0999
    5531     136.5034
    5532     133.6124
    5533     134.4777
    5534     126.8961
    5535     130.8857
    5536     127.5878
    5537     128.4059
    5538     127.3805
    5539     128.9317
    5540     135.3233
    5541     136.1271
    5542     137.3221
    5543     135.4809
    5544     129.3021
    5545     129.5509
    5546     128.8947
    5547     124.4355
    5548     120.5852
    5549     129.5280
    5550     131.0916
    5551     128.6608
    5552     125.6681
    5553     130.4855
    5554     126.6772
    5555     128.5826
    5556     132.9250
    5557     128.9705
    5558     134.2662
    5559     132.7931
    5560     129.9676
    5561     134.1434
    5562     134.6866
    5563     131.9145
    5564     133.7341
    5565     131.3271
    5566     129.4291
    5567     126.1874
    5568     129.1016
    5569     128.4659
    5570     134.3900
    5571     134.8246
    5572     129.4466
    5573     128.8277
    5574     129.6359
    5575     133.2213
    5576     137.9377
    5577     135.2286
    5578     134.2485
    5579     136.3334
    5580     134.4507
    5581     133.8650
    5582     132.0950
    5583     129.4108
    5584     135.2112
    5585     133.5058
    5586     133.5314
    5587     135.5198
    5588     133.6512
    5589     127.6961
    5590     130.4663
    5591     129.7405
    5592     128.9713
    5593     129.3440
    5594     130.3579
    5595     131.4084
    5596     133.4645
    5597     134.4930
    5598     134.2022
    5599     131.2317
    5600     132.5223
    5601     131.0546
    5602     135.1517
    5603     132.2671
    5604     128.0454
    5605     128.5529
    5606     130.1580
    5607     123.4686
    5608     124.9623
    5609     120.1378
    5610     124.1205
    5611     123.8394
    5612     119.8421
    5613     119.1296
    5614     126.4724
    5615     124.9373
    5616     124.5400
    5617     125.2322
    5618     122.0893
    5619     123.3710
    5620     127.1499
    5621     128.3624
    5622     126.7136
    5623     125.4007
    5624     126.5019
    5625     125.8460
    5626     121.9121
    5627     127.5693
    5628     130.9246
    5629     124.3667
    5630     125.3981
    5631     126.2776
    5632     128.8736
    5633     133.8446
    5634     133.4034
    5635     136.0409
    5636     134.0548
    5637     131.3828
    5638     133.9299
    5639     131.9999
    5640     130.2714
    5641     128.1680
    5642     128.1678
    5643     126.7541
    5644     125.4940
    5645     125.3129
    5646     126.0499
    5647     132.5046
    5648     130.8895
    5649     129.8465
    5650     131.4260
    5651     128.9123
    5652     122.7717
    5653     124.3676
    5654     129.3377
    5655     126.6505
    5656     130.5572
    5657     131.8216
    5658     132.7256
    5659     131.3655
    5660     130.8661
    5661     129.9333
    5662     133.1123
    5663     134.1300
    5664     136.9406
    5665     134.9861
    5666     135.3539
    5667     134.8289
    5668     135.1735
    5669     135.8386
    5670     132.3457
    5671     135.4910
    5672     134.5508
    5673     132.1387
    5674     132.0068
    5675     130.7471
    5676     128.1853
    5677     131.4552
    5678     131.2333
    5679     134.6052
    5680     129.1410
    5681     135.6159
    5682     136.5976
    5683     129.7822
    5684     134.7668
    5685     133.0521
    5686     135.0870
    5687     127.6901
    5688     129.7657
    5689     131.4419
    5690     132.1668
    5691     133.4753
    5692     131.7051
    5693     132.4738
    5694     132.2663
    5695     130.9885
    5696     132.5100
    5697     131.5837
    5698     136.4128
    5699     134.1470
    5700     131.7122
    5701     134.0486
    5702     138.9989
    5703     134.4434
    5704     126.8062
    5705     128.9979
    5706     130.8093
    5707     129.9248
    5708     131.8695
    5709     134.1473
    5710     129.8525
    5711     134.2793
    5712     132.8753
    5713     134.4076
    5714     130.2809
    5715     132.2067
    5716     132.8010
    5717     131.3247
    5718     133.3878
    5719     129.5175
    5720     128.0787
    5721     130.5344
    5722     129.0480
    5723     133.6420
    5724     129.7327
    5725     126.2861
    5726     123.8348
    5727     119.3219
    5728     125.1157
    5729     124.5495
    5730     120.5041
    5731     124.4608
    5732     124.6575
    5733     123.0069
    5734     125.6475
    5735     130.4339
    5736     125.5040
    5737     125.6480
    5738     128.6842
    5739     129.0188
    5740     127.2592
    5741     131.5545
    5742     131.8706
    5743     127.1549
    5744     127.1213
    5745     129.0268
    5746     131.6497
    5747     131.9122
    5748     132.0077
    5749     130.4494
    5750     127.6041
    5751     124.1051
    5752     126.5566
    5753     128.8118
    5754     128.6386
    5755     128.4629
    5756     123.9851
    5757     130.7913
    5758     130.7645
    5759     128.1420
    5760     131.2020
    5761     136.7239
    5762     130.2432
    5763     125.5770
    5764     130.8224
    5765     129.0691
    5766     127.4051
    5767     127.6370
    5768     129.7930
    5769     127.3662
    5770     128.5102
    5771     124.8124
    5772     127.2052
    5773     125.4286
    5774     125.8453
    5775     132.9975
    5776     128.1474
    5777     126.4061
    5778     127.7800
    5779     124.0935
    5780     123.5810
    5781     124.7142
    5782     124.0176
    5783     126.0060
    5784     130.5836
    5785     131.7281
    5786     134.4605
    5787     137.2501
    5788     137.3541
    5789     138.0469
    5790     131.8962
    5791     133.4134
    5792     131.0607
    5793     134.5629
    5794     137.4642
    5795     132.9995
    5796     134.0029
    5797     135.6599
    5798     135.4758
    5799     135.7161
    5800     136.9420
    5801     132.4318
    5802     128.7299
    5803     129.6500
    5804     130.5179
    5805     126.9548
    5806     125.8034
    5807     124.2421
    5808     128.4390
    5809     132.7575
    5810     133.4188
    5811     130.1044
    5812     134.7384
    5813     132.2613
    5814     128.0295
    5815     127.6055
    5816     128.0983
    5817     134.0296
    5818     131.7460
    5819     130.3500
    5820     132.8025
    5821     128.2362
    5822     130.5768
    5823     132.0975
    5824     124.5169
    5825     131.0734
    5826     130.3829
    5827     128.5220
    5828     129.3390
    5829     127.9021
    5830     127.4790
    5831     126.3035
    5832     126.6273
    5833     131.0850
    5834     130.6299
    5835     132.8485
    5836     129.8044
    5837     127.5426
    5838     129.8951
    5839     131.0317
    5840     136.1463
    5841     133.6868
    5842     132.1258
    5843     133.4437
    5844     127.2298
    5845     127.8359
    5846     132.3552
    5847     131.4186
    5848     130.5831
    5849     129.7593
    5850     129.8604
    5851     129.2692
    5852     130.3136
    5853     130.6803
    5854     128.5740
    5855     131.8309
    5856     129.6536
    5857     130.9298
    5858     130.1605
    5859     135.5409
    5860     132.8260
    5861     130.0564
    5862     128.9889
    5863     132.2491
    5864     132.9106
    5865     126.4453
    5866     124.5811
    5867     122.9696
    5868     128.6403
    5869     130.4693
    5870     134.7933
    5871     131.7223
    5872     135.5544
    5873     131.9051
    5874     132.8913
    5875     130.6679
    5876     130.8687
    5877     128.6932
    5878     130.6440
    5879     129.8351
    5880     127.5867
    5881     129.7866
    5882     126.0545
    5883     123.0106
    5884     122.0097
    5885     122.4563
    5886     123.0683
    5887     126.5489
    5888     128.3345
    5889     134.1763
    5890     130.4031
    5891     126.8599
    5892     127.2771
    5893     129.2828
    5894     131.8822
    5895     129.7848
    5896     128.6065
    5897     126.9248
    5898     127.8040
    5899     132.4146
    5900     129.9315
    5901     126.7543
    5902     120.9690
    5903     122.4646
    5904     128.1977
    5905     125.1591
    5906     124.6563
    5907     119.6049
    5908     121.4375
    5909     119.7250
    5910     124.6220
    5911     118.4704
    5912     122.4032
    5913     123.4852
    5914     125.4094
    5915     126.8441
    5916     129.3056
    5917     126.9234
    5918     125.6389
    5919     129.2916
    5920     124.5550
    5921     126.6264
    5922     128.8895
    5923     132.2271
    5924     127.9860
    5925     135.5898
    5926     130.5959
    5927     131.7926
    5928     127.9366
    5929     132.3549
    5930     128.5435
    5931     126.7949
    5932     124.8316
    5933     122.7549
    5934     127.7606
    5935     125.6831
    5936     124.3762
    5937     126.8338
    5938     125.1053
    5939     126.2250
    5940     128.4545
    5941     130.6855
    5942     127.2240
    5943     123.7237
    5944     126.8154
    5945     127.5053
    5946     129.7188
    5947     124.9656
    5948     123.5027
    5949     123.4791
    5950     123.3519
    5951     125.0758
    5952     132.0818
    5953     127.3798
    5954     123.8054
    5955     125.6700
    5956     127.6242
    5957     127.6308
    5958     129.9211
    5959     127.7080
    5960     126.5498
    5961     129.8444
    5962     127.9325
    5963     128.0642
    5964     129.0326
    5965     126.8485
    5966     127.7657
    5967     129.7997
    5968     122.9046
    5969     123.0608
    5970     125.9535
    5971     122.5758
    5972     130.4951
    5973     132.9158
    5974     126.4533
    5975     126.7401
    5976     127.8823
    5977     128.9234
    5978     126.5384
    5979     123.9718
    5980     122.7367
    5981     122.8634
    5982     124.5042
    5983     125.1180
    5984     123.4248
    5985     123.4173
    5986     127.5979
    5987     127.2197
    5988     128.2795
    5989     130.1522
    5990     125.8168
    5991     131.0593
    5992     128.4302
    5993     126.5117
    5994     129.1881
    5995     128.4246
    5996     130.9545
    5997     131.9709
    5998     124.3701
    5999     124.8310
    6000     124.0498
    6001     121.9610
    6002     121.9063
    6003     120.6976
    6004     117.3963
    6005     123.7855
    6006     121.6409
    6007     122.6154
    6008     129.0277
    6009     131.3208
    6010     129.3224
    6011     129.1110
    6012     128.5487
    6013     128.3376
    6014     128.2061
    6015     129.0176
    6016     127.9409
    6017     130.0012
    6018     124.2501
    6019     122.0971
    6020     126.7231
    6021     123.3469
    6022     127.6458
    6023     129.9763
    6024     132.1063
    6025     127.5559
    6026     126.6449
    6027     127.8516
    6028     125.9692
    6029     123.6111
    6030     126.1585
    6031     120.5242
    6032     126.7800
    6033     124.5646
    6034     123.4670
    6035     128.7511
    6036     128.4519
    6037     128.9468
    6038     127.0973
    6039     132.4893
    6040     131.4559
    6041     133.2313
    6042     127.9287
    6043     131.6454
    6044     126.5677
    6045     128.2031
    6046     126.1677
    6047     126.5027
    6048     124.9001
    6049     125.2998
    6050     125.9201
    6051     120.1911
    6052     119.3374
    6053     122.9808
    6054     123.6015
    6055     124.4000
    6056     126.1007
    6057     122.6688
    6058     118.9750
    6059     117.0715
    6060     124.9642
    6061     128.7337
    6062     129.4478
    6063     130.0543
    6064     129.3799
    6065     130.2434
    6066     129.5316
    6067     128.4400
    6068     131.1175
    6069     131.7263
    6070     129.4457
    6071     126.5748
    6072     126.9985
    6073     121.4931
    6074     120.8927
    6075     124.5430
    6076     123.5605
    6077     126.6912
    6078     123.4149
    6079     122.4628
    6080     123.8278
    6081     125.8699
    6082     129.4315
    6083     126.5156
    6084     126.7605
    6085     122.2536
    6086     128.8644
    6087     124.7038
    6088     130.8128
    6089     131.4675
    6090     128.2270
    6091     128.5194
    6092     128.0439
    6093     134.4873
    6094     135.6310
    6095     129.8242
    6096     130.4265
    6097     125.6737
    6098     125.6139
    6099     122.7829
    6100     127.5257
    6101     126.9664
    6102     129.5296
    6103     126.7717
    6104     125.6916
    6105     131.0583
    6106     131.1688
    6107     128.5534
    6108     125.6563
    6109     125.2174
    6110     120.6065
    6111     121.1930
    6112     119.9565
    6113     124.6784
    6114     123.3438
    6115     123.1437
    6116     124.2253
    6117     122.0842
    6118     125.6350
    6119     126.7261
    6120     122.1092
    6121     123.8007
    6122     127.1298
    6123     124.2347
    6124     121.8307
    6125     118.6456
    6126     120.8709
    6127     121.8008
    6128     122.3347
    6129     120.6318
    6130     125.6677
    6131     129.6845
    6132     123.5014
    6133     131.1896
    6134     127.0590
    6135     122.2510
    6136     121.2011
    6137     119.9562
    6138     127.0241
    6139     130.2052
    6140     126.7368
    6141     129.9008
    6142     125.6282
    6143     124.8566
    6144     129.9477
    6145     133.6095
    6146     132.8173
    6147     130.9392
    6148     132.5733
    6149     135.4464
    6150     130.7466
    6151     132.9268
    6152     127.3690
    6153     128.7505
    6154     127.6770
    6155     126.1943
    6156     126.7487
    6157     126.4809
    6158     126.4187
    6159     124.6615
    6160     128.1277
    6161     123.6254
    6162     130.0867
    6163     125.1482
    6164     125.8624
    6165     126.8701
    6166     128.9277
    6167     125.7742
    6168     129.2343
    6169     130.1413
    6170     123.5748
    6171     123.9310
    6172     120.9479
    6173     124.1690
    6174     133.4661
    6175     136.4885
    6176     134.2610
    6177     131.7462
    6178     128.0289
    6179     131.9642
    6180     127.1862
    6181     131.1292
    6182     128.3381
    6183     125.3681
    6184     129.3612
    6185     131.8009
    6186     134.5352
    6187     132.2735
    6188     134.1313
    6189     132.3526
    6190     130.9490
    6191     130.0741
    6192     128.0093
    6193     126.7910
    6194     125.1427
    6195     126.2094
    6196     130.4897
    6197     131.5867
    6198     127.9245
    6199     132.0341
    6200     126.1989
    6201     126.2076
    6202     130.9989
    6203     132.5161
    6204     127.3929
    6205     136.7642
    6206     130.3908
    6207     131.2563
    6208     131.5214
    6209     132.2801
    6210     131.6767
    6211     134.6305
    6212     138.0553
    6213     134.9504
    6214     126.3993
    6215     135.7043
    6216     133.6805
    6217     139.8081
    6218     134.1698
    6219     134.5513
    6220     136.2140
    6221     131.8253
    6222     131.6572
    6223     129.5117
    6224     129.0369
    6225     130.0204
    6226     126.2103
    6227     124.6725
    6228     121.6727
    6229     124.5069
    6230     124.1832
    6231     123.0067
    6232     125.5518
    6233     122.0038
    6234     127.6224
    6235     126.8290
    6236     123.1026
    6237     120.8503
    6238     117.6833
    6239     117.5010
    6240     115.6299
    6241     115.7445
    6242     117.2114
    6243     122.1802
    6244     120.1681
    6245     119.4614
    6246     122.2238
    6247     123.5379
    6248     122.8819
    6249     119.7001
    6250     119.7469
    6251     122.2755
    6252     126.3332
    6253     125.4261
    6254     127.5549
    6255     123.9960
    6256     124.2709
    6257     121.2145
    6258     118.5488
    6259     120.3100
    6260     123.4570
    6261     122.5701
    6262     121.2123
    6263     125.8243
    6264     123.3000
    6265     116.9300
    6266     112.9374
    6267     112.4632
    6268     114.7976
    6269     118.7248
    6270     116.7534
    6271     114.5625
    6272     110.2026
    6273     113.0036
    6274     107.1906
    6275     112.4905
    6276     118.7690
    6277     117.5853
    6278     120.7091
    6279     117.5133
    6280     112.5940
    6281     111.0853
    6282     116.2561
    6283     116.7764
    6284     117.0172
    6285     121.1567
    6286     120.9253
    6287     122.9142
    6288     122.4769
    6289     120.6252
    6290     120.1067
    6291     121.5798
    6292     122.1458
    6293     118.8487
    6294     122.4907
    6295     123.1213
    6296     121.3320
    6297     121.3214
    6298     126.3769
    6299     124.2701
    6300     126.2692
    6301     125.4679
    6302     121.4917
    6303     124.5755
    6304     129.5790
    6305     126.7032
    6306     120.0130
    6307     121.7605
    6308     119.9346
    6309     122.7243
    6310     122.2518
    6311     116.7218
    6312     119.2833
    6313     120.2730
    6314     120.3957
    6315     122.0972
    6316     120.1121
    6317     115.6627
    6318     116.7914
    6319     118.9815
    6320     115.6493
    6321     115.7421
    6322     120.4421
    6323     117.3478
    6324     119.3743
    6325     116.7093
    6326     119.5263
    6327     113.6476
    6328     117.6033
    6329     115.6124
    6330     115.0456
    6331     115.9073
    6332     116.1313
    6333     116.1852
    6334     113.4419
    6335     111.0815
    6336     114.7059
    6337     116.5281
    6338     114.5328
    6339     118.3145
    6340     119.2278
    6341     116.6993
    6342     114.5476
    6343     120.0775
    6344     123.0493
    6345     126.0756
    6346     123.2317
    6347     122.3200
    6348     118.2443
    6349     115.3626
    6350     116.6783
    6351     118.4824
    6352     121.9284
    6353     124.5794
    6354     121.9397
    6355     122.3705
    6356     124.5866
    6357     121.8831
    6358     122.8848
    6359     125.9494
    6360     124.2737
    6361     123.8097
    6362     120.5350
    6363     117.6976
    6364     114.2134
    6365     117.0036
    6366     119.9661
    6367     122.4575
    6368     120.6125
    6369     120.0072
    6370     121.7191
    6371     123.6658
    6372     124.9173
    6373     129.0169
    6374     131.5497
    6375     128.3588
    6376     129.2518
    6377     128.4785
    6378     130.7019
    6379     128.7290
    6380     126.6163
    6381     128.4404
    6382     133.5724
    6383     126.2737
    6384     127.8563
    6385     125.8099
    6386     125.8512
    6387     130.6933
    6388     127.3328
    6389     129.7924
    6390     132.6734
    6391     126.6642
    6392     128.6847
    6393     127.4543
    6394     130.2085
    6395     129.1993
    6396     129.4836
    6397     123.5897
    6398     120.9097
    6399     129.5038
    6400     123.4022
    6401     125.0990
    6402     125.8791
    6403     131.7966
    6404     125.9526
    6405     125.5471
    6406     128.3256
    6407     132.4266
    6408     131.3102
    6409     127.3964
    6410     129.3261
    6411     126.5820
    6412     126.5083
    6413     126.0305
    6414     128.1428
    6415     121.3691
    6416     125.7251
    6417     123.2461
    6418     118.4554
    6419     121.6940
    6420     126.5566
    6421     127.3889
    6422     120.0990
    6423     125.9864
    6424     126.4086
    6425     134.0245
    6426     128.0693
    6427     134.0775
    6428     132.1051
    6429     127.9277
    6430     125.7166
    6431     127.2353
    6432     128.1576
    6433     129.2436
    6434     129.5506
    6435     133.9449
    6436     128.2651
    6437     128.9132
    6438     131.6582
    6439     127.8402
    6440     126.9407
    6441     123.2128
    6442     128.4890
    6443     126.7164
    6444     131.0161
    6445     130.2967
    6446     131.0880
    6447     132.1311
    6448     130.0677
    6449     128.2645
    6450     131.5116
    6451     129.4407
    6452     128.8253
    6453     127.2838
    6454     132.8376
    6455     129.3250
    6456     129.3808
    6457     127.8417
    6458     123.8207
    6459     120.1173
    6460     120.0203
    6461     123.0301
    6462     123.0114
    6463     121.2125
    6464     123.0206
    6465     122.5606
    6466     125.6551
    6467     126.2789
    6468     123.4289
    6469     125.6856
    6470     123.2798
    6471     123.1366
    6472     121.5799
    6473     121.6323
    6474     120.7474
    6475     125.0365
    6476     122.1177
    6477     122.8179
    6478     123.3400
    6479     123.7047
    6480     120.3922
    6481     122.3994
    6482     123.9180
    6483     124.8932
    6484     123.1048
    6485     121.6549
    6486     126.5405
    6487     127.1377
    6488     129.6790
    6489     125.9825
    6490     129.7653
    6491     128.3566
    6492     125.7893
    6493     124.2853
    6494     127.7108
    6495     121.4364
    6496     119.1572
    6497     120.5735
    6498     122.6365
    6499     122.6834
    6500     125.0268
    6501     118.3235
    6502     121.8898
    6503     122.4496
    6504     114.3858
    6505     118.8991
    6506     118.6538
    6507     123.6514
    6508     122.9509
    6509     122.1156
    6510     121.5405
    6511     118.6404
    6512     123.6573
    6513     120.0891
    6514     119.5730
    6515     124.0381
    6516     128.0487
    6517     122.0026
    6518     119.2513
    6519     120.1400
    6520     122.0397
    6521     122.5733
    6522     121.0697
    6523     123.0501
    6524     121.4758
    6525     119.7500
    6526     116.8109
    6527     112.1636
    6528     120.3287
    6529     121.3019
    6530     121.3459
    6531     118.9982
    6532     123.6045
    6533     129.2214
    6534     129.9874
    6535     130.1017
    6536     127.4033
    6537     131.1148
    6538     130.5906
    6539     126.0595
    6540     131.8002
    6541     141.5473
    6542     134.0834
    6543     129.6075
    6544     126.2315
    6545     125.6932
    6546     120.9809
    6547     125.2992
    6548     132.9781
    6549     134.1059
    6550     132.0101
    6551     125.2051
    6552     129.7882
    6553     125.7632
    6554     122.5730
    6555     126.3688
    6556     123.1348
    6557     125.2391
    6558     122.8834
    6559     124.2823
    6560     126.9003
    6561     125.9476
    6562     125.5059
    6563     123.4381
    6564     125.5334
    6565     124.1549
    6566     121.3546
    6567     117.5342
    6568     123.6853
    6569     129.8507
    6570     129.4464
    6571     131.3481
    6572     128.6132
    6573     132.8405
    6574     128.3895
    6575     129.8512
    6576     130.2028
    6577     129.0129
    6578     120.1246
    6579     121.9487
    6580     122.2539
    6581     119.2958
    6582     120.1161
    6583     117.9676
    6584     123.6243
    6585     121.3125
    6586     121.5599
    6587     123.0992
    6588     126.4967
    6589     129.9115
    6590     128.6336
    6591     126.1947
    6592     126.4486
    6593     126.6251
    6594     122.4539
    6595     119.1891
    6596     121.8249
    6597     118.6964
    6598     118.4507
    6599     119.0438
    6600     123.8381
    6601     119.5756
    6602     122.5345
    6603     129.3924
    6604     130.6866
    6605     123.3346
    6606     121.2141
    6607     121.7074
    6608     124.1515
    6609     121.1904
    6610     122.4067
    6611     119.6557
    6612     119.6117
    6613     117.1578
    6614     119.0396
    6615     118.6314
    6616     119.3886
    6617     125.7322
    6618     119.5768
    6619     122.4878
    6620     120.1733
    6621     118.0130
    6622     116.1703
    6623     116.3226
    6624     122.0100
    6625     117.4251
    6626     117.8825
    6627     120.6137
    6628     123.4196
    6629     116.6668
    6630     115.5224
    6631     120.1651
    6632     119.8861
    6633     122.2418
    6634     120.8458
    6635     122.0621
    6636     121.0775
    6637     119.0594
    6638     124.1724
    6639     124.0620
    6640     125.7192
    6641     125.7155
    6642     124.8091
    6643     123.4549
    6644     123.4328
    6645     123.6838
    6646     128.4304
    6647     129.5233
    6648     130.2893
    6649     126.8433
    6650     125.0839
    6651     127.2551
    6652     123.9434
    6653     121.4872
    6654     117.5247
    6655     116.2651
    6656     118.2522
    6657     118.0529
    6658     125.8420
    6659     123.6000
    6660     120.4052
    6661     126.1320
    6662     127.0420
    6663     122.6688
    6664     129.9588
    6665     125.0623
    6666     125.0531
    6667     123.0438
    6668     123.7007
    6669     123.8197
    6670     125.6311
    6671     120.3815
    6672     121.6731
    6673     124.2139
    6674     124.1557
    6675     127.2511
    6676     125.7093
    6677     127.0956
    6678     126.0026
    6679     120.6985
    6680     122.9640
    6681     124.0864
    6682     125.2770
    6683     126.8096
    6684     119.3700
    6685     122.4535
    6686     130.4810
    6687     127.8931
    6688     121.2252
    6689     120.1550
    6690     122.3692
    6691     125.2586
    6692     125.3344
    6693     126.6554
    6694     124.4101
    6695     126.5886
    6696     125.5264
    6697     124.7289
    6698     123.3163
    6699     119.9626
    6700     120.3096
    6701     126.7104
    6702     126.4534
    6703     128.1627
    6704     129.8565
    6705     132.9606
    6706     126.2239
    6707     125.0668
    6708     131.6075
    6709     125.5401
    6710     130.0365
    6711     126.6153
    6712     127.7349
    6713     120.9245
    6714     120.7265
    6715     127.3135
    6716     128.0530
    6717     132.7988
    6718     138.0816
    6719     128.6244
    6720     124.8668
    6721     127.3834
    6722     121.9966
    6723     123.0905
    6724     122.4687
    6725     120.7137
    6726     130.4225
    6727     124.9813
    6728     126.0031
    6729     126.8566
    6730     126.7779
    6731     129.1195
    6732     126.3100
    6733     126.9145
    6734     127.3713
    6735     128.7227
    6736     128.5590
    6737     131.9981
    6738     128.3395
    6739     126.6305
    6740     130.1415
    6741     130.0449
    6742     122.5473
    6743     123.9025
    6744     127.4436
    6745     131.0772
    6746     122.4058
    6747     123.1269
    6748     125.9506
    6749     129.1363
    6750     129.5401
    6751     127.4358
    6752     124.6355
    6753     130.5501
    6754     127.4563
    6755     119.2858
    6756     121.5454
    6757     122.2657
    6758     122.9868
    6759     126.5821
    6760     119.7303
    6761     122.9995
    6762     118.2731
    6763     118.9299
    6764     119.5044
    6765     126.8753
    6766     123.5580
    6767     125.0916
    6768     127.7854
    6769     130.3226
    6770     128.8033
    6771     127.2015
    6772     129.9329
    6773     126.9661
    6774     132.3833
    6775     129.9838
    6776     127.2345
    6777     125.2704
    6778     132.2352
    6779     125.4934
    6780     123.6310
    6781     128.5997
    6782     129.2804
    6783     127.2079
    6784     131.4722
    6785     127.5024
    6786     123.5893
    6787     119.9301
    6788     123.8494
    6789     126.4279
    6790     129.8629
    6791     131.6744
    6792     129.9727
    6793     130.7225
    6794     122.9072
    6795     129.2131
    6796     131.1928
    6797     126.2466
    6798     129.3775
    6799     124.9520
    6800     126.4317
    6801     128.2483
    6802     127.4788
    6803     127.5298
    6804     132.1159
    6805     127.1097
    6806     125.8380
    6807     130.6311
    6808     128.1388
    6809     134.3510
    6810     133.4019
    6811     132.1482
    6812     134.7960
    6813     128.0633
    6814     134.0791
    6815     132.1336
    6816     129.9435
    6817     133.3723
    6818     135.0329
    6819     128.9200
    6820     134.7867
    6821     130.0395
    6822     125.0113
    6823     129.2796
    6824     129.4172
    6825     132.7349
    6826     131.8774
    6827     132.1166
    6828     133.7047
    6829     129.5459
    6830     132.6993
    6831     133.5444
    6832     135.2975
    6833     137.5361
    6834     137.5340
    6835     133.3408
    6836     128.6512
    6837     130.5522
    6838     125.8728
    6839     130.3899
    6840     129.7527
    6841     130.9591
    6842     133.7495
    6843     132.3540
    6844     131.4535
    6845     128.7674
    6846     125.2810
    6847     127.0524
    6848     132.4142
    6849     127.0305
    6850     129.0442
    6851     130.8909
    6852     123.7866
    6853     120.0929
    6854     119.1106
    6855     119.9882
    6856     121.6139
    6857     119.6200
    6858     120.7314
    6859     124.5433
    6860     124.4898
    6861     125.8638
    6862     128.6612
    6863     127.1157
    6864     126.5127
    6865     125.8536
    6866     124.5222
    6867     125.1826
    6868     120.3701
    6869     118.2329
    6870     119.0245
    6871     126.8478
    6872     127.4327
    6873     128.5100
    6874     122.9720
    6875     124.4032
    6876     128.8316
    6877     132.5510
    6878     132.5122
    6879     127.4699
    6880     123.3011
    6881     130.2062
    6882     125.1091
    6883     120.6822
    6884     122.8620
    6885     125.1947
    6886     127.6027
    6887     130.0735
    6888     124.1115
    6889     125.4624
    6890     124.4178
    6891     126.4097
    6892     119.1301
    6893     125.5504
    6894     124.9708
    6895     125.1046
    6896     125.4732
    6897     124.8799
    6898     124.6284
    6899     127.7898
    6900     124.8533
    6901     122.1110
    6902     123.3257
    6903     119.9643
    6904     115.7257
    6905     117.3420
    6906     118.8180
    6907     118.8998
    6908     122.6950
    6909     122.4940
    6910     126.2244
    6911     125.7023
    6912     128.2613
    6913     125.9322
    6914     123.8509
    6915     124.9189
    6916     121.8478
    6917     125.6831
    6918     125.8900
    6919     125.6598
    6920     127.9263
    6921     119.0333
    6922     122.5997
    6923     115.2061
    6924     120.3545
    6925     117.5465
    6926     117.3118
    6927     117.4793
    6928     119.1148
    6929     118.1518
    6930     119.3580
    6931     122.8573
    6932     117.9907
    6933     122.9465
    6934     125.7486
    6935     126.4867
    6936     128.6441
    6937     129.1742
    6938     127.2407
    6939     129.2805
    6940     131.2928
    6941     123.2755
    6942     123.6614
    6943     120.8318
    6944     123.8639
    6945     122.8660
    6946     126.7562
    6947     121.1060
    6948     124.2249
    6949     129.9143
    6950     130.8732
    6951     130.3187
    6952     129.3740
    6953     127.8765
    6954     118.3633
    6955     114.9662
    6956     122.3874
    6957     124.3747
    6958     126.7300
    6959     129.3029
    6960     125.4174
    6961     127.6277
    6962     127.5135
    6963     126.5133
    6964     128.6084
    6965     127.2602
    6966     127.8571
    6967     125.4316
    6968     122.6261
    6969     123.4368
    6970     122.4036
    6971     120.4318
    6972     121.8241
    6973     124.8429
    6974     121.3269
    6975     124.5916
    6976     125.0260
    6977     123.5325
    6978     125.2615
    6979     123.9849
    6980     125.4965
    6981     123.1714
    6982     124.1897
    6983     120.1135
    6984     127.6052
    6985     126.2372
    6986     124.1947
    6987     126.6486
    6988     124.5814
    6989     127.2837
    6990     125.1883
    6991     122.9570
    6992     122.8167
    6993     116.8444
    6994     124.6512
    6995     125.0723
    6996     126.6829
    6997     127.7975
    6998     129.9783
    6999     123.4809
    7000     124.2087
    7001     121.3376
    7002     118.6161
    7003     123.3471
    7004     121.2999
    7005     117.0159
    7006     115.9139
    7007     120.1747
    7008     116.3052
    7009     121.0334
    7010     119.6856
    7011     117.0374
    7012     112.0913
    7013     111.3532
    7014     118.0483
    7015     115.0460
    7016     116.8221
    7017     120.3017
    7018     125.5077
    7019     122.5185
    7020     124.7770
    7021     119.5985
    7022     119.8048
    7023     120.1457
    7024     116.5969
    7025     114.3592
    7026     114.0801
    7027     114.3528
    7028     110.4443
    7029     111.6417
    7030     114.7063
    7031     114.9320
    7032     115.3960
    7033     120.6203
    7034     115.5676
    7035     116.7263
    7036     117.4600
    7037     120.9631
    7038     125.3446
    7039     124.3831
    7040     124.7119
    7041     126.1694
    7042     126.1641
    7043     126.5577
    7044     125.6618
    7045     122.1340
    7046     119.9222
    7047     123.0712
    7048     118.3287
    7049     116.5867
    7050     122.2314
    7051     122.6455
    7052     129.5765
    7053     130.7140
    7054     126.7236
    7055     126.4629
    7056     121.8234
    7057     131.1215
    7058     129.0325
    7059     122.4018
    7060     123.8942
    7061     121.6794
    7062     122.6451
    7063     121.1795
    7064     122.5325
    7065     118.7416
    7066     120.3497
    7067     125.1700
    7068     120.4859
    7069     125.0402
    7070     126.1288
    7071     133.9051
    7072     129.4859
    7073     134.4333
    7074     131.5224
    7075     124.2643
    7076     124.6576
    7077     124.4556
    7078     121.6811
    7079     126.3658
    7080     125.1985
    7081     128.5812
    7082     127.6944
    7083     123.9481
    7084     122.8504
    7085     123.0920
    7086     117.9328
    7087     122.8346
    7088     119.6612
    7089     124.8640
    7090     128.7242
    7091     123.5766
    7092     125.9209
    7093     127.7671
    7094     123.8113
    7095     122.4737
    7096     127.9009
    7097     119.5501
    7098     124.9979
    7099     122.9973
    7100     124.6324
    7101     127.5665
    7102     127.1740
    7103     126.9684
    7104     125.4214
    7105     125.2659
    7106     125.1131
    7107     132.3167
    7108     134.7175
    7109     134.9234
    7110     131.7610
    7111     127.3936
    7112     132.2044
    7113     131.0922
    7114     132.5257
    7115     128.4023
    7116     130.8168
    7117     130.2396
    7118     132.0164
    7119     126.7602
    7120     128.1225
    7121     126.6956
    7122     125.0728
    7123     129.1330
    7124     129.4551
    7125     129.2817
    7126     123.9532
    7127     125.6720
    7128     121.6887
    7129     121.7721
    7130     124.0149
    7131     126.3612
    7132     125.7962
    7133     128.9354
    7134     126.8170
    7135     132.2821
    7136     127.7497
    7137     123.4784
    7138     125.3195
    7139     126.8558
    7140     128.9179
    7141     129.0168
    7142     129.2071
    7143     130.2449
    7144     123.9259
    7145     125.9041
    7146     129.1524
    7147     127.0748
    7148     122.0523
    7149     124.6858
    7150     127.4550
    7151     123.6840
    7152     130.1346
    7153     129.4689
    7154     130.4832
    7155     124.0332
    7156     123.7621
    7157     125.2299
    7158     120.9600
    7159     123.2039
    7160     120.7022
    7161     119.3406
    7162     123.5681
    7163     117.8836
    7164     119.6361
    7165     119.7299
    7166     118.3607
    7167     118.3632
    7168     123.6995
    7169     120.5883
    7170     121.7247
    7171     118.5004
    7172     123.9170
    7173     122.8301
    7174     122.1247
    7175     123.6008
    7176     120.9541
    7177     117.3478
    7178     115.9996
    7179     115.9582
    7180     115.3590
    7181     114.7873
    7182     116.4130
    7183     121.3141
    7184     121.7070
    7185     119.4699
    7186     120.8793
    7187     120.5181
    7188     123.0640
    7189     121.9428
    7190     120.5592
    7191     119.8844
    7192     122.4384
    7193     121.3968
    7194     122.1139
    7195     123.3950
    7196     121.0803
    7197     119.1209
    7198     126.2452
    7199     123.0038
    7200     123.4212
    7201     120.2462
    7202     126.8886
    7203     128.7572
    7204     126.4452
    7205     123.6261
    7206     123.2538
    7207     122.6119
    7208     121.3161
    7209     127.3751
    7210     129.9729
    7211     126.8649
    7212     124.3007
    7213     121.1754
    7214     123.8260
    7215     122.6762
    7216     126.2114
    7217     125.8122
    7218     119.8263
    7219     121.3703
    7220     118.4290
    7221     118.1056
    7222     118.9193
    7223     117.3341
    7224     118.3707
    7225     125.1795
    7226     124.6437
    7227     123.2744
    7228     120.8253
    7229     122.5425
    7230     119.4326
    7231     123.8003
    7232     125.9884
    7233     123.8123
    7234     125.5974
    7235     132.3315
    7236     127.2339
    7237     124.9851
    7238     125.1398
    7239     125.0078
    7240     125.3108
    7241     125.8299
    7242     125.8717
    7243     127.5501
    7244     126.6570
    7245     128.0489
    7246     125.5803
    7247     122.7612
    7248     127.4591
    7249     124.7754
    7250     123.0188
    7251     120.7676
    7252     124.7636
    7253     124.1706
    7254     121.7081
    7255     118.6429
    7256     121.7955
    7257     123.5567
    7258     123.2599
    7259     124.5498
    7260     123.6093
    7261     124.2951
    7262     116.7176
    7263     115.3998
    7264     116.8366
    7265     114.8882
    7266     119.8346
    7267     126.6964
    7268     124.9995
    7269     125.8412
    7270     123.7960
    7271     122.1241
    7272     114.9993
    7273     120.5405
    7274     119.9987
    7275     119.6557
    7276     121.1998
    7277     120.4122
    7278     125.0630
    7279     118.2515
    7280     125.0600
    7281     126.4713
    7282     127.1799
    7283     128.1003
    7284     123.2430
    7285     121.1142
    7286     124.4718
    7287     123.5968
    7288     120.7463
    7289     123.2745
    7290     122.6601
    7291     122.7708
    7292     121.6670
    7293     119.6283
    7294     118.9586
    7295     118.1351
    7296     119.8723
    7297     122.6876
    7298     121.8311
    7299     122.9305
    7300     121.5566
    7301     126.0058
    7302     123.3835
    7303     125.7500
    7304     124.6489
    7305     124.2644
    7306     121.4170
    7307     119.6526
    7308     119.1552
    7309     117.5953
    7310     117.6089
    7311     116.1979
    7312     118.6426
    7313     119.6010
    7314     120.9188
    7315     123.6580
    7316     118.5311
    7317     122.6148
    7318     124.3207
    7319     123.4548
    7320     126.2232
    7321     122.5241
    7322     127.4051
    7323     129.6065
    7324     126.7354
    7325     123.3067
    7326     128.6464
    7327     126.8149
    7328     129.2492
    7329     128.5467
    7330     126.2927
    7331     124.4736
    7332     120.8176
    7333     118.3564
    7334     116.5700
    7335     120.9968
    7336     125.5241
    7337     124.7773
    7338     119.0357
    7339     119.5158
    7340     121.6352
    7341     126.4874
    7342     124.1674
    7343     128.2142
    7344     131.1739
    7345     125.2002
    7346     123.4422
    7347     123.3043
    7348     120.3047
    7349     120.3247
    7350     117.7859
    7351     122.0197
    7352     127.9489
    7353     120.3294
    7354     123.5236
    7355     119.3746
    7356     125.2464
    7357     124.0861
    7358     121.1040
    7359     127.5252
    7360     118.4039
    7361     119.0493
    7362     119.3603
    7363     119.9418
    7364     123.9154
    7365     119.7095
    7366     118.3367
    7367     116.4287
    7368     120.3943
    7369     116.6054
    7370     120.2137
    7371     121.0843
    7372     116.9780
    7373     121.3002
    7374     122.5537
    7375     117.5546
    7376     120.4549
    7377     125.2758
    7378     122.8615
    7379     123.8944
    7380     121.0167
    7381     116.7119
    7382     119.4151
    7383     125.3180
    7384     120.3684
    7385     114.3534
    7386     112.5940
    7387     112.6742
    7388     113.5484
    7389     110.4256
    7390     113.1295
    7391     112.5559
    7392     115.1148
    7393     117.0712
    7394     118.9355
    7395     120.1805
    7396     119.6108
    7397     120.3066
    7398     123.6917
    7399     120.9000
    7400     118.0355
    7401     117.9052
    7402     116.5166
    7403     115.8973
    7404     115.7584
    7405     123.3491
    7406     125.0308
    7407     121.5196
    7408     119.4061
    7409     120.9633
    7410     123.6479
    7411     123.8041
    7412     121.0470
    7413     121.9628
    7414     118.6739
    7415     123.8963
    7416     121.5750
    7417     118.1888
    7418     119.1307
    7419     120.3791
    7420     115.5803
    7421     119.2794
    7422     120.3062
    7423     121.8879
    7424     128.4646
    7425     130.3815
    7426     123.3306
    7427     123.6656
    7428     122.7950
    7429     118.7330
    7430     123.1341
    7431     119.9155
    7432     116.9983
    7433     116.3450
    7434     123.9052
    7435     125.7336
    7436     121.9725
    7437     123.1405
    7438     126.1439
    7439     126.3734
    7440     118.6785
    7441     115.4357
    7442     122.0052
    7443     123.4848
    7444     128.3014
    7445     123.5358
    7446     124.8162
    7447     120.2688
    7448     119.6893
    7449     123.1649
    7450     126.8817
    7451     131.1491
    7452     125.0383
    7453     122.4781
    7454     116.9330
    7455     116.5633
    7456     117.6541
    7457     122.6740
    7458     125.2274
    7459     119.7178
    7460     115.9956
    7461     119.4091
    7462     118.7980
    7463     117.7658
    7464     126.5497
    7465     121.3207
    7466     124.2248
    7467     119.6607
    7468     123.3827
    7469     122.7074
    7470     130.0679
    7471     126.0738
    7472     126.1015
    7473     126.0103
    7474     123.4203
    7475     128.0762
    7476     130.2821
    7477     126.6380
    7478     127.4064
    7479     130.3949
    7480     135.3940
    7481     123.6380
    7482     125.6917
    7483     122.0407
    7484     124.8618
    7485     122.0333
    7486     123.0210
    7487     127.6070
    7488     126.6732
    7489     124.6779
    7490     126.1851
    7491     123.9250
    7492     122.6999
    7493     122.7184
    7494     121.9427
    7495     122.9675
    7496     119.6813
    7497     122.3757
    7498     127.3262
    7499     124.2286
    7500     122.1247
    7501     125.5369
    7502     120.1824
    7503     126.9743
    7504     127.8781
    7505     124.3437
    7506     125.0491
    7507     119.8243
    7508     123.4868
    7509     123.3144
    7510     129.3741
    7511     128.9142
    7512     127.0445
    7513     124.0839
    7514     126.0695
    7515     122.7032
    7516     123.0036
    7517     125.4678
    7518     123.9628
    7519     125.5174
    7520     127.4278
    7521     119.7711
    7522     116.5173
    7523     116.4378
    7524     120.4986
    7525     116.0135
    7526     118.2647
    7527     120.9348
    7528     119.1937
    7529     123.2604
    7530     118.1882
    7531     120.5975
    7532     120.1452
    7533     120.7837
    7534     119.2211
    7535     120.7731
    7536     123.6381
    7537     123.4019
    7538     121.2775
    7539     121.8135
    7540     118.2130
    7541     121.7048
    7542     118.6042
    7543     120.0576
    7544     118.2027
    7545     121.7256
    7546     117.7192
    7547     120.8367
    7548     121.1240
    7549     125.8110
    7550     122.5821
    7551     118.5425
    7552     121.0185
    7553     119.3395
    7554     115.0545
    7555     119.3329
    7556     121.8425
    7557     121.7600
    7558     124.6788
    7559     122.8909
    7560     126.7528
    7561     126.9073
    7562     124.3806
    7563     127.7655
    7564     129.3519
    7565     125.5001
    7566     126.4797
    7567     119.9255
    7568     120.3591
    7569     120.4592
    7570     117.0248
    7571     123.2446
    7572     121.2269
    7573     120.9403
    7574     124.6322
    7575     126.1211
    7576     126.9205
    7577     119.8861
    7578     124.5510
    7579     123.6035
    7580     130.3112
    7581     126.2700
    7582     125.0877
    7583     124.8496
    7584     118.2896
    7585     119.6178
    7586     119.2399
    7587     120.3085
    7588     119.3909
    7589     116.5146
    7590     118.4239
    7591     121.4080
    7592     125.7014
    7593     125.8026
    7594     122.8850
    7595     126.3439
    7596     126.7017
    7597     121.5920
    7598     120.1547
    7599     123.7903
    7600     128.8208
    7601     122.6489
    7602     119.8956
    7603     124.5530
    7604     120.2175
    7605     123.0316
    7606     121.7447
    7607     122.4799
    7608     124.0800
    7609     123.0139
    7610     126.2642
    7611     122.1128
    7612     123.1197
    7613     126.3148
    7614     122.1749
    7615     121.4758
    7616     125.8880
    7617     131.5607
    7618     127.1206
    7619     130.3146
    7620     124.2002
    7621     127.0843
    7622     130.8474
    7623     135.1968
    7624     130.9251
    7625     124.3224
    7626     123.4627
    7627     128.2463
    7628     130.1139
    7629     123.1274
    7630     129.6394
    7631     128.4909
    7632     123.1908
    7633     119.1063
    7634     120.4235
    7635     123.5680
    7636     127.4539
    7637     128.4609
    7638     132.5253
    7639     130.5102
    7640     130.7527
    7641     125.0654
    7642     128.6301
    7643     127.3698
    7644     129.7158
    7645     128.7714
    7646     130.0887
    7647     124.5905
    7648     121.0076
    7649     130.1723
    7650     130.0623
    7651     126.5523
    7652     127.7004
    7653     125.8013
    7654     124.4267
    7655     125.1479
    7656     119.6392
    7657     121.8199
    7658     120.9106
    7659     123.0426
    7660     121.0682
    7661     122.2828
    7662     116.5587
    7663     119.0082
    7664     121.1974
    7665     124.8609
    7666     125.8907
    7667     125.3141
    7668     128.6846
    7669     129.2711
    7670     127.0778
    7671     122.0941
    7672     123.1688
    7673     126.0922
    7674     133.4573
    7675     132.2313
    7676     126.6092
    7677     127.9223
    7678     124.1856
    7679     120.3393
    7680     120.7513
    7681     118.3841
    7682     116.6807
    7683     118.1368
    7684     127.6400
    7685     124.6748
    7686     116.8352
    7687     118.1910
    7688     115.4178
    7689     120.1356
    7690     117.8399
    7691     117.5793
    7692     116.2571
    7693     119.5011
    7694     118.9328
    7695     120.0673
    7696     126.6334
    7697     125.1115
    7698     121.8248
    7699     124.4215
    7700     126.4419
    7701     124.0374
    7702     123.3906
    7703     124.4386
    7704     120.3848
    7705     116.6052
    7706     119.8606
    7707     118.3362
    7708     122.8861
    7709     119.3278
    7710     124.2917
    7711     122.9881
    7712     121.6824
    7713     123.3288
    7714     120.5803
    7715     124.5568
    7716     121.9526
    7717     123.9791
    7718     126.2880
    7719     121.9016
    7720     115.1832
    7721     113.4257
    7722     117.8017
    7723     123.1862
    7724     122.1556
    7725     118.6836
    7726     121.4957
    7727     123.6771
    7728     121.1610
    7729     121.1940
    7730     117.9939
    7731     120.8693
    7732     117.0611
    7733     116.9227
    7734     114.8081
    7735     119.5266
    7736     121.6652
    7737     123.3288
    7738     117.5697
    7739     116.3590
    7740     118.5414
    7741     118.9827
    7742     121.5794
    7743     120.7566
    7744     118.6137
    7745     127.9008
    7746     126.6862
    7747     126.1502
    7748     119.5269
    7749     118.2556
    7750     126.4286
    7751     124.5427
    7752     128.3029
    7753     128.4554
    7754     128.6174
    7755     128.0047
    7756     127.0372
    7757     127.1917
    7758     128.5970
    7759     129.4096
    7760     127.8763
    7761     120.5372
    7762     121.1232
    7763     121.3058
    7764     119.5898
    7765     120.3619
    7766     123.8116
    7767     125.8320
    7768     126.4804
    7769     125.4536
    7770     128.9389
    7771     124.2847
    7772     125.4133
    7773     126.5877
    7774     129.7097
    7775     132.7729
    7776     128.2490
    7777     129.1865
    7778     121.9112
    7779     124.3977
    7780     124.6808
    7781     126.5370
    7782     122.4489
    7783     127.5863
    7784     129.5703
    7785     133.5821
    7786     127.6723
    7787     125.6021
    7788     131.7992
    7789     132.1539
    7790     127.1776
    7791     131.2003
    7792     128.0615
    7793     122.4974
    7794     125.6659
    7795     128.1698
    7796     128.9440
    7797     125.1818
    7798     124.1281
    7799     129.3374
    7800     131.7514
    7801     128.5363
    7802     124.6486
    7803     126.7108
    7804     123.7594
    7805     123.0142
    7806     127.1023
    7807     126.5539
    7808     130.1659
    7809     128.3809
    7810     126.3859
    7811     126.6727
    7812     127.4085
    7813     125.6149
    7814     129.2975
    7815     128.4632
    7816     128.9986
    7817     126.1616
    7818     122.2508
    7819     120.5907
    7820     120.4423
    7821     121.9703
    7822     122.4350
    7823     126.2247
    7824     122.5086
    7825     122.0807
    7826     125.4156
    7827     127.1837
    7828     130.9857
    7829     129.9544
    7830     128.7934
    7831     127.4488
    7832     135.9757
    7833     130.1658
    7834     132.1769
    7835     127.9355
    7836     122.2256
    7837     120.0175
    7838     118.0964
    7839     117.5401
    7840     118.8616
    7841     121.9027
    7842     120.2998
    7843     121.0272
    7844     122.2170
    7845     128.1035
    7846     127.6757
    7847     129.2899
    7848     126.7431
    7849     123.0437
    7850     125.3672
    7851     124.7000
    7852     125.7758
    7853     120.7659
    7854     122.8763
    7855     124.8530
    7856     125.8035
    7857     120.2645
    7858     125.3871
    7859     124.3164
    7860     123.6573
    7861     123.3330
    7862     120.3507
    7863     120.9633
    7864     122.0725
    7865     122.7997
    7866     122.5737
    7867     122.0674
    7868     121.9416
    7869     120.5791
    7870     120.5511
    7871     124.1204
    7872     119.2827
    7873     123.2144
    7874     122.0954
    7875     125.7868
    7876     119.8698
    7877     124.1814
    7878     123.5394
    7879     127.8780
    7880     129.0932
    7881     127.7769
    7882     123.9704
    7883     125.6318
    7884     126.4302
    7885     128.0084
    7886     122.8192
    7887     123.3382
    7888     121.3841
    7889     123.2530
    7890     119.0203
    7891     127.2746
    7892     130.5657
    7893     128.1762
    7894     126.2231
    7895     121.7558
    7896     122.5351
    7897     119.4578
    7898     119.7981
    7899     118.1960
    7900     119.4946
    7901     120.9856
    7902     124.1587
    7903     126.3420
    7904     128.0551
    7905     128.9084
    7906     125.8650
    7907     127.5096
    7908     129.2254
    7909     135.7829
    7910     129.1893
    7911     128.8152
    7912     125.7540
    7913     128.7433
    7914     124.0414
    7915     123.3097
    7916     118.8710
    7917     122.9661
    7918     122.4013
    7919     118.1144
    7920     120.4520
    7921     127.4958
    7922     126.8102
    7923     123.1362
    7924     118.0559
    7925     119.3470
    7926     125.9359
    7927     124.7537
    7928     127.6051
    7929     123.9515
    7930     122.0497
    7931     123.5863
    7932     122.6940
    7933     122.4171
    7934     125.0452
    7935     124.9079
    7936     121.1661
    7937     122.8498
    7938     128.1123
    7939     128.2451
    7940     129.2221
    7941     132.4729
    7942     128.3110
    7943     127.5084
    7944     128.1220
    7945     131.3952
    7946     132.7352
    7947     126.1414
    7948     127.5518
    7949     133.8959
    7950     131.8978
    7951     131.1075
    7952     137.2385
    7953     136.7254
    7954     134.5570
    7955     133.2609
    7956     132.5192
    7957     132.5822
    7958     124.6346
    7959     130.1911
    7960     128.2512
    7961     129.2499
    7962     130.8309
    7963     127.0462
    7964     130.4663
    7965     126.5187
    7966     130.7551
    7967     134.7574
    7968     132.0184
    7969     132.1454
    7970     129.4574
    7971     132.9878
    7972     130.9868
    7973     127.5726
    7974     129.3918
    7975     127.6482
    7976     129.7516
    7977     131.3186
    7978     134.1710
    7979     131.4668
    7980     132.9625
    7981     134.2384
    7982     130.1315
    7983     125.1090
    7984     127.2139
    7985     123.4481
    7986     124.5961
    7987     127.8664
    7988     125.8235
    7989     124.3307
    7990     121.0855
    7991     128.2469
    7992     127.8481
    7993     124.4374
    7994     123.2301
    7995     128.9640
    7996     121.1805
    7997     127.7485
    7998     129.4395
    7999     125.0360
    8000     122.3867
    8001     122.0796
    8002     127.9784
    8003     126.8934
    8004     123.9066
    8005     126.3953
    8006     122.4722
    8007     119.7060
    8008     121.3491
    8009     123.1337
    8010     126.2988
    8011     129.6627
    8012     125.4592
    8013     124.0471
    8014     120.1419
    8015     123.6598
    8016     128.5186
    8017     119.6785
    8018     124.6341
    8019     117.5863
    8020     125.0381
    8021     120.2964
    8022     123.2523
    8023     123.1142
    8024     120.4602
    8025     121.3913
    8026     127.5179
    8027     128.5090
    8028     127.7034
    8029     128.0294
    8030     133.3630
    8031     135.2499
    8032     134.2242
    8033     130.3749
    8034     127.4057
    8035     133.1435
    8036     126.0658
    8037     125.1597
    8038     124.2976
    8039     121.0874
    8040     123.1647
    8041     124.4191
    8042     126.0984
    8043     127.7245
    8044     122.0753
    8045     124.7951
    8046     126.8176
    8047     123.4767
    8048     124.2704
    8049     125.2667
    8050     125.8084
    8051     125.3364
    8052     122.4291
    8053     119.2369
    8054     121.7509
    8055     125.8607
    8056     126.8539
    8057     128.0381
    8058     123.8999
    8059     122.4435
    8060     128.5440
    8061     125.0102
    8062     124.2763
    8063     122.7647
    8064     123.8954
    8065     125.2549
    8066     121.8944
    8067     125.3062
    8068     122.2477
    8069     123.7394
    8070     128.9752
    8071     121.8958
    8072     129.2567
    8073     126.9083
    8074     125.9708
    8075     124.8532
    8076     127.3979
    8077     123.7976
    8078     122.2396
    8079     128.9768
    8080     122.2140
    8081     120.4399
    8082     120.8443
    8083     129.9057
    8084     125.6026
    8085     127.8110
    8086     122.6186
    8087     128.7664
    8088     126.4665
    8089     125.8719
    8090     126.0018
    8091     123.1605
    8092     124.0155
    8093     125.2922
    8094     124.7656
    8095     129.1732
    8096     125.6033
    8097     126.8463
    8098     129.2400
    8099     129.2541
    8100     133.0882
    8101     128.7547
    8102     131.2207
    8103     132.4771
    8104     129.8807
    8105     128.6635
    8106     120.2946
    8107     129.3988
    8108     133.9924
    8109     130.1225
    8110     131.7253
    8111     130.1659
    8112     129.5110
    8113     128.6026
    8114     126.4916
    8115     125.2346
    8116     122.9461
    8117     127.6740
    8118     129.0667
    8119     128.3192
    8120     121.6685
    8121     123.1456
    8122     121.9817
    8123     118.1028
    8124     120.9444
    8125     123.5787
    8126     123.4271
    8127     130.2630
    8128     127.0880
    8129     133.9710
    8130     131.3277
    8131     128.0054
    8132     126.2549
    8133     128.2347
    8134     129.5126
    8135     134.3937
    8136     131.0056
    8137     129.0092
    8138     128.3157
    8139     128.9036
    8140     128.9678
    8141     124.6066
    8142     125.5049
    8143     125.9705
    8144     126.8243
    8145     124.0069
    8146     128.2544
    8147     128.7738
    8148     131.8665
    8149     127.1473
    8150     122.2516
    8151     123.4488
    8152     116.7113
    8153     120.1656
    8154     121.1213
    8155     122.5024
    8156     119.6495
    8157     124.9640
    8158     124.7693
    8159     128.4729
    8160     128.8953
    8161     130.0835
    8162     125.9251
    8163     130.3479
    8164     131.3539
    8165     131.2139
    8166     125.1134
    8167     123.6672
    8168     122.1974
    8169     128.5096
    8170     121.8919
    8171     123.6326
    8172     124.2156
    8173     126.0837
    8174     121.4149
    8175     124.7583
    8176     122.6199
    8177     117.0601
    8178     117.2738
    8179     114.7679
    8180     118.2439
    8181     121.6242
    8182     119.7154
    8183     122.7873
    8184     120.6228
    8185     116.7546
    8186     117.0426
    8187     125.6899
    8188     124.0777
    8189     121.4790
    8190     127.0973
    8191     130.2017
    8192     131.3202
    8193     129.3844
    8194     126.1235
    8195     125.4140
    8196     124.5722
    8197     125.2134
    8198     128.0281
    8199     132.5197
    8200     127.0890
    8201     122.9024
    8202     117.1361
    8203     115.3612
    8204     117.8909
    8205     118.3126
    8206     119.4534
    8207     120.9336
    8208     121.9148
    8209     114.0985
    8210     117.7524
    8211     119.0767
    8212     116.0575
    8213     119.1479
    8214     118.0276
    8215     115.0757
    8216     116.8989
    8217     120.1084
    8218     121.3789
    8219     121.9433
    8220     124.8129
    8221     127.4054
    8222     127.6397
    8223     124.9652
    8224     122.8007
    8225     122.3985
    8226     118.6899
    8227     120.2543
    8228     124.9559
    8229     126.3831
    8230     122.2672
    8231     126.6586
    8232     124.2133
    8233     123.3273
    8234     127.5839
    8235     122.5492
    8236     125.3107
    8237     128.7479
    8238     123.2968
    8239     123.2932
    8240     124.9637
    8241     124.0592
    8242     123.2577
    8243     118.3796
    8244     122.6599
    8245     120.5839
    8246     127.6892
    8247     120.2576
    8248     119.6795
    8249     118.3024
    8250     118.6299
    8251     122.5946
    8252     124.7359
    8253     122.1432
    8254     122.5096
    8255     116.6472
    8256     122.1562
    8257     117.7840
    8258     114.2042
    8259     115.0912
    8260     116.8067
    8261     116.7569
    8262     116.3142
    8263     116.8250
    8264     120.7352
    8265     121.1220
    8266     120.9252
    8267     122.2296
    8268     122.5360
    8269     121.0636
    8270     129.1524
    8271     126.4910
    8272     130.8385
    8273     124.3876
    8274     124.7017
    8275     127.2877
    8276     130.4901
    8277     127.4588
    8278     121.9193
    8279     123.4742
    8280     123.2955
    8281     123.3847
    8282     122.1540
    8283     124.3126
    8284     122.3701
    8285     119.9173
    8286     124.2826
    8287     129.4402
    8288     124.6632
    8289     119.2550
    8290     114.3106
    8291     117.3773
    8292     118.0870
    8293     120.1545
    8294     119.6687
    8295     120.6214
    8296     122.8428
    8297     129.8726
    8298     128.4157
    8299     123.1668
    8300     121.5585
    8301     119.3848
    8302     119.8852
    8303     118.8094
    8304     121.9113
    8305     123.1526
    8306     122.6002
    8307     129.7125
    8308     124.8043
    8309     124.0951
    8310     125.7372
    8311     119.2493
    8312     121.0108
    8313     122.4100
    8314     123.5370
    8315     125.1417
    8316     121.8821
    8317     113.6800
    8318     119.7704
    8319     117.8891
    8320     116.4761
    8321     119.8627
    8322     117.0338
    8323     120.0532
    8324     119.3264
    8325     112.3140
    8326     115.9424
    8327     123.2100
    8328     121.9078
    8329     119.3713
    8330     124.0310
    8331     125.4172
    8332     124.0016
    8333     122.7395
    8334     116.7937
    8335     118.5450
    8336     114.2583
    8337     120.7799
    8338     119.2362
    8339     120.5635
    8340     123.5704
    8341     122.6275
    8342     120.3139
    8343     122.1899
    8344     120.2672
    8345     122.8583
    8346     123.1641
    8347     125.7936
    8348     126.1135
    8349     124.9789
    8350     125.8296
    8351     125.4902
    8352     129.2855
    8353     124.5310
    8354     119.0576
    8355     122.4590
    8356     119.7453
    8357     124.8705
    8358     125.0718
    8359     124.7495
    8360     119.3181
    8361     124.5613
    8362     123.6181
    8363     122.5567
    8364     121.6613
    8365     123.8991
    8366     126.2784
    8367     124.4715
    8368     126.2255
    8369     119.9610
    8370     122.0105
    8371     121.0319
    8372     125.3199
    8373     126.6540
    8374     125.3174
    8375     126.9259
    8376     125.3374
    8377     128.8614
    8378     123.3829
    8379     127.4744
    8380     123.9875
    8381     123.2983
    8382     124.9554
    8383     127.5411
    8384     125.4955
    8385     130.5034
    8386     127.4265
    8387     123.3906
    8388     125.9651
    8389     124.2467
    8390     129.2618
    8391     127.9544
    8392     127.6419
    8393     127.0512
    8394     126.8253
    8395     123.2198
    8396     124.7988
    8397     125.3887
    8398     129.6403
    8399     131.7647
    8400     130.7851
    8401     127.2554
    8402     122.6502
    8403     118.5151
    8404     120.8695
    8405     124.8315
    8406     122.6785
    8407     130.5564
    8408     126.2730
    8409     123.5732
    8410     121.0899
    8411     130.1059
    8412     125.5184
    8413     124.3829
    8414     121.2442
    8415     127.6461
    8416     126.7380
    8417     131.8323
    8418     126.9842
    8419     126.3417
    8420     125.3502
    8421     116.7873
    8422     113.2645
    8423     121.6905
    8424     118.6611
    8425     121.8803
    8426     123.7754
    8427     123.2259
    8428     118.8821
    8429     119.6753
    8430     118.8573
    8431     120.1756
    8432     122.1720
    8433     115.4244
    8434     123.5672
    8435     123.5629
    8436     117.6028
    8437     114.9730
    8438     113.8837
    8439     112.6491
    8440     111.3987
    8441     113.0652
    8442     114.8722
    8443     119.2765
    8444     114.4406
    8445     113.8509
    8446     115.2442
    8447     126.9544
    8448     125.1375
    8449     118.1950
    8450     116.2000
    8451     117.4653
    8452     115.0357
    8453     115.3047
    8454     113.1598
    8455     114.5476
    8456     116.6332
    8457     113.2695
    8458     119.7197
    8459     123.2586
    8460     117.8214
    8461     122.9374
    8462     116.0178
    8463     119.4064
    8464     114.4306
    8465     112.4553
    8466     111.5489
    8467     115.0546
    8468     113.1371
    8469     117.9022
    8470     116.2001
    8471     124.4543
    8472     123.9094
    8473     118.6354
    8474     116.4194
    8475     120.8573
    8476     119.2481
    8477     118.3002
    8478     120.4753
    8479     121.3546
    8480     119.5365
    8481     118.7642
    8482     122.4272
    8483     126.7276
    8484     122.9682
    8485     118.2730
    8486     124.8758
    8487     126.2635
    8488     124.2987
    8489     120.6994
    8490     120.4979
    8491     119.5673
    8492     123.9951
    8493     125.8305
    8494     122.6915
    8495     123.6679
    8496     121.4486
    8497     126.4330
    8498     132.2118
    8499     129.0600
    8500     124.2988
    8501     121.8469
    8502     120.1581
    8503     120.8614
    8504     121.2897
    8505     125.2851
    8506     126.1069
    8507     121.0590
    8508     120.2573
    8509     115.1668
    8510     118.7654
    8511     122.6157
    8512     123.2914
    8513     121.3665
    8514     126.7735
    8515     125.3683
    8516     127.0779
    8517     124.2619
    8518     120.6893
    8519     123.5229
    8520     121.2410
    8521     122.3407
    8522     120.2267
    8523     121.9750
    8524     123.0106
    8525     127.4404
    8526     125.7812
    8527     126.1640
    8528     127.3782
    8529     127.1901
    8530     129.2519
    8531     129.4769
    8532     128.3847
    8533     128.0601
    8534     128.1641
    8535     128.4856
    8536     125.3377
    8537     124.4454
    8538     124.9577
    8539     122.8336
    8540     123.9760
    8541     121.2013
    8542     127.3737
    8543     126.9472
    8544     125.9006
    8545     136.1001
    8546     136.3203
    8547     129.8022
    8548     131.7332
    8549     128.3064
    8550     127.2883
    8551     128.6365
    8552     128.8125
    8553     126.3390
    8554     124.9172
    8555     125.7520
    8556     125.4047
    8557     119.3302
    8558     120.7692
    8559     121.9985
    8560     126.6323
    8561     127.5958
    8562     126.8197
    8563     121.7408
    8564     125.0081
    8565     124.4501
    8566     123.2761
    8567     126.6654
    8568     127.7581
    8569     129.1269
    8570     129.9749
    8571     131.4185
    8572     127.5322
    8573     127.0164
    8574     120.7642
    8575     124.2384
    8576     121.8276
    8577     120.3191
    8578     121.4224
    8579     125.0133
    8580     122.0975
    8581     120.4195
    8582     128.2571
    8583     126.3273
    8584     125.1380
    8585     123.3328
    8586     122.8317
    8587     125.0427
    8588     124.3575
    8589     121.3206
    8590     119.4386
    8591     122.3496
    8592     114.2666
    8593     116.8261
    8594     115.9916
    8595     117.0020
    8596     121.2112
    8597     118.8744
    8598     119.2586
    8599     124.3876
    8600     123.6658
    8601     119.4093
    8602     117.5974
    8603     121.4376
    8604     121.6211
    8605     119.2412
    8606     119.6766
    8607     118.7560
    8608     115.7822
    8609     118.3826
    8610     117.1712
    8611     117.5962
    8612     116.5545
    8613     115.6830
    8614     123.4790
    8615     122.1847
    8616     118.3601
    8617     114.9007
    8618     120.4111
    8619     120.3629
    8620     121.4317
    8621     119.2876
    8622     122.8902
    8623     125.6003
    8624     125.5626
    8625     123.1077
    8626     124.6524
    8627     122.3112
    8628     119.9588
    8629     122.2379
    8630     121.2383
    8631     122.5916
    8632     123.4579
    8633     123.5196
    8634     126.2435
    8635     124.6362
    8636     129.1972
    8637     131.2100
    8638     129.0759
    8639     127.9681
    8640     126.6023
    8641     125.5204
    8642     123.5226
    8643     122.2097
    8644     122.6426
    8645     122.4970
    8646     116.5525
    8647     122.3613
    8648     123.4293
    8649     123.9064
    8650     120.2555
    8651     116.6743
    8652     122.0458
    8653     114.4642
    8654     116.7201
    8655     116.5293
    8656     117.1137
    8657     120.7972
    8658     118.7059
    8659     120.1057
    8660     123.6417
    8661     124.5788
    8662     121.6892
    8663     120.6552
    8664     121.6747
    8665     124.2401
    8666     120.8441
    8667     115.5328
    8668     121.1791
    8669     122.4155
    8670     118.9078
    8671     123.0646
    8672     125.5529
    8673     124.0199
    8674     114.4214
    8675     112.0727
    8676     109.7919
    8677     110.2153
    8678     109.9548
    8679     115.2705
    8680     119.7047
    8681     122.2525
    8682     121.2703
    8683     121.3758
    8684     118.0770
    8685     116.9052
    8686     119.3941
    8687     123.2385
    8688     117.4060
    8689     116.3122
    8690     119.3827
    8691     120.7386
    8692     124.4002
    8693     120.1890
    8694     121.5475
    8695     120.6611
    8696     123.5228
    8697     120.2592
    8698     116.1985
    8699     115.3634
    8700     119.9416
    8701     118.8767
    8702     120.6960
    8703     118.1099
    8704     124.2597
    8705     125.5225
    8706     119.5612
    8707     122.4523
    8708     125.4756
    8709     120.9077
    8710     119.5083
    8711     122.2282
    8712     120.0520
    8713     122.3315
    8714     121.7719
    8715     120.6511
    8716     120.8186
    8717     113.3079
    8718     112.4600
    8719     123.7674
    8720     122.5650
    8721     117.5087
    8722     121.1807
    8723     122.1515
    8724     123.3713
    8725     121.8056
    8726     119.0833
    8727     127.5986
    8728     121.6257
    8729     119.9086
    8730     124.2626
    8731     117.7357
    8732     126.9801
    8733     126.9680
    8734     126.4595
    8735     126.4331
    8736     123.1347
    8737     123.5928
    8738     122.4449
    8739     125.6653
    8740     123.9536
    8741     119.7764
    8742     127.8091
    8743     118.3848
    8744     116.8753
    8745     125.7592
    8746     120.8326
    8747     118.0572
    8748     119.2385
    8749     126.3157
    8750     123.5351
    8751     119.9300
    8752     120.5586
    8753     120.0113
    8754     116.0318
    8755     121.2025
    8756     119.6061
    8757     124.8893
    8758     120.9283
    8759     118.8154
    8760     119.3080
    8761     118.8029
    8762     116.1343
    8763     117.9285
    8764     117.6492
    8765     125.8461
    8766     127.4936
    8767     127.6146
    8768     120.6778
    8769     122.1063
    8770     123.3245
    8771     123.5433
    8772     121.7589
    8773     116.6145
    8774     116.3282
    8775     112.5549
    8776     112.7608
    8777     117.9847
    8778     117.1351
    8779     115.7415
    8780     113.5195
    8781     118.2745
    8782     118.6223
    8783     122.7343
    8784     123.5513
    8785     123.3241
    8786     122.9519
    8787     126.7456
    8788     125.6566
    8789     120.8363
    8790     116.4683
    8791     121.7417
    8792     122.3273
    8793     124.0757
    8794     121.7068
    8795     132.0931
    8796     124.5488
    8797     126.1538
    8798     127.3150
    8799     124.5923
    8800     121.2079
    8801     125.6049
    8802     122.8844
    8803     123.1516
    8804     125.1844
    8805     123.1859
    8806     127.1312
    8807     126.2450
    8808     126.1129
    8809     127.9560
    8810     127.9244
    8811     126.9172
    8812     127.8231
    8813     130.8942
    8814     123.9780
    8815     120.7107
    8816     116.0912
    8817     119.1421
    8818     121.2891
    8819     124.3433
    8820     122.8876
    8821     121.4343
    8822     121.3763
    8823     116.8937
    8824     120.6897
    8825     123.5300
    8826     120.4209
    8827     123.1199
    8828     122.8597
    8829     121.6938
    8830     120.6333
    8831     119.8428
    8832     124.6241
    8833     124.2077
    8834     127.5844
    8835     127.7364
    8836     126.5604
    8837     125.0656
    8838     122.9916
    8839     122.6962
    8840     125.2683
    8841     122.5241
    8842     128.9205
    8843     123.0180
    8844     125.8896
    8845     130.9821
    8846     123.1394
    8847     128.0529
    8848     125.0045
    8849     128.4611
    8850     128.9312
    8851     126.7691
    8852     126.8462
    8853     126.8786
    8854     128.0891
    8855     126.8381
    8856     123.9370
    8857     123.0798
    8858     122.7302
    8859     122.2690
    8860     117.3242
    8861     121.3035
    8862     121.4008
    8863     123.4362
    8864     126.6623
    8865     128.7829
    8866     121.6829
    8867     114.6168
    8868     116.8586
    8869     110.1663
    8870     117.0473
    8871     121.9986
    8872     119.0730
    8873     113.6506
    8874     119.7968
    8875     114.1168
    8876     122.4216
    8877     120.2199
    8878     117.6997
    8879     121.4381
    8880     118.8150
    8881     122.3637
    8882     125.8570
    8883     120.3011
    8884     123.4817
    8885     118.9397
    8886     119.3742
    8887     120.8783
    8888     120.4714
    8889     118.0318
    8890     124.4398
    8891     135.3118
    8892     125.9149
    8893     125.1294
    8894     130.2159
    8895     131.8507
    8896     129.2657
    8897     125.1550
    8898     127.8204
    8899     130.7806
    8900     127.5266
    8901     125.6551
    8902     125.9044
    8903     129.7310
    8904     130.6415
    8905     123.7877
    8906     121.6571
    8907     119.8373
    8908     123.4813
    8909     124.5851
    8910     121.0582
    8911     122.1242
    8912     119.2441
    8913     118.1849
    8914     118.6468
    8915     122.0300
    8916     119.6205
    8917     123.0761
    8918     125.0917
    8919     128.6296
    8920     128.8467
    8921     130.1166
    8922     127.2286
    8923     131.4861
    8924     128.2063
    8925     123.6403
    8926     125.3136
    8927     125.1577
    8928     116.9260
    8929     119.8944
    8930     120.8084
    8931     123.4691
    8932     121.5921
    8933     120.9276
    8934     121.2308
    8935     116.1252
    8936     114.8121
    8937     117.2875
    8938     120.9163
    8939     117.1891
    8940     116.3900
    8941     111.2908
    8942     120.4169
    8943     122.2655
    8944     117.4544
    8945     119.1143
    8946     123.4757
    8947     123.8485
    8948     127.8056
    8949     121.0592
    8950     120.9910
    8951     115.5452
    8952     116.1451
    8953     118.0004
    8954     119.6471
    8955     118.9284
    8956     120.8641
    8957     124.4881
    8958     122.5079
    8959     121.6930
    8960     125.2672
    8961     124.5676
    8962     123.1146
    8963     126.4363
    8964     126.8666
    8965     119.8596
    8966     121.1351
    8967     117.7204
    8968     122.5059
    8969     120.2226
    8970     119.6150
    8971     118.7408
    8972     118.4280
    8973     119.7095
    8974     114.9063
    8975     117.8739
    8976     119.1238
    8977     120.6596
    8978     116.2318
    8979     118.0971
    8980     116.0312
    8981     116.9297
    8982     116.0282
    8983     111.2972
    8984     106.3811
    8985     108.7518
    8986     114.7814
    8987     113.1960
    8988     110.6744
    8989     112.4505
    8990     117.5760
    8991     116.6254
    8992     115.1677
    8993     118.2387
    8994     118.4987
    8995     121.3905
    8996     118.4654
    8997     112.8986
    8998     117.9695
    8999     110.6911
    9000     120.2959
    9001     120.8625
    9002     121.3081
    9003     121.4028
    9004     121.7157
    9005     122.4947
    9006     128.5161
    9007     126.1324
    9008     130.5735
    9009     129.0126
    9010     131.4369
    9011     130.1139
    9012     127.1872
    9013     124.9273
    9014     124.9163
    9015     118.1381
    9016     124.1130
    9017     121.9009
    9018     120.4034
    9019     120.8180
    9020     124.3918
    9021     123.5326
    9022     124.4396
    9023     125.8956
    9024     122.2627
    9025     122.7892
    9026     117.3675
    9027     125.0497
    9028     129.2594
    9029     128.2431
    9030     128.3588
    9031     122.1035
    9032     118.1785
    9033     124.2310
    9034     116.2728
    9035     114.5427
    9036     113.7261
    9037     108.7975
    9038     113.4587
    9039     117.2593
    9040     117.3106
    9041     119.1569
    9042     117.5815
    9043     123.0876
    9044     117.2866
    9045     119.5924
    9046     115.5930
    9047     115.5913
    9048     115.8475
    9049     116.0799
    9050     120.0580
    9051     117.8618
    9052     119.2626
    9053     118.4811
    9054     117.1262
    9055     120.3103
    9056     117.8129
    9057     125.0842
    9058     127.4982
    9059     123.5980
    9060     120.1306
    9061     122.1463
    9062     123.0211
    9063     122.1392
    9064     114.2911
    9065     115.8577
    9066     116.2785
    9067     122.0970
    9068     120.3868
    9069     119.5174
    9070     113.6936
    9071     118.3672
    9072     121.7744
    9073     129.0178
    9074     124.0411
    9075     118.9063
    9076     125.2846
    9077     126.6987
    9078     126.1322
    9079     126.5318
    9080     121.2008
    9081     127.9224
    9082     128.9663
    9083     128.1791
    9084     132.2274
    9085     124.1147
    9086     128.1059
    9087     123.0527
    9088     123.7820
    9089     124.5932
    9090     127.8909
    9091     122.9354
    9092     117.2618
    9093     121.2621
    9094     119.9959
    9095     125.5274
    9096     119.7160
    9097     116.7413
    9098     122.2836
    9099     117.7835
    9100     122.9167
    9101     121.0941
    9102     123.0226
    9103     124.5057
    9104     129.0631
    9105     127.3655
    9106     123.3978
    9107     123.0143
    9108     126.5757
    9109     124.9786
    9110     123.8488
    9111     122.1266
    9112     126.1073
    9113     116.3495
    9114     117.3574
    9115     112.8414
    9116     116.4755
    9117     121.2571
    9118     117.6532
    9119     119.5188
    9120     117.5391
    9121     117.2877
    9122     117.5219
    9123     118.1140
    9124     122.3397
    9125     120.3009
    9126     123.8345
    9127     125.3896
    9128     121.9213
    9129     120.8644
    9130     119.2405
    9131     110.6451
    9132     112.9932
    9133     107.8749
    9134     106.7987
    9135     109.8304
    9136     109.8603
    9137     112.1249
    9138     110.8305
    9139     118.5073
    9140     117.3684
    9141     117.1186
    9142     119.4950
    9143     115.3550
    9144     114.8209
    9145     115.5045
    9146     116.1397
    9147     120.0873
    9148     119.7470
    9149     119.5519
    9150     121.8629
    9151     118.3516
    9152     122.6222
    9153     116.2736
    9154     119.5979
    9155     121.2813
    9156     124.1232
    9157     125.9265
    9158     125.4702
    9159     129.2811
    9160     129.6874
    9161     133.8233
    9162     128.2184
    9163     127.8063
    9164     131.8586
    9165     129.5691
    9166     121.6218
    9167     119.9587
    9168     118.4596
    9169     125.3289
    9170     120.5068
    9171     118.4130
    9172     125.3757
    9173     129.4502
    9174     128.9019
    9175     126.5000
    9176     127.9720
    9177     122.0849
    9178     120.1383
    9179     123.5572
    9180     119.7621
    9181     121.7113
    9182     123.1228
    9183     121.5984
    9184     116.5449
    9185     115.3578
    9186     118.2237
    9187     117.2294
    9188     118.7941
    9189     117.2209
    9190     112.4788
    9191     113.7633
    9192     109.3398
    9193     113.7896
    9194     110.6609
    9195     116.0349
    9196     111.8009
    9197     114.9225
    9198     116.3897
    9199     118.2755
    9200     115.0596
    9201     117.1219
    9202     119.4457
    9203     120.1648
    9204     116.9942
    9205     122.1574
    9206     122.3827
    9207     125.2905
    9208     113.5703
    9209     115.9790
    9210     122.2806
    9211     122.7957
    9212     123.4434
    9213     120.2477
    9214     122.0981
    9215     120.6817
    9216     124.4964
    9217     117.3772
    9218     120.5694
    9219     120.2472
    9220     123.9974
    9221     121.1665
    9222     122.7869
    9223     126.8313
    9224     126.0825
    9225     123.3560
    9226     128.6453
    9227     128.6086
    9228     138.4257
    9229     131.9101
    9230     132.0502
    9231     130.7063
    9232     133.3250
    9233     134.9827
    9234     136.2430
    9235     134.9805
    9236     136.4662
    9237     135.4226
    9238     134.0612
    9239     123.5211
    9240     129.1748
    9241     126.7573
    9242     128.7214
    9243     133.0851
    9244     131.4917
    9245     127.9326
    9246     126.7443
    9247     123.5450
    9248     122.4131
    9249     126.6683
    9250     125.9565
    9251     122.2388
    9252     127.2042
    9253     127.5725
    9254     125.7456
    9255     127.9318
    9256     123.8785
    9257     132.4985
    9258     122.6441
    9259     124.0051
    9260     125.1321
    9261     118.4024
    9262     120.3299
    9263     124.6451
    9264     123.9664
    9265     121.2860
    9266     123.2759
    9267     117.1209
    9268     114.5242
    9269     117.3026
    9270     117.7539
    9271     123.5650
    9272     123.6862
    9273     126.6424
    9274     125.4422
    9275     121.1500
    9276     122.0931
    9277     120.1172
    9278     121.0970
    9279     120.9733
    9280     120.2004
    9281     120.5478
    9282     122.6059
    9283     117.0944
    9284     117.2255
    9285     118.3230
    9286     120.8219
    9287     121.0022
    9288     118.1353
    9289     117.2784
    9290     116.3419
    9291     121.7458
    9292     117.4636
    9293     113.0329
    9294     118.4950
    9295     119.0149
    9296     112.9695
    9297     118.1752
    9298     119.7938
    9299     119.3678
    9300     121.9636
    9301     121.1911
    9302     119.2386
    9303     121.4942
    9304     121.1893
    9305     121.6289
    9306     124.5065
    9307     126.8632
    9308     126.2835
    9309     122.9049
    9310     125.8081
    9311     125.8029
    9312     122.9711
    9313     123.7704
    9314     129.1313
    9315     129.6731
    9316     126.2898
    9317     129.0753
    9318     126.0626
    9319     126.1366
    9320     127.5065
    9321     130.6012
    9322     129.8972
    9323     127.3397
    9324     129.0389
    9325     129.7080
    9326     129.8536
    9327     130.8652
    9328     129.1714
    9329     131.0343
    9330     128.7215
    9331     131.5484
    9332     130.1079
    9333     127.3902
    9334     126.7492
    9335     131.4751
    9336     128.9893
    9337     125.7105
    9338     125.2077
    9339     125.6513
    9340     125.7234
    9341     122.8490
    9342     125.6967
    9343     124.9247
    9344     126.5711
    9345     125.7751
    9346     127.6519
    9347     124.7612
    9348     128.6192
    9349     130.8135
    9350     130.3188
    9351     125.9931
    9352     127.0492
    9353     129.4697
    9354     131.8122
    9355     130.9880
    9356     129.4556
    9357     132.2726
    9358     129.7771
    9359     129.3808
    9360     129.3584
    9361     132.6219
    9362     127.7808
    9363     126.9520
    9364     124.5682
    9365     127.8787
    9366     127.3101
    9367     131.4970
    9368     125.4485
    9369     127.7140
    9370     123.9915
    9371     126.6354
    9372     124.8347
    9373     124.7785
    9374     129.6722
    9375     128.4210
    9376     128.7133
    9377     128.3622
    9378     127.6810
    9379     132.2761
    9380     125.3375
    9381     130.3587
    9382     128.7559
    9383     128.5027
    9384     128.2318
    9385     128.4792
    9386     127.9340
    9387     128.2023
    9388     131.9415
    9389     128.9759
    9390     132.8412
    9391     134.7863
    9392     132.3861
    9393     130.5118
    9394     131.2253
    9395     130.4930
    9396     125.5464
    9397     126.5328
    9398     124.2505
    9399     127.5107
    9400     129.1354
    9401     129.0748
    9402     127.5815
    9403     127.1522
    9404     123.5400
    9405     122.7908
    9406     126.8200
    9407     120.5096
    9408     122.1730
    9409     121.9632
    9410     124.3654
    9411     124.6381
    9412     126.0559
    9413     126.6493
    9414     128.2157
    9415     126.4177
    9416     125.4193
    9417     124.9812
    9418     125.7801
    9419     129.2387
    9420     129.5967
    9421     127.5045
    9422     132.2498
    9423     128.9006
    9424     128.5533
    9425     130.0047
    9426     132.6310
    9427     136.7684
    9428     133.3105
    9429     134.7532
    9430     134.4559
    9431     130.2604
    9432     123.3124
    9433     128.7449
    9434     124.0828
    9435     134.2351
    9436     129.6909
    9437     127.6571
    9438     126.9012
    9439     126.6040
    9440     129.1213
    9441     126.9545
    9442     128.9363
    9443     128.2770
    9444     126.3092
    9445     124.5757
    9446     128.6503
    9447     125.8420
    9448     127.7059
    9449     126.8968
    9450     134.2830
    9451     129.8829
    9452     124.0199
    9453     126.9296
    9454     126.6101
    9455     128.1695
    9456     130.9797
    9457     128.0440
    9458     123.1312
    9459     125.2184
    9460     128.4507
    9461     129.3267
    9462     131.6967
    9463     126.5645
    9464     125.2834
    9465     127.8317
    9466     132.2644
    9467     129.9877
    9468     128.5595
    9469     132.8540
    9470     134.4927
    9471     125.7552
    9472     127.1568
    9473     127.8276
    9474     125.8688
    9475     125.6979
    9476     124.3784
    9477     125.0566
    9478     125.6986
    9479     126.2271
    9480     131.4233
    9481     130.7804
    9482     129.7012
    9483     124.1614
    9484     127.0982
    9485     125.3273
    9486     125.5289
    9487     127.9225
    9488     126.3543
    9489     127.8627
    9490     131.3962
    9491     130.9941
    9492     131.9010
    9493     132.8124
    9494     133.8254
    9495     134.0180
    9496     132.4157
    9497     130.3227
    9498     132.4850
    9499     136.9783
    9500     134.2708
    9501     134.3220
    9502     134.9495
    9503     136.3851
    9504     133.4708
    9505     131.1259
    9506     132.0106
    9507     132.8602
    9508     131.8444
    9509     131.5877
    9510     133.2982
    9511     132.0534
    9512     131.1223
    9513     132.1522
    9514     131.6981
    9515     132.5482
    9516     136.9647
    9517     134.4351
    9518     134.4456
    9519     131.9938
    9520     131.8275
    9521     134.6856
    9522     134.7845
    9523     131.7652
    9524     130.6992
    9525     130.8303
    9526     130.2171
    9527     131.8465
    9528     133.2040
    9529     133.2603
    9530     137.4335
    9531     128.8435
    9532     133.0117
    9533     131.2163
    9534     134.2528
    9535     133.3686
    9536     135.2792
    9537     131.1060
    9538     134.5817
    9539     131.3509
    9540     130.2693
    9541     131.8352
    9542     128.8442
    9543     130.4495
    9544     131.3647
    9545     129.4926
    9546     133.4913
    9547     130.2390
    9548     127.1701
    9549     129.4060
    9550     128.1491
    9551     123.1986
    9552     126.5527
    9553     127.8566
    9554     128.1253
    9555     128.5578
    9556     127.7650
    9557     129.6580
    9558     127.7141
    9559     125.1936
    9560     124.7205
    9561     128.3497
    9562     126.9967
    9563     126.5381
    9564     129.3571
    9565     129.9160
    9566     127.1897
    9567     127.2119
    9568     121.9541
    9569     127.3729
    9570     130.9116
    9571     131.3528
    9572     133.9860
    9573     130.2626
    9574     132.8410
    9575     132.3413
    9576     129.8290
    9577     128.1606
    9578     130.6500
    9579     133.5817
    9580     133.9099
    9581     133.5247
    9582     134.3173
    9583     130.7891
    9584     131.2365
    9585     130.0888
    9586     134.1493
    9587     133.7472
    9588     129.1921
    9589     132.0815
    9590     131.6068
    9591     126.6546
    9592     127.0816
    9593     131.9520
    9594     131.9492
    9595     133.8110
    9596     130.4033
    9597     134.3511
    9598     130.4351
    9599     128.5352
    9600     131.2360
    9601     130.2846
    9602     130.0796
    9603     124.9267
    9604     127.0113
    9605     121.2080
    9606     122.5810
    9607     122.5191
    9608     121.4897
    9609     128.4449
    9610     128.3593
    9611     128.7255
    9612     124.5293
    9613     123.0842
    9614     118.5900
    9615     124.7627
    9616     123.2364
    9617     123.2426
    9618     125.9984
    9619     117.1241
    9620     114.3978
    9621     114.0754
    9622     120.6554
    9623     120.5522
    9624     121.5674
    9625     126.6212
    9626     125.0173
    9627     122.5506
    9628     123.9575
    9629     121.0555
    9630     119.8857
    9631     125.7988
    9632     124.5473
    9633     129.5447
    9634     128.8100
    9635     126.4703
    9636     123.2907
    9637     119.9453
    9638     118.3351
    9639     118.8862
    9640     119.8530
    9641     120.1008
    9642     126.3209
    9643     125.9196
    9644     121.2710
    9645     122.1844
    9646     126.4789
    9647     124.8864
    9648     123.6987
    9649     125.2587
    9650     125.5293
    9651     121.0588
    9652     127.8909
    9653     127.3523
    9654     124.4904
    9655     126.4403
    9656     127.8937
    9657     132.4383
    9658     131.3936
    9659     130.3278
    9660     133.4439
    9661     131.9909
    9662     131.3876
    9663     130.8508
    9664     129.1666
    9665     126.7910
    9666     125.2604
    9667     127.5112
    9668     119.5710
    9669     124.3219
    9670     123.6602
    9671     123.6602
    9672     125.2613
    9673     129.3961
    9674     131.1551
    9675     127.0746
    9676     122.1617
    9677     131.7587
    9678     127.6642
    9679     124.5675
    9680     124.4410
    9681     124.5140
    9682     123.5368
    9683     130.0103
    9684     132.6654
    9685     132.6655
    9686     129.9709
    9687     126.0824
    9688     127.0943
    9689     131.0487
    9690     133.4292
    9691     131.7796
    9692     127.5671
    9693     126.6610
    9694     125.9526
    9695     129.3044
    9696     126.9323
    9697     126.7176
    9698     120.5253
    9699     121.3532
    9700     121.1859
    9701     125.7531
    9702     121.7942
    9703     123.8980
    9704     126.9682
    9705     127.9786
    9706     127.0174
    9707     125.0630
    9708     121.6813
    9709     120.2495
    9710     122.2203
    9711     121.6106
    9712     120.4661
    9713     124.2079
    9714     123.6483
    9715     123.3772
    9716     120.3882
    9717     121.8741
    9718     125.7734
    9719     118.5512
    9720     123.7195
    9721     120.3633
    9722     122.6423
    9723     128.1293
    9724     125.9911
    9725     126.2650
    9726     128.1707
    9727     130.8775
    9728     120.0151
    9729     124.5441
    9730     123.1308
    9731     125.5982
    9732     122.4163
    9733     123.5933
    9734     126.5567
    9735     121.2610
    9736     120.4090
    9737     124.6240
    9738     127.6777
    9739     122.5785
    9740     128.9147
    9741     134.4252
    9742     136.9704
    9743     135.1240
    9744     134.3137
    9745     138.6665
    9746     137.9509
    9747     136.6014
    9748     134.6893
    9749     130.3959
    9750     131.2055
    9751     132.1881
    9752     133.1510
    9753     132.0981
    9754     130.9636
    9755     135.2218
    9756     134.0032
    9757     131.9179
    9758     131.2079
    9759     124.4834
    9760     128.8995
    9761     128.7717
    9762     126.4159
    9763     124.7233
    9764     121.1747
    9765     122.3424
    9766     126.9919
    9767     122.5785
    9768     122.8733
    9769     125.1151
    9770     129.8223
    9771     128.4273
    9772     131.6893
    9773     129.3704
    9774     128.3474
    9775     129.2615
    9776     129.0142
    9777     128.1169
    9778     127.3915
    9779     130.5916
    9780     129.0892
    9781     126.4494
    9782     124.3922
    9783     130.6490
    9784     129.3213
    9785     128.0451
    9786     130.7423
    9787     132.6153
    9788     132.2229
    9789     130.9854
    9790     128.1587
    9791     126.7797
    9792     126.0670
    9793     128.2214
    9794     125.0864
    9795     122.5354
    9796     122.6010
    9797     126.9866
    9798     127.8726
    9799     133.5081
    9800     135.5175
    9801     131.2754
    9802     134.1793
    9803     134.8140
    9804     134.6206
    9805     131.9046
    9806     129.8525
    9807     137.1506
    9808     133.2592
    9809     136.8828
    9810     133.9395
    9811     135.5098
    9812     133.5867
    9813     131.5432
    9814     132.2338
    9815     134.6511
    9816     131.8270
    9817     134.7205
    9818     131.9528
    9819     136.2055
    9820     130.3583
    9821     127.0519
    9822     125.9471
    9823     129.9013
    9824     131.1012
    9825     126.5236
    9826     129.2590
    9827     132.2003
    9828     130.2291
    9829     132.1311
    9830     130.2890
    9831     128.2358
    9832     128.8233
    9833     130.6683
    9834     136.3208
    9835     132.8210
    9836     128.7758
    9837     128.2554
    9838     134.4173
    9839     135.0135
    9840     134.6195
    9841     134.9889
    9842     136.5880
    9843     136.9077
    9844     135.5006
    9845     132.5983
    9846     136.1909
    9847     134.2822
    9848     138.5172
    9849     136.5694
    9850     135.0013
    9851     132.1123
    9852     134.2776
    9853     136.3918
    9854     138.8112
    9855     139.1552
    9856     134.1428
    9857     134.4134
    9858     132.8102
    9859     133.5226
    9860     130.2868
    9861     124.6341
    9862     122.0052
    9863     123.9816
    9864     125.5528
    9865     123.4919
    9866     125.0001
    9867     125.3596
    9868     127.4069
    9869     122.6913
    9870     127.5554
    9871     129.2246
    9872     134.9666
    9873     134.8039
    9874     137.0964
    9875     135.8098
    9876     127.5097
    9877     132.8492
    9878     135.0321
    9879     134.4210
    9880     127.6764
    9881     132.2592
    9882     131.9399
    9883     129.3984
    9884     131.9478
    9885     130.8312
    9886     133.1561
    9887     129.8229
    9888     137.9630
    9889     134.9954
    9890     134.3098
    9891     133.4100
    9892     129.6646
    9893     134.6391
    9894     131.8139
    9895     126.8409
    9896     133.8751
    9897     132.2072
    9898     130.5846
    9899     124.4842
    9900     126.8372
    9901     124.5715
    9902     128.0953
    9903     124.8693
    9904     126.3133
    9905     127.0859
    9906     127.3245
    9907     121.1575
    9908     128.4935
    9909     131.0777
    9910     131.0185
    9911     137.0472
    9912     139.6746
    9913     135.5649
    9914     135.2094
    9915     137.0780
    9916     133.9350
    9917     136.9782
    9918     131.0656
    9919     133.7732
    9920     130.5008
    9921     124.7474
    9922     129.1712
    9923     130.1027
    9924     123.9974
    9925     127.4757
    9926     124.0999
    9927     135.9365
    9928     132.0766
    9929     130.6081
    9930     129.1417
    9931     130.1267
    9932     133.4954
    9933     130.4257
    9934     129.2001
    9935     128.9247
    9936     132.8546
    9937     138.0256
    9938     134.0765
    9939     131.6363
    9940     129.6747
    9941     135.4346
    9942     135.6976
    9943     133.5350
    9944     131.8554
    9945     128.4422
    9946     127.0850
    9947     128.5821
    9948     125.5754
    9949     133.5105
    9950     136.2036
    9951     133.1977
    9952     135.1660
    9953     131.9878
    9954     130.2083
    9955     128.8226
    9956     130.9114
    9957     127.5817
    9958     127.9572
    9959     124.6453
    9960     133.1822
    9961     130.2288
    9962     131.2613
    9963     130.6814
    9964     127.7190
    9965     128.8487
    9966     131.0688
    9967     130.3540
    9968     127.1191
    9969     130.2432
    9970     129.5862
    9971     122.8365
    9972     124.4840
    9973     120.9798
    9974     120.4251
    9975     124.4818
    9976     126.9959
    9977     129.4094
    9978     123.4217
    9979     117.7536
    9980     119.2241
    9981     116.6415
    9982     121.5203
    9983     129.8629
    9984     125.4836
    9985     129.2802
    9986     126.1955
    9987     128.8570
    9988     129.9885
    9989     126.0743
    9990     125.2139
    9991     121.7185
    9992     120.5157
    9993     118.8504
    9994     115.4567
    9995     115.1786
    9996     116.4607
    9997     116.2727
    9998     116.6959
    9999     114.0279
   10000     120.2830
   10001     126.4002
   10002     126.3646
   10003     126.9634
   10004     118.8289
   10005     121.4906
   10006     119.0427
   10007     120.5089
   10008     124.3073
   10009     122.4652
   10010     123.0166
   10011     124.9421
   10012     119.8051
   10013     115.9409
   10014     117.2201
   10015     119.0223
   10016     120.4483
   10017     119.8481
   10018     117.9590
   10019     119.5810
   10020     122.5547
   10021     117.5840
   10022     115.8007
   10023     119.0299
   10024     123.2126
   10025     124.5613
   10026     121.8826
   10027     118.5128
   10028     119.8066
   10029     122.4006
   10030     118.7825
   10031     123.6176
   10032     120.0302
   10033     121.8328
   10034     115.1023
   10035     119.1064
   10036     122.6140
   10037     127.1180
   10038     120.6649
   10039     120.8951
   10040     116.6161
   10041     115.8526
   10042     115.8512
   10043     117.4551
   10044     117.5938
   10045     119.0773
   10046     119.7938
   10047     118.3459
   10048     116.9721
   10049     115.5862
   10050     120.0344
   10051     118.3686
   10052     122.3494
   10053     126.7368
   10054     120.8806
   10055     119.5640
   10056     126.1038
   10057     118.7984
   10058     118.4582
   10059     116.4777
   10060     119.1884
   10061     122.0379
   10062     124.5182
   10063     122.5743
   10064     124.5319
   10065     124.4378
   10066     118.3205
   10067     117.0499
   10068     121.9707
   10069     123.4479
   10070     124.5268
   10071     128.9624
   10072     127.3577
   10073     121.2903
   10074     124.7492
   10075     128.0730
   10076     121.6362
   10077     128.5124
   10078     126.1635
   10079     126.6016
   10080     122.0173
   10081     125.8974
   10082     122.8529
   10083     125.6799
   10084     122.7192
   10085     123.7051
   10086     122.9314
   10087     124.8720
   10088     128.3558
   10089     127.8047
   10090     119.3469
   10091     117.1280
   10092     121.8159
   10093     124.2005
   10094     119.9276
   10095     121.4216
   10096     119.4906
   10097     124.1085
   10098     118.7617
   10099     120.6118
   10100     122.7120
   10101     121.2187
   10102     120.5320
   10103     123.4946
   10104     121.7275
   10105     124.7916
   10106     122.3421
   10107     119.3549
   10108     113.0233
   10109     116.0890
   10110     118.0249
   10111     117.2435
   10112     118.0879
   10113     120.1674
   10114     113.4908
   10115     124.3339
   10116     122.3369
   10117     124.4243
   10118     127.5294
   10119     121.1398
   10120     118.5928
   10121     117.3328
   10122     121.4070
   10123     121.7774
   10124     125.8821
   10125     125.4638
   10126     126.6694
   10127     127.7097
   10128     126.6691
   10129     119.3260
   10130     114.9085
   10131     116.6046
   10132     113.0053
   10133     117.9260
   10134     119.4644
   10135     118.3460
   10136     113.4381
   10137     123.3708
   10138     122.7855
   10139     120.4457
   10140     119.3188
   10141     117.4551
   10142     122.6844
   10143     123.8102
   10144     125.7760
   10145     126.0441
   10146     129.8481
   10147     120.8984
   10148     119.8231
   10149     121.6014
   10150     120.4445
   10151     120.6449
   10152     120.5896
   10153     122.6237
   10154     121.4087
   10155     120.8343
   10156     122.1818
   10157     123.2335
   10158     120.0816
   10159     120.7951
   10160     122.4085
   10161     123.5909
   10162     123.4987
   10163     127.6099
   10164     125.3303
   10165     126.3997
   10166     131.8321
   10167     125.3661
   10168     120.4569
   10169     125.1489
   10170     125.9545
   10171     123.0303
   10172     117.6269
   10173     122.5123
   10174     124.1302
   10175     125.7362
   10176     125.3403
   10177     128.2398
   10178     126.0953
   10179     125.4394
   10180     123.0207
   10181     122.9662
   10182     123.3203
   10183     121.0782
   10184     125.0723
   10185     121.2247
   10186     125.1202
   10187     124.3191
   10188     121.4541
   10189     122.1986
   10190     120.4343
   10191     123.1423
   10192     121.5309
   10193     126.9487
   10194     127.4481
   10195     122.7241
   10196     120.3144
   10197     119.8863
   10198     123.2526
   10199     127.0272
   10200     126.8876
   10201     128.6157
   10202     125.3921
   10203     121.5840
   10204     121.7220
   10205     126.8707
   10206     124.0433
   10207     124.9209
   10208     124.8203
   10209     119.6634
   10210     125.8648
   10211     127.6710
   10212     121.7487
   10213     126.8378
   10214     129.3759
   10215     129.9699
   10216     124.8558
   10217     127.4201
   10218     126.2369
   10219     122.4879
   10220     128.0708
   10221     125.7565
   10222     125.5679
   10223     124.6767
   10224     125.7592
   10225     123.3284
   10226     122.1918
   10227     120.8668
   10228     120.6866
   10229     118.8788
   10230     118.4464
   10231     119.4222
   10232     120.5238
   10233     120.2977
   10234     124.8268
   10235     119.3504
   10236     120.4179
   10237     120.4618
   10238     118.7593
   10239     117.6318
   10240     123.3285
   10241     121.2217
   10242     118.8763
   10243     118.3963
   10244     124.5111
   10245     124.6906
   10246     128.6714
   10247     125.5617
   10248     123.2314
   10249     127.2306
   10250     125.3047
   10251     123.6432
   10252     118.0048
   10253     123.9669
   10254     121.2263
   10255     113.9201
   10256     115.4719
   10257     117.5806
   10258     115.3738
   10259     124.2462
   10260     124.9329
   10261     124.9967
   10262     121.6953
   10263     118.8227
   10264     119.3487
   10265     123.4486
   10266     128.3166
   10267     126.5142
   10268     125.7948
   10269     127.3682
   10270     127.1745
   10271     124.6865
   10272     126.1086
   10273     126.9629
   10274     124.9877
   10275     125.4115
   10276     123.4666
   10277     127.5231
   10278     128.1097
   10279     124.2570
   10280     123.3904
   10281     125.3604
   10282     122.7083
   10283     122.4239
   10284     119.8346
   10285     118.6956
   10286     119.2549
   10287     116.7494
   10288     122.7690
   10289     124.9430
   10290     126.4114
   10291     125.0341
   10292     123.9635
   10293     120.2980
   10294     128.2364
   10295     128.1013
   10296     120.6046
   10297     120.1281
   10298     118.2111
   10299     119.6404
   10300     115.7383
   10301     118.5112
   10302     116.3958
   10303     109.9671
   10304     116.2043
   10305     121.2505
   10306     119.2921
   10307     120.3147
   10308     120.4609
   10309     119.8887
   10310     123.7793
   10311     115.8419
   10312     119.1485
   10313     121.4506
   10314     120.8259
   10315     120.2350
   10316     120.0622
   10317     122.6355
   10318     120.9189
   10319     119.5195
   10320     118.2027
   10321     113.8838
   10322     120.1504
   10323     116.4377
   10324     125.6031
   10325     125.7265
   10326     120.1574
   10327     115.0579
   10328     122.3422
   10329     114.4664
   10330     116.2282
   10331     120.2792
   10332     117.4568
   10333     117.7579
   10334     123.1454
   10335     125.0804
   10336     126.2389
   10337     126.9901
   10338     124.0734
   10339     128.2036
   10340     121.0885
   10341     121.0312
   10342     118.0315
   10343     119.8634
   10344     112.3375
   10345     118.4004
   10346     116.4930
   10347     117.5959
   10348     117.3408
   10349     119.5098
   10350     117.6330
   10351     120.3754
   10352     124.3437
   10353     120.9542
   10354     119.5963
   10355     121.5728
   10356     123.7659
   10357     127.4334
   10358     129.3751
   10359     124.0628
   10360     119.4442
   10361     116.7378
   10362     115.6076
   10363     113.2855
   10364     114.5246
   10365     122.3248
   10366     117.7316
   10367     117.9970
   10368     118.9252
   10369     113.1491
   10370     119.7969
   10371     119.7821
   10372     115.3798
   10373     119.8734
   10374     121.5144
   10375     121.1136
   10376     122.0942
   10377     125.1610
   10378     124.2066
   10379     120.6293
   10380     125.0718
   10381     124.2008
   10382     125.0118
   10383     123.7490
   10384     123.2742
   10385     121.1632
   10386     124.3640
   10387     125.2881
   10388     123.0904
   10389     118.0302
   10390     115.8906
   10391     118.3277
   10392     116.8639
   10393     120.1096
   10394     122.5863
   10395     124.5074
   10396     123.3274
   10397     120.7206
   10398     127.7554
   10399     117.8457
   10400     120.5601
   10401     120.0090
   10402     126.3090
   10403     121.2306
   10404     120.7480
   10405     123.3755
   10406     119.7974
   10407     121.0810
   10408     122.6742
   10409     126.7941
   10410     126.5621
   10411     119.2532
   10412     119.1036
   10413     120.3914
   10414     117.0905
   10415     116.7170
   10416     120.5153
   10417     125.3935
   10418     127.3141
   10419     128.6102
   10420     124.6770
   10421     126.6865
   10422     124.9706
   10423     121.2234
   10424     122.5364
   10425     121.7458
   10426     121.2197
   10427     121.9240
   10428     123.9383
   10429     117.3685
   10430     123.2343
   10431     129.1647
   10432     129.2039
   10433     126.3049
   10434     121.8680
   10435     123.6638
   10436     123.9676
   10437     122.2134
   10438     126.6953
   10439     124.1774
   10440     128.2807
   10441     130.5000
   10442     132.6671
   10443     134.3530
   10444     129.9503
   10445     126.8453
   10446     123.6305
   10447     125.1913
   10448     125.4925
   10449     123.7080
   10450     126.9140
   10451     117.8137
   10452     122.2154
   10453     119.5894
   10454     122.5457
   10455     124.8306
   10456     122.0223
   10457     116.9815
   10458     119.5248
   10459     117.7422
   10460     121.2268
   10461     123.2969
   10462     119.3370
   10463     121.2808
   10464     118.0726
   10465     119.6080
   10466     121.5938
   10467     126.4019
   10468     124.6398
   10469     123.9306
   10470     118.5818
   10471     124.7224
   10472     124.7544
   10473     122.9547
   10474     123.6123
   10475     123.0073
   10476     124.3027
   10477     124.6115
   10478     123.5792
   10479     127.1413
   10480     128.4393
   10481     127.0916
   10482     125.6844
   10483     127.7615
   10484     129.5468
   10485     128.2191
   10486     131.1751
   10487     126.9157
   10488     123.8531
   10489     128.4370
   10490     126.2849
   10491     122.2088
   10492     120.0479
   10493     116.2369
   10494     120.5028
   10495     120.5979
   10496     120.4764
   10497     118.3967
   10498     115.6671
   10499     116.8435
   10500     114.2333
   10501     116.1471
   10502     120.2204
   10503     121.2906
   10504     116.0274
   10505     123.6926
   10506     121.1427
   10507     120.2525
   10508     118.8369
   10509     117.0847
   10510     120.8485
   10511     125.5098
   10512     128.1606
   10513     130.6145
   10514     132.2797
   10515     127.5694
   10516     125.2943
   10517     118.8133
   10518     122.3551
   10519     121.1023
   10520     123.8653
   10521     124.0596
   10522     124.1061
   10523     119.1648
   10524     121.9941
   10525     119.9967
   10526     123.6136
   10527     119.5830
   10528     119.4492
   10529     120.5707
   10530     120.8510
   10531     121.1079
   10532     120.7247
   10533     121.3236
   10534     119.7054
   10535     122.3904
   10536     122.5572
   10537     125.1896
   10538     120.9770
   10539     117.7709
   10540     125.2924
   10541     125.3126
   10542     120.6362
   10543     119.2440
   10544     123.6426
   10545     121.7179
   10546     121.6901
   10547     117.8344
   10548     116.5942
   10549     116.3763
   10550     120.6102
   10551     121.1578
   10552     119.1993
   10553     119.4270
   10554     123.7678
   10555     124.1880
   10556     123.3412
   10557     124.4041
   10558     127.2418
   10559     124.5375
   10560     127.7716
   10561     125.2305
   10562     123.8693
   10563     125.9373
   10564     123.1792
   10565     122.0825
   10566     119.6599
   10567     123.4628
   10568     119.9590
   10569     125.1929
   10570     124.7174
   10571     122.0988
   10572     118.7942
   10573     121.3747
   10574     121.5084
   10575     121.5907
   10576     122.7388
   10577     123.0718
   10578     122.0616
   10579     127.6519
   10580     127.4571
   10581     127.4870
   10582     125.0761
   10583     127.0608
   10584     124.6205
   10585     124.3271
   10586     118.7373
   10587     118.8778
   10588     122.4178
   10589     123.6108
   10590     124.2142
   10591     121.3553
   10592     120.4161
   10593     115.5392
   10594     114.3564
   10595     117.6948
   10596     122.6252
   10597     120.2688
   10598     123.7067
   10599     124.3828
   10600     127.7045
   10601     128.2601
   10602     133.1576
   10603     129.4641
   10604     129.1046
   10605     130.3003
   10606     124.5534
   10607     125.3079
   10608     125.8041
   10609     127.3020
   10610     129.6501
   10611     127.0080
   10612     122.6036
   10613     123.3920
   10614     126.8099
   10615     127.7877
   10616     127.5745
   10617     125.9578
   10618     126.1436
   10619     126.6952
   10620     124.4826
   10621     128.0371
   10622     123.7836
   10623     121.7185
   10624     124.6541
   10625     125.4795
   10626     122.0935
   10627     121.7250
   10628     119.6545
   10629     122.0017
   10630     125.9582
   10631     124.0540
   10632     130.7871
   10633     125.2168
   10634     123.2528
   10635     128.3646
   10636     133.2657
   10637     127.7419
   10638     132.3601
   10639     131.8044
   10640     130.0249
   10641     126.8605
   10642     131.4258
   10643     126.8166
   10644     122.6254
   10645     124.5385
   10646     126.5128
   10647     123.5996
   10648     127.8411
   10649     126.5118
   10650     123.9252
   10651     125.8014
   10652     123.0272
   10653     128.3411
   10654     125.4558
   10655     127.4822
   10656     123.3085
   10657     128.5462
   10658     125.8417
   10659     128.3951
   10660     127.7200
   10661     129.7217
   10662     128.3452
   10663     125.0042
   10664     125.0938
   10665     129.2898
   10666     132.7098
   10667     129.5108
   10668     127.1679
   10669     126.0621
   10670     125.6220
   10671     123.7286
   10672     123.3439
   10673     119.3006
   10674     120.6133
   10675     121.2267
   10676     121.7806
   10677     123.3879
   10678     119.0920
   10679     123.7288
   10680     125.3635
   10681     123.9244
   10682     123.8876
   10683     128.4371
   10684     126.4313
   10685     127.4274
   10686     129.4195
   10687     126.3736
   10688     124.8855
   10689     121.9776
   10690     119.3264
   10691     120.7671
   10692     124.4424
   10693     123.1310
   10694     122.8588
   10695     126.9117
   10696     126.0511
   10697     127.9011
   10698     132.2692
   10699     128.8017
   10700     131.4121
   10701     130.5205
   10702     129.4876
   10703     129.2369
   10704     132.5589
   10705     135.8338
   10706     134.3663
   10707     134.2153
   10708     129.7401
   10709     131.4636
   10710     137.4615
   10711     138.2082
   10712     135.4758
   10713     136.3160
   10714     139.6908
   10715     137.7062
   10716     130.0688
   10717     133.6480
   10718     131.5442
   10719     130.1539
   10720     132.9090
   10721     132.6939
   10722     132.4096
   10723     135.0235
   10724     131.8413
   10725     132.4292
   10726     130.0423
   10727     133.2984
   10728     136.3912
   10729     132.2986
   10730     131.1725
   10731     128.3992
   10732     126.2479
   10733     129.1549
   10734     130.4029
   10735     130.6171
   10736     128.0106
   10737     129.0053
   10738     128.7265
   10739     125.2200
   10740     124.6223
   10741     123.8635
   10742     130.9486
   10743     127.4069
   10744     127.5928
   10745     132.4512
   10746     132.4008
   10747     134.4632
   10748     130.9091
   10749     135.5689
   10750     136.8361
   10751     137.1320
   10752     135.1846
   10753     136.9004
   10754     133.5764
   10755     130.1364
   10756     127.4709
   10757     125.8678
   10758     132.0482
   10759     126.9658
   10760     124.8475
   10761     127.7821
   10762     129.7561
   10763     126.8125
   10764     128.0983
   10765     129.3860
   10766     130.1930
   10767     131.4997
   10768     131.4487
   10769     136.6399
   10770     130.7163
   10771     130.3226
   10772     130.0056
   10773     125.0869
   10774     127.3452
   10775     125.4345
   10776     129.3611
   10777     132.0805
   10778     136.0157
   10779     135.4185
   10780     130.3135
   10781     134.7440
   10782     132.8465
   10783     135.0576
   10784     136.0261
   10785     132.3417
   10786     128.8313
   10787     130.1483
   10788     123.1619
   10789     123.0654
   10790     126.7388
   10791     127.8014
   10792     126.9463
   10793     129.0699
   10794     125.8353
   10795     123.5817
   10796     122.2206
   10797     123.0619
   10798     121.4045
   10799     129.0620
   10800     123.7651
   10801     125.5440
   10802     126.2866
   10803     125.6079
   10804     122.9666
   10805     129.3253
   10806     125.1866
   10807     124.2949
   10808     120.4049
   10809     124.3041
   10810     122.1647
   10811     125.8500
   10812     126.4100
   10813     126.0818
   10814     125.8572
   10815     123.5558
   10816     123.9480
   10817     123.3065
   10818     119.1201
   10819     117.8270
   10820     122.3990
   10821     122.5168
   10822     122.6345
   10823     121.7931
   10824     123.1613
   10825     126.4967
   10826     125.9391
   10827     125.1978
   10828     131.9009
   10829     132.4274
   10830     126.5217
   10831     125.4963
   10832     133.5223
   10833     131.4141
   10834     127.2149
   10835     127.5849
   10836     122.5040
   10837     123.2863
   10838     119.5783
   10839     121.7617
   10840     120.0279
   10841     123.2151
   10842     125.6839
   10843     126.6317
   10844     126.7596
   10845     123.2767
   10846     128.6883
   10847     127.8594
   10848     126.0600
   10849     122.7001
   10850     121.4375
   10851     130.0074
   10852     127.9114
   10853     127.3993
   10854     122.5211
   10855     121.4780
   10856     123.4920
   10857     121.2684
   10858     127.2763
   10859     127.2578
   10860     127.3601
   10861     122.9551
   10862     119.6930
   10863     122.4025
   10864     116.5437
   10865     120.1726
   10866     120.4464
   10867     119.0225
   10868     122.5393
   10869     126.1161
   10870     127.2804
   10871     126.4455
   10872     127.4007
   10873     128.3010
   10874     132.7906
   10875     130.1499
   10876     124.9142
   10877     127.0231
   10878     129.6384
   10879     122.9401
   10880     120.6541
   10881     116.6552
   10882     118.3011
   10883     117.1995
   10884     120.3816
   10885     123.9037
   10886     122.1355
   10887     124.1031
   10888     120.4399
   10889     124.8640
   10890     123.9398
   10891     125.9814
   10892     130.7146
   10893     134.2745
   10894     135.5020
   10895     130.5439
   10896     130.3642
   10897     130.9543
   10898     126.4516
   10899     125.6254
   10900     126.3532
   10901     130.7862
   10902     127.2340
   10903     131.9508
   10904     128.6566
   10905     130.5992
   10906     133.0288
   10907     129.8956
   10908     127.7618
   10909     123.9035
   10910     129.5146
   10911     126.9169
   10912     126.1687
   10913     126.8602
   10914     125.3749
   10915     124.1523
   10916     121.2612
   10917     125.4391
   10918     123.0600
   10919     125.6015
   10920     128.6576
   10921     126.3238
   10922     127.1942
   10923     124.9058
   10924     124.4918
   10925     123.5429
   10926     123.8936
   10927     122.6222
   10928     121.9764
   10929     123.0392
   10930     120.7132
   10931     132.5320
   10932     130.1618
   10933     126.9444
   10934     129.7454
   10935     132.4870
   10936     133.4511
   10937     133.0098
   10938     132.9817
   10939     125.4745
   10940     130.6085
   10941     131.8989
   10942     130.2394
   10943     124.5325
   10944     119.3960
   10945     121.2702
   10946     123.1823
   10947     124.2595
   10948     128.6421
   10949     122.6954
   10950     125.4152
   10951     126.0588
   10952     123.9880
   10953     124.9868
   10954     124.0510
   10955     124.6072
   10956     123.2004
   10957     120.9430
   10958     119.6143
   10959     119.2966
   10960     116.9114
   10961     114.9212
   10962     119.3202
   10963     113.5920
   10964     112.6138
   10965     113.0250
   10966     113.5340
   10967     112.4243
   10968     118.0422
   10969     120.8716
   10970     121.6569
   10971     120.9969
   10972     122.7314
   10973     128.6103
   10974     122.2982
   10975     125.3393
   10976     123.4618
   10977     121.9711
   10978     121.5370
   10979     123.8976
   10980     121.6266
   10981     120.1514
   10982     114.6201
   10983     116.5752
   10984     122.8080
   10985     123.1577
   10986     117.6681
   10987     117.7563
   10988     120.6724
   10989     116.4282
   10990     110.1938
   10991     119.1040
   10992     113.9253
   10993     116.6744
   10994     113.6873
   10995     112.1995
   10996     115.7851
   10997     119.8276
   10998     122.6038
   10999     122.8276
   11000     121.9467
   11001     121.0623
   11002     123.5634
   11003     124.0137
   11004     124.8751
   11005     129.0508
   11006     120.4121
   11007     126.4817
   11008     125.5706
   11009     120.1378
   11010     117.6890
   11011     120.7008
   11012     122.5676
   11013     117.7224
   11014     117.3341
   11015     119.2624
   11016     117.2181
   11017     114.2607
   11018     113.2894
   11019     118.0110
   11020     120.9578
   11021     122.8479
   11022     120.7101
   11023     114.4669
   11024     115.4014
   11025     115.4074
   11026     113.7916
   11027     121.2538
   11028     123.4104
   11029     126.3133
   11030     120.6582
   11031     126.0433
   11032     116.2135
   11033     118.6271
   11034     121.7576
   11035     116.2546
   11036     116.5720
   11037     119.9050
   11038     113.5727
   11039     116.3875
   11040     113.8343
   11041     114.0527
   11042     111.2511
   11043     112.8012
   11044     114.1609
   11045     114.3364
   11046     115.2074
   11047     113.0118
   11048     118.9827
   11049     120.8509
   11050     124.2105
   11051     119.9471
   11052     121.7465
   11053     120.3153
   11054     121.8873
   11055     120.3632
   11056     123.8575
   11057     124.7463
   11058     126.4287
   11059     128.2404
   11060     121.4799
   11061     122.3814
   11062     120.5819
   11063     117.9618
   11064     120.9017
   11065     115.0217
   11066     116.7553
   11067     122.0179
   11068     117.0244
   11069     117.9701
   11070     120.7807
   11071     115.0534
   11072     119.0852
   11073     125.2029
   11074     125.5610
   11075     125.7425
   11076     116.5983
   11077     115.5818
   11078     119.0573
   11079     123.2258
   11080     123.8847
   11081     123.6024
   11082     124.7954
   11083     120.6733
   11084     118.0732
   11085     119.1072
   11086     120.3309
   11087     124.5930
   11088     123.9582
   11089     126.6160
   11090     123.3277
   11091     119.5733
   11092     122.8738
   11093     121.0673
   11094     126.4802
   11095     122.5443
   11096     121.5892
   11097     121.2569
   11098     119.2544
   11099     125.3737
   11100     124.2997
   11101     124.9988
   11102     119.0095
   11103     120.9385
   11104     120.7147
   11105     124.3614
   11106     118.2685
   11107     117.2359
   11108     117.0367
   11109     117.9085
   11110     121.1052
   11111     116.0708
   11112     112.6698
   11113     112.8537
   11114     116.5645
   11115     126.0424
   11116     118.8509
   11117     117.6320
   11118     118.6411
   11119     120.7823
   11120     120.0001
   11121     116.8170
   11122     118.7925
   11123     121.3866
   11124     122.2296
   11125     118.6606
   11126     116.5610
   11127     118.4891
   11128     120.8409
   11129     116.9093
   11130     114.7046
   11131     117.5889
   11132     124.4733
   11133     118.0148
   11134     124.0611
   11135     123.0714
   11136     124.4537
   11137     124.8470
   11138     124.7207
   11139     121.6656
   11140     122.1817
   11141     125.4791
   11142     124.5112
   11143     126.6365
   11144     122.3738
   11145     120.4274
   11146     119.3459
   11147     118.9456
   11148     114.9253
   11149     112.3461
   11150     112.4672
   11151     114.4318
   11152     115.4816
   11153     117.5532
   11154     119.0441
   11155     121.4162
   11156     124.4063
   11157     118.8493
   11158     120.0826
   11159     120.4816
   11160     124.9579
   11161     122.0042
   11162     122.7718
   11163     119.9424
   11164     119.9139
   11165     124.6348
   11166     120.0674
   11167     120.1052
   11168     123.9596
   11169     122.1217
   11170     123.4204
   11171     121.1651
   11172     123.1465
   11173     121.5248
   11174     126.6501
   11175     129.7200
   11176     130.1485
   11177     129.9516
   11178     129.1341
   11179     126.0259
   11180     119.3957
   11181     124.8112
   11182     121.6054
   11183     125.3396
   11184     126.8700
   11185     127.8188
   11186     132.0111
   11187     133.2033
   11188     133.3244
   11189     135.6055
   11190     133.6577
   11191     129.9863
   11192     126.3958
   11193     130.3332
   11194     129.3426
   11195     128.9456
   11196     128.1646
   11197     127.3281
   11198     126.9224
   11199     126.1309
   11200     126.6311
   11201     127.0510
   11202     126.3646
   11203     129.8656
   11204     132.9537
   11205     128.0256
   11206     125.9224
   11207     130.5916
   11208     130.3977
   11209     126.6900
   11210     132.8363
   11211     125.8690
   11212     128.2335
   11213     132.5624
   11214     128.8337
   11215     125.4427
   11216     124.8762
   11217     121.7762
   11218     127.1911
   11219     127.4710
   11220     129.7386
   11221     124.5581
   11222     128.2185
   11223     132.6373
   11224     127.5366
   11225     124.9974
   11226     132.9879
   11227     132.0799
   11228     132.8818
   11229     128.2500
   11230     127.8153
   11231     123.9525
   11232     131.5644
   11233     130.9696
   11234     128.8545
   11235     131.0163
   11236     130.8601
   11237     119.0119
   11238     124.1966
   11239     122.3024
   11240     127.0470
   11241     125.1654
   11242     127.1868
   11243     123.0073
   11244     126.3820
   11245     127.5024
   11246     124.0914
   11247     133.6575
   11248     127.6814
   11249     125.5475
   11250     125.7370
   11251     121.3783
   11252     128.0037
   11253     128.9394
   11254     123.9611
   11255     118.0966
   11256     120.0942
   11257     125.3838
   11258     126.6779
   11259     128.9691
   11260     128.0331
   11261     131.4531
   11262     132.3169
   11263     129.0352
   11264     128.7068
   11265     129.2478
   11266     126.7933
   11267     122.7483
   11268     124.7138
   11269     123.6023
   11270     118.7453
   11271     112.6934
   11272     121.3096
   11273     121.0141
   11274     120.2218
   11275     115.1063
   11276     114.5584
   11277     119.4163
   11278     117.6727
   11279     115.1865
   11280     114.7330
   11281     119.6784
   11282     121.3691
   11283     124.8351
   11284     120.2659
   11285     122.4604
   11286     121.7633
   11287     116.1981
   11288     117.6528
   11289     114.6508
   11290     123.4735
   11291     123.6594
   11292     118.9867
   11293     122.0608
   11294     121.0871
   11295     121.3133
   11296     115.4337
   11297     116.3558
   11298     119.7724
   11299     124.6913
   11300     120.9195
   11301     122.1868
   11302     121.2518
   11303     119.8372
   11304     122.6075
   11305     123.0017
   11306     120.9863
   11307     119.9182
   11308     121.4710
   11309     123.6514
   11310     119.2237
   11311     119.1332
   11312     119.0942
   11313     113.8149
   11314     107.9371
   11315     104.0435
   11316      99.9204
   11317     105.0026
   11318     104.1819
   11319     103.6773
   11320     103.5273
   11321     108.4636
   11322     109.7936
   11323     114.6345
   11324     112.8999
   11325     117.6807
   11326     111.8279
   11327     112.1552
   11328     108.6437
   11329     106.5003
   11330     110.3699
   11331     110.4771
   11332     113.6884
   11333     112.8478
   11334     116.1318
   11335     112.7905
   11336     117.3368
   11337     114.7691
   11338     110.7728
   11339     108.7456
   11340     113.9290
   11341     108.8716
   11342     108.1985
   11343     112.7569
   11344     114.7850
   11345     116.7136
   11346     122.2677
   11347     118.0713
   11348     118.5872
   11349     113.3741
   11350     117.1846
   11351     114.7622
   11352     115.1668
   11353     114.3398
   11354     116.0527
   11355     114.9618
   11356     117.5000
   11357     121.7460
   11358     123.0378
   11359     118.6977
   11360     117.8246
   11361     124.2835
   11362     125.2503
   11363     118.2938
   11364     117.3433
   11365     118.0505
   11366     116.6630
   11367     125.5649
   11368     122.6616
   11369     122.8439
   11370     127.2508
   11371     123.4512
   11372     125.2809
   11373     123.2521
   11374     121.6755
   11375     127.3144
   11376     126.9516
   11377     120.8964
   11378     119.7517
   11379     120.7185
   11380     121.7239
   11381     119.8250
   11382     120.0177
   11383     127.6046
   11384     123.9218
   11385     123.2964
   11386     120.0621
   11387     121.3182
   11388     118.4119
   11389     117.7602
   11390     121.0148
   11391     118.8015
   11392     120.6482
   11393     119.5520
   11394     124.0277
   11395     118.3404
   11396     121.0423
   11397     117.5980
   11398     118.7669
   11399     119.0142
   11400     125.2216
   11401     123.7057
   11402     125.7711
   11403     121.8917
   11404     124.6642
   11405     129.6800
   11406     128.7246
   11407     119.8682
   11408     126.7557
   11409     122.1067
   11410     123.9950
   11411     115.9945
   11412     119.4775
   11413     117.8216
   11414     124.2319
   11415     122.2098
   11416     125.1903
   11417     127.9990
   11418     124.8580
   11419     123.9795
   11420     123.9295
   11421     122.6300
   11422     117.3435
   11423     123.0057
   11424     121.5416
   11425     120.4351
   11426     113.6558
   11427     114.2719
   11428     111.4970
   11429     114.7135
   11430     121.4592
   11431     118.4685
   11432     119.3360
   11433     117.4182
   11434     120.6744
   11435     116.2614
   11436     121.3495
   11437     126.8517
   11438     125.7167
   11439     126.6487
   11440     128.7119
   11441     122.1921
   11442     125.3668
   11443     123.4561
   11444     125.4371
   11445     121.6093
   11446     115.2549
   11447     113.0738
   11448     112.8936
   11449     111.8951
   11450     115.8403
   11451     118.8557
   11452     117.9207
   11453     114.4871
   11454     110.2157
   11455     113.9090
   11456     121.6117
   11457     120.6172
   11458     118.9715
   11459     122.6712
   11460     121.7066
   11461     120.1486
   11462     116.6018
   11463     117.5971
   11464     128.3634
   11465     126.6677
   11466     124.1073
   11467     119.3369
   11468     119.5911
   11469     119.8592
   11470     116.7686
   11471     118.2586
   11472     115.2538
   11473     115.8533
   11474     119.1262
   11475     122.4463
   11476     115.8082
   11477     120.3091
   11478     117.6318
   11479     118.5214
   11480     117.8064
   11481     123.5625
   11482     120.1434
   11483     113.9429
   11484     122.3660
   11485     118.0914
   11486     122.2975
   11487     118.7077
   11488     123.9562
   11489     127.6272
   11490     124.2304
   11491     126.8261
   11492     129.8745
   11493     124.3712
   11494     118.1486
   11495     122.6429
   11496     124.4770
   11497     122.4654
   11498     119.0363
   11499     123.7638
   11500     125.1724
   11501     124.4064
   11502     122.1456
   11503     122.2463
   11504     124.7619
   11505     129.6688
   11506     124.9667
   11507     122.4107
   11508     127.3973
   11509     125.7620
   11510     128.2083
   11511     125.2009
   11512     129.1379
   11513     132.2497
   11514     134.8685
   11515     130.1324
   11516     125.4900
   11517     125.4329
   11518     123.1453
   11519     127.7337
   11520     128.2669
   11521     128.7378
   11522     127.3966
   11523     126.9694
   11524     129.5905
   11525     122.1963
   11526     126.5431
   11527     124.6897
   11528     122.4376
   11529     128.1983
   11530     131.0578
   11531     129.2473
   11532     124.2222
   11533     131.1301
   11534     124.0658
   11535     126.0324
   11536     128.3261
   11537     123.1282
   11538     130.5453
   11539     125.3208
   11540     122.8398
   11541     127.3238
   11542     129.9857
   11543     126.9909
   11544     127.1069
   11545     125.1022
   11546     130.0652
   11547     130.6499
   11548     126.4484
   11549     124.6273
   11550     125.2047
   11551     127.2817
   11552     121.8234
   11553     125.8886
   11554     127.4456
   11555     128.1397
   11556     125.7604
   11557     128.8232
   11558     133.0541
   11559     128.1486
   11560     126.8545
   11561     128.6442
   11562     127.6526
   11563     128.4888
   11564     126.8640
   11565     128.3252
   11566     129.6300
   11567     129.5263
   11568     127.8087
   11569     131.8212
   11570     130.6835
   11571     138.0477
   11572     131.4564
   11573     134.7490
   11574     133.4987
   11575     129.4661
   11576     127.0924
   11577     124.9040
   11578     125.6805
   11579     125.6845
   11580     127.5439
   11581     127.8652
   11582     126.2116
   11583     124.8829
   11584     128.1777
   11585     126.6278
   11586     126.1588
   11587     126.9895
   11588     124.8730
   11589     127.8616
   11590     123.2354
   11591     127.0465
   11592     126.8120
   11593     127.3478
   11594     128.6840
   11595     130.7765
   11596     129.5913
   11597     133.4429
   11598     130.0774
   11599     129.1138
   11600     130.8257
   11601     130.1921
   11602     134.1927
   11603     126.7207
   11604     124.7711
   11605     125.7769
   11606     127.8736
   11607     123.2930
   11608     127.1740
   11609     128.7501
   11610     128.3400
   11611     130.7690
   11612     126.8373
   11613     127.8635
   11614     125.1335
   11615     125.4283
   11616     126.6531
   11617     125.7935
   11618     123.8570
   11619     126.7120
   11620     122.6045
   11621     124.7081
   11622     120.1926
   11623     122.6873
   11624     126.6825
   11625     120.7275
   11626     127.3769
   11627     125.2129
   11628     132.1399
   11629     127.0903
   11630     125.3226
   11631     130.4179
   11632     131.9358
   11633     129.8615
   11634     123.1008
   11635     124.0027
   11636     120.9458
   11637     121.5460
   11638     124.4029
   11639     126.3468
   11640     125.2350
   11641     128.1718
   11642     128.2021
   11643     135.9167
   11644     135.8917
   11645     129.4113
   11646     132.4922
   11647     130.8853
   11648     129.4996
   11649     127.6388
   11650     132.1108
   11651     130.6293
   11652     130.3234
   11653     122.8586
   11654     125.7102
   11655     124.9391
   11656     128.9669
   11657     127.6811
   11658     125.6623
   11659     126.5659
   11660     123.9971
   11661     123.3092
   11662     125.1306
   11663     128.5485
   11664     128.1248
   11665     129.9655
   11666     126.1628
   11667     122.1024
   11668     121.5586
   11669     129.7623
   11670     129.5364
   11671     128.5499
   11672     129.1042
   11673     131.7697
   11674     129.1307
   11675     128.5674
   11676     128.4995
   11677     125.3300
   11678     126.2667
   11679     126.3789
   11680     124.9807
   11681     128.1302
   11682     126.9178
   11683     129.4083
   11684     131.3870
   11685     127.1372
   11686     127.9213
   11687     131.2994
   11688     131.3989
   11689     131.8861
   11690     133.7776
   11691     127.7666
   11692     130.4678
   11693     127.8779
   11694     129.6536
   11695     127.9530
   11696     127.7186
   11697     127.4579
   11698     125.1104
   11699     132.6044
   11700     134.6706
   11701     127.6469
   11702     136.0975
   11703     129.0830
   11704     124.2482
   11705     123.4315
   11706     122.9434
   11707     127.3121
   11708     128.0333
   11709     125.7735
   11710     127.6055
   11711     129.5149
   11712     131.0279
   11713     131.8600
   11714     132.2615
   11715     132.5254
   11716     126.1763
   11717     130.1609
   11718     127.0974
   11719     126.9451
   11720     127.5982
   11721     127.5595
   11722     129.2165
   11723     125.3079
   11724     127.9712
   11725     130.7164
   11726     130.0590
   11727     127.3943
   11728     127.8588
   11729     129.6937
   11730     133.9984
   11731     133.4695
   11732     136.9655
   11733     130.0554
   11734     130.5140
   11735     128.6667
   11736     128.7391
   11737     132.9305
   11738     132.1437
   11739     134.4196
   11740     134.6527
   11741     132.9861
   11742     132.0925
   11743     130.0442
   11744     128.6533
   11745     127.7094
   11746     127.8959
   11747     130.0317
   11748     125.2449
   11749     128.0845
   11750     129.7547
   11751     123.9669
   11752     128.5965
   11753     125.4224
   11754     123.0861
   11755     118.6513
   11756     117.2881
   11757     116.0348
   11758     118.5581
   11759     123.1714
   11760     124.0568
   11761     125.0597
   11762     125.9539
   11763     122.5165
   11764     120.5541
   11765     126.8650
   11766     128.0895
   11767     127.4619
   11768     125.7825
   11769     132.5618
   11770     131.3591
   11771     133.2490
   11772     124.6472
   11773     126.2681
   11774     124.8474
   11775     128.2905
   11776     123.6192
   11777     124.8332
   11778     124.9292
   11779     131.2859
   11780     123.8340
   11781     123.1669
   11782     127.1349
   11783     124.2019
   11784     125.1804
   11785     126.8707
   11786     129.2492
   11787     125.8965
   11788     125.2100
   11789     123.5900
   11790     126.0112
   11791     126.0294
   11792     124.4393
   11793     123.8843
   11794     126.4566
   11795     125.9461
   11796     124.3175
   11797     123.3918
   11798     121.8015
   11799     126.1957
   11800     128.8102
   11801     125.5596
   11802     124.6345
   11803     121.4857
   11804     127.4772
   11805     127.2141
   11806     129.0637
   11807     132.0111
   11808     131.4363
   11809     135.2625
   11810     129.1452
   11811     128.6850
   11812     127.4067
   11813     123.5641
   11814     124.0529
   11815     131.1354
   11816     134.3816
   11817     132.9303
   11818     128.7833
   11819     128.6126
   11820     127.0231
   11821     127.3819
   11822     132.5753
   11823     133.0559
   11824     138.0921
   11825     125.0200
   11826     125.8954
   11827     126.8406
   11828     125.2695
   11829     127.3160
   11830     130.2404
   11831     128.7344
   11832     127.5121
   11833     125.4449
   11834     125.8233
   11835     129.8504
   11836     130.6846
   11837     133.6849
   11838     134.7951
   11839     131.7667
   11840     133.8137
   11841     133.1886
   11842     131.0939
   11843     132.5549
   11844     129.3547
   11845     132.6597
   11846     135.0144
   11847     136.4806
   11848     131.4290
   11849     131.4161
   11850     130.0447
   11851     131.9705
   11852     126.4430
   11853     124.2683
   11854     129.3821
   11855     127.2500
   11856     125.7891
   11857     126.3365
   11858     119.6397
   11859     124.6088
   11860     120.8083
   11861     119.0324
   11862     120.4819
   11863     124.6137
   11864     121.4467
   11865     122.4404
   11866     120.9190
   11867     126.4674
   11868     126.5884
   11869     126.8912
   11870     128.1076
   11871     132.0891
   11872     129.0145
   11873     123.3789
   11874     122.0796
   11875     121.1369
   11876     127.0960
   11877     122.6551
   11878     119.5737
   11879     121.6388
   11880     119.5600
   11881     124.9048
   11882     125.8518
   11883     125.4223
   11884     119.3709
   11885     118.7553
   11886     119.9927
   11887     117.6929
   11888     117.0185
   11889     119.1582
   11890     119.8975
   11891     123.1995
   11892     125.8804
   11893     120.7677
   11894     120.4217
   11895     120.2503
   11896     118.1081
   11897     117.9253
   11898     120.3270
   11899     118.3871
   11900     122.3957
   11901     122.6314
   11902     127.8246
   11903     121.8191
   11904     120.2041
   11905     118.7665
   11906     119.5749
   11907     119.1297
   11908     122.1626
   11909     129.6916
   11910     130.3661
   11911     127.9183
   11912     128.8810
   11913     127.3917
   11914     123.7501
   11915     122.1286
   11916     123.3636
   11917     115.3102
   11918     126.3613
   11919     123.3342
   11920     122.1115
   11921     125.8701
   11922     124.5014
   11923     126.1320
   11924     126.0677
   11925     129.8855
   11926     128.4701
   11927     129.8703
   11928     123.8488
   11929     123.1908
   11930     124.0930
   11931     125.9014
   11932     126.3364
   11933     123.6187
   11934     125.1687
   11935     127.5084
   11936     129.3743
   11937     126.7981
   11938     123.2376
   11939     121.9639
   11940     126.1458
   11941     127.9318
   11942     126.3984
   11943     120.8125
   11944     121.2024
   11945     121.5696
   11946     121.1177
   11947     121.3289
   11948     122.0664
   11949     120.7235
   11950     128.5388
   11951     125.4088
   11952     128.1931
   11953     130.8452
   11954     135.9236
   11955     128.0240
   11956     132.5360
   11957     124.3871
   11958     129.0260
   11959     129.3612
   11960     124.4409
   11961     127.1178
   11962     127.1366
   11963     121.1166
   11964     123.9784
   11965     126.3152
   11966     128.6547
   11967     118.6461
   11968     125.6858
   11969     125.6205
   11970     126.5351
   11971     130.5203
   11972     129.5873
   11973     128.8902
   11974     125.4153
   11975     128.7407
   11976     117.5523
   11977     118.6538
   11978     117.6009
   11979     124.9375
   11980     125.4253
   11981     126.3528
   11982     123.0760
   11983     123.8658
   11984     123.6411
   11985     124.7806
   11986     124.4112
   11987     121.6607
   11988     124.0903
   11989     126.0440
   11990     122.1506
   11991     126.0321
   11992     127.8025
   11993     128.9945
   11994     130.7464
   11995     125.7943
   11996     130.8799
   11997     126.6080
   11998     125.5573
   11999     124.4780
   12000     119.2667
   12001     118.9231
   12002     123.2842
   12003     125.9980
   12004     123.3308
   12005     124.6843
   12006     122.2299
   12007     121.2314
   12008     125.7381
   12009     122.8827
   12010     128.8822
   12011     126.2667
   12012     127.1344
   12013     117.0114
   12014     118.6662
   12015     122.4605
   12016     122.4807
   12017     119.0778
   12018     123.7278
   12019     124.0021
   12020     130.3249
   12021     126.1970
   12022     124.4733
   12023     120.0354
   12024     119.0969
   12025     120.8668
   12026     127.3444
   12027     129.1458
   12028     127.5572
   12029     125.4701
   12030     125.8578
   12031     120.6244
   12032     125.9000
   12033     129.5912
   12034     130.7588
   12035     129.1620
   12036     131.1440
   12037     127.9512
   12038     126.6535
   12039     122.9923
   12040     126.1138
   12041     120.8982
   12042     119.1311
   12043     121.5273
   12044     121.4398
   12045     119.5232
   12046     121.3993
   12047     118.7903
   12048     118.7751
   12049     120.1725
   12050     129.0401
   12051     125.3664
   12052     125.3127
   12053     120.3637
   12054     120.1089
   12055     115.0501
   12056     110.5966
   12057     114.2527
   12058     121.2781
   12059     120.5390
   12060     119.7441
   12061     116.7357
   12062     117.1826
   12063     119.0556
   12064     120.4263
   12065     119.9444
   12066     121.2998
   12067     124.8190
   12068     127.3057
   12069     126.3268
   12070     125.6794
   12071     122.4246
   12072     120.4850
   12073     125.9356
   12074     128.6613
   12075     126.0239
   12076     123.4089
   12077     124.7251
   12078     128.0897
   12079     126.6158
   12080     125.3202
   12081     125.1932
   12082     127.2507
   12083     123.6941
   12084     122.7094
   12085     119.3302
   12086     120.0392
   12087     117.9599
   12088     115.4264
   12089     114.1624
   12090     113.0971
   12091     114.7938
   12092     120.5259
   12093     120.7589
   12094     121.0592
   12095     119.6989
   12096     122.6726
   12097     118.7239
   12098     113.2008
   12099     112.5688
   12100     115.7014
   12101     116.6627
   12102     120.8911
   12103     122.9859
   12104     122.3626
   12105     116.5093
   12106     120.2621
   12107     115.9278
   12108     118.1490
   12109     118.0451
   12110     117.5104
   12111     116.5428
   12112     121.9228
   12113     116.0422
   12114     115.0955
   12115     119.1821
   12116     121.8570
   12117     115.1177
   12118     121.0964
   12119     118.4864
   12120     114.2067
   12121     118.5530
   12122     112.8235
   12123     113.7546
   12124     114.1280
   12125     112.7092
   12126     112.5247
   12127     116.6030
   12128     116.6456
   12129     114.4828
   12130     113.6523
   12131     120.3072
   12132     114.9472
   12133     115.5843
   12134     112.5638
   12135     116.0549
   12136     115.2886
   12137     119.2505
   12138     117.5742
   12139     118.1351
   12140     118.8070
   12141     113.3969
   12142     113.3466
   12143     115.8690
   12144     120.8624
   12145     114.9396
   12146     119.3505
   12147     118.1655
   12148     118.5191
   12149     113.4757
   12150     117.8382
   12151     120.2047
   12152     122.4278
   12153     118.4215
   12154     115.9904
   12155     118.9746
   12156     117.6899
   12157     118.5175
   12158     114.1063
   12159     117.4364
   12160     117.8303
   12161     118.8541
   12162     119.1655
   12163     121.2413
   12164     125.5247
   12165     129.7889
   12166     126.1803
   12167     123.7722
   12168     124.3923
   12169     119.6312
   12170     120.2879
   12171     114.9010
   12172     111.9298
   12173     113.8675
   12174     114.4393
   12175     114.8636
   12176     116.8555
   12177     117.0833
   12178     119.5668
   12179     116.0823
   12180     123.1971
   12181     122.0992
   12182     112.9174
   12183     124.0251
   12184     117.3301
   12185     120.8801
   12186     120.9781
   12187     121.3575
   12188     116.4866
   12189     118.7726
   12190     124.3652
   12191     119.3130
   12192     122.0487
   12193     123.0103
   12194     118.1412
   12195     119.9255
   12196     117.5039
   12197     117.7204
   12198     118.3240
   12199     117.5884
   12200     117.4310
   12201     118.2357
   12202     113.3350
   12203     116.1792
   12204     115.3855
   12205     111.6608
   12206     114.0484
   12207     114.8353
   12208     116.9555
   12209     116.3864
   12210     120.4255
   12211     125.7184
   12212     124.2413
   12213     125.3363
   12214     124.3363
   12215     119.8707
   12216     123.3440
   12217     122.2293
   12218     117.9775
   12219     120.7940
   12220     122.5948
   12221     120.8693
   12222     125.1290
   12223     125.6751
   12224     121.3482
   12225     120.8249
   12226     118.6299
   12227     117.4068
   12228     120.9175
   12229     117.3978
   12230     121.2007
   12231     131.3383
   12232     131.5415
   12233     133.8826
   12234     129.1663
   12235     129.4219
   12236     123.2318
   12237     121.2298
   12238     118.9608
   12239     125.8247
   12240     127.9483
   12241     128.7023
   12242     131.9448
   12243     136.0516
   12244     135.3947
   12245     138.5906
   12246     129.8285
   12247     127.7497
   12248     128.8124
   12249     128.1248
   12250     130.5202
   12251     127.8325
   12252     125.7129
   12253     129.2746
   12254     123.0672
   12255     119.7463
   12256     117.3112
   12257     124.1125
   12258     128.7753
   12259     123.7527
   12260     120.3089
   12261     124.3868
   12262     131.0583
   12263     127.3482
   12264     118.9091
   12265     121.4796
   12266     117.9654
   12267     119.3523
   12268     120.2745
   12269     124.5370
   12270     123.6862
   12271     126.3332
   12272     128.7926
   12273     130.0350
   12274     133.3932
   12275     130.7803
   12276     129.4674
   12277     126.8460
   12278     126.1569
   12279     126.2820
   12280     125.9489
   12281     125.7782
   12282     123.4365
   12283     128.5670
   12284     126.6771
   12285     128.5760
   12286     130.8853
   12287     128.5531
   12288     128.8865
   12289     129.9120
   12290     125.9502
   12291     122.6453
   12292     124.6131
   12293     121.3032
   12294     117.1137
   12295     120.1784
   12296     123.7852
   12297     123.5830
   12298     121.0583
   12299     125.2298
   12300     125.1356
   12301     123.2904
   12302     124.2754
   12303     118.1565
   12304     118.0601
   12305     119.5483
   12306     121.5076
   12307     123.5743
   12308     119.2487
   12309     122.3585
   12310     126.0102
   12311     122.9972
   12312     120.4278
   12313     124.3354
   12314     120.2042
   12315     123.1183
   12316     116.7922
   12317     116.8207
   12318     121.5968
   12319     119.5111
   12320     122.1585
   12321     123.1084
   12322     122.4695
   12323     118.1604
   12324     114.9070
   12325     119.9700
   12326     117.6389
   12327     112.7861
   12328     120.4360
   12329     118.6478
   12330     120.5805
   12331     118.4080
   12332     111.7753
   12333     117.8398
   12334     117.2598
   12335     118.5185
   12336     119.3420
   12337     121.8596
   12338     121.9951
   12339     123.0195
   12340     120.0855
   12341     121.4642
   12342     118.8824
   12343     125.1044
   12344     124.5729
   12345     129.3309
   12346     126.6292
   12347     128.0273
   12348     126.7566
   12349     127.2850
   12350     126.1821
   12351     121.9948
   12352     124.0176
   12353     119.0339
   12354     122.5271
   12355     123.8551
   12356     128.0541
   12357     127.8692
   12358     126.6705
   12359     121.1918
   12360     125.8439
   12361     126.8218
   12362     122.0254
   12363     121.6524
   12364     126.1456
   12365     123.4227
   12366     125.0414
   12367     127.2080
   12368     122.3257
   12369     118.5273
   12370     123.8400
   12371     128.6146
   12372     128.5333
   12373     130.1441
   12374     123.8865
   12375     120.8975
   12376     126.5218
   12377     126.3308
   12378     124.4991
   12379     125.0289
   12380     122.4705
   12381     123.5957
   12382     130.1462
   12383     129.9931
   12384     125.5551
   12385     119.5736
   12386     121.4239
   12387     121.2753
   12388     119.9026
   12389     124.6350
   12390     128.1179
   12391     117.0321
   12392     118.4283
   12393     117.4975
   12394     116.3119
   12395     119.4892
   12396     120.2474
   12397     119.0459
   12398     121.1721
   12399     123.5248
   12400     123.5508
   12401     124.7194
   12402     124.2475
   12403     125.0054
   12404     124.5588
   12405     121.9902
   12406     124.2705
   12407     126.0722
   12408     127.8032
   12409     124.1293
   12410     126.3506
   12411     127.9017
   12412     126.2930
   12413     127.0214
   12414     124.2514
   12415     126.2610
   12416     124.8108
   12417     122.4072
   12418     120.9319
   12419     125.2734
   12420     123.8742
   12421     125.9451
   12422     127.0063
   12423     125.3923
   12424     122.7465
   12425     117.1865
   12426     117.0964
   12427     123.5565
   12428     122.5755
   12429     123.5140
   12430     125.7470
   12431     130.7618
   12432     122.9629
   12433     120.0152
   12434     126.2832
   12435     123.2503
   12436     125.9616
   12437     123.6103
   12438     125.7967
   12439     122.7184
   12440     124.8629
   12441     122.4237
   12442     120.2593
   12443     120.1158
   12444     123.5341
   12445     121.4758
   12446     119.2840
   12447     118.0027
   12448     119.4907
   12449     123.1373
   12450     121.9309
   12451     122.3990
   12452     125.8714
   12453     124.3978
   12454     122.9122
   12455     117.9609
   12456     119.6733
   12457     118.2711
   12458     120.4964
   12459     120.5612
   12460     124.8242
   12461     126.2155
   12462     124.8270
   12463     125.0382
   12464     125.3784
   12465     123.9231
   12466     120.8517
   12467     117.1855
   12468     114.9469
   12469     119.5650
   12470     117.2490
   12471     114.6511
   12472     115.4528
   12473     113.8307
   12474     111.4895
   12475     114.0431
   12476     114.2698
   12477     118.2744
   12478     120.1188
   12479     121.3970
   12480     117.8496
   12481     122.4211
   12482     120.8858
   12483     123.7915
   12484     116.8524
   12485     120.0700
   12486     118.6055
   12487     120.8306
   12488     122.2685
   12489     118.1057
   12490     118.6052
   12491     119.0965
   12492     124.0848
   12493     126.5594
   12494     124.8326
   12495     121.8950
   12496     124.4057
   12497     117.3097
   12498     119.8026
   12499     127.5709
   12500     123.1562
   12501     125.6575
   12502     126.1617
   12503     123.3227
   12504     123.1204
   12505     120.2962
   12506     118.7586
   12507     117.7640
   12508     121.8499
   12509     122.2848
   12510     123.4534
   12511     119.0122
   12512     125.3947
   12513     127.1049
   12514     123.5111
   12515     123.5830
   12516     124.5345
   12517     122.3282
   12518     124.3937
   12519     118.7882
   12520     119.9710
   12521     116.2363
   12522     124.3054
   12523     121.4461
   12524     125.8600
   12525     127.6538
   12526     126.1200
   12527     125.2350
   12528     123.0848
   12529     121.4714
   12530     125.1392
   12531     117.0830
   12532     118.2671
   12533     123.2732
   12534     126.5715
   12535     125.8955
   12536     123.9394
   12537     124.4560
   12538     124.4829
   12539     124.5526
   12540     124.7735
   12541     120.4954
   12542     121.7216
   12543     129.6147
   12544     122.9593
   12545     122.6293
   12546     122.2992
   12547     123.9459
   12548     121.4782
   12549     122.7151
   12550     121.3567
   12551     123.9536
   12552     122.7581
   12553     121.9317
   12554     116.6764
   12555     118.6907
   12556     122.6108
   12557     123.7459
   12558     120.4589
   12559     126.4278
   12560     122.2459
   12561     118.4527
   12562     123.5409
   12563     120.4745
   12564     119.3877
   12565     123.2608
   12566     122.7253
   12567     116.6767
   12568     115.9674
   12569     119.7435
   12570     117.7184
   12571     117.0751
   12572     118.6949
   12573     118.9646
   12574     114.9368
   12575     123.1496
   12576     123.0531
   12577     116.2921
   12578     117.4193
   12579     123.2156
   12580     121.5861
   12581     125.5058
   12582     119.1857
   12583     119.2271
   12584     122.1882
   12585     121.4856
   12586     122.5520
   12587     124.7498
   12588     120.5177
   12589     116.2250
   12590     116.5165
   12591     113.9352
   12592     116.9854
   12593     113.4489
   12594     108.2676
   12595     108.0654
   12596     113.7520
   12597     117.1397
   12598     112.5114
   12599     111.0819
   12600     115.0922
   12601     119.7182
   12602     119.3075
   12603     122.0381
   12604     120.9076
   12605     117.7314
   12606     118.8821
   12607     118.9548
   12608     123.3898
   12609     123.0218
   12610     118.7153
   12611     122.7021
   12612     122.1575
   12613     122.8030
   12614     127.4522
   12615     120.6585
   12616     127.6490
   12617     126.8531
   12618     123.3802
   12619     121.9790
   12620     122.2215
   12621     117.3326
   12622     125.4764
   12623     121.6766
   12624     123.4625
   12625     123.1805
   12626     127.5637
   12627     125.0633
   12628     126.1349
   12629     126.6433
   12630     125.4662
   12631     123.4193
   12632     127.9990
   12633     125.0616
   12634     123.7661
   12635     122.6795
   12636     117.4160
   12637     123.7654
   12638     124.3889
   12639     124.2014
   12640     122.4307
   12641     121.6314
   12642     118.8934
   12643     121.1165
   12644     126.2756
   12645     127.5679
   12646     126.0982
   12647     125.7388
   12648     128.4576
   12649     126.9919
   12650     123.5585
   12651     125.4113
   12652     127.5841
   12653     130.1578
   12654     121.8417
   12655     124.1029
   12656     126.3691
   12657     127.2183
   12658     121.3736
   12659     119.8814
   12660     118.8152
   12661     118.5587
   12662     120.7631
   12663     127.7064
   12664     126.3411
   12665     127.4394
   12666     121.5682
   12667     125.2238
   12668     128.8126
   12669     125.1277
   12670     120.5783
   12671     123.2723
   12672     122.9250
   12673     126.4326
   12674     127.6845
   12675     125.4145
   12676     128.7942
   12677     126.2262
   12678     119.5003
   12679     125.4971
   12680     120.0155
   12681     117.6560
   12682     116.5848
   12683     122.2855
   12684     117.8440
   12685     120.5002
   12686     124.7280
   12687     120.8595
   12688     119.6438
   12689     127.3977
   12690     127.6325
   12691     119.7591
   12692     122.1728
   12693     121.4466
   12694     119.2631
   12695     122.3339
   12696     126.2785
   12697     122.0585
   12698     125.4069
   12699     118.7621
   12700     116.6812
   12701     121.3658
   12702     126.3108
   12703     121.6892
   12704     120.2400
   12705     113.4471
   12706     115.8928
   12707     116.8279
   12708     118.1921
   12709     119.3712
   12710     119.4646
   12711     115.0484
   12712     114.5837
   12713     114.1149
   12714     118.3981
   12715     120.6720
   12716     117.5044
   12717     117.0076
   12718     117.3217
   12719     120.2344
   12720     118.7796
   12721     115.1939
   12722     113.0295
   12723     114.6758
   12724     112.7952
   12725     115.2482
   12726     119.9851
   12727     124.2778
   12728     121.9099
   12729     118.0100
   12730     123.1808
   12731     122.1461
   12732     119.1566
   12733     121.5376
   12734     118.2661
   12735     119.4241
   12736     120.2443
   12737     121.2424
   12738     116.4292
   12739     109.8325
   12740     111.5691
   12741     115.5291
   12742     112.1402
   12743     116.6008
   12744     114.0796
   12745     112.1548
   12746     114.6030
   12747     122.5144
   12748     115.9011
   12749     117.7218
   12750     120.4399
   12751     115.6344
   12752     112.5848
   12753     110.4393
   12754     111.5761
   12755     116.1625
   12756     118.8873
   12757     113.3834
   12758     112.1936
   12759     113.4363
   12760     111.4488
   12761     112.7019
   12762     115.7763
   12763     113.0876
   12764     116.4391
   12765     115.0774
   12766     114.6494
   12767     113.9556
   12768     115.3075
   12769     113.4167
   12770     114.2477
   12771     111.0583
   12772     113.1429
   12773     111.4755
   12774     114.2832
   12775     113.1802
   12776     110.3719
   12777     116.2375
   12778     111.8802
   12779     111.0208
   12780     112.9999
   12781     109.8147
   12782     111.1961
   12783     110.9041
   12784     107.2647
   12785     108.0620
   12786     113.6527
   12787     114.7506
   12788     113.1721
   12789     116.7516
   12790     111.6926
   12791     113.4347
   12792     108.8374
   12793     113.7542
   12794     110.3608
   12795     118.0195
   12796     119.0128
   12797     118.3717
   12798     121.9780
   12799     123.9868
   12800     120.3962
   12801     119.1171
   12802     125.1381
   12803     118.3261
   12804     116.3341
   12805     114.8636
   12806     116.5343
   12807     113.1629
   12808     122.4035
   12809     124.2728
   12810     118.2942
   12811     115.5812
   12812     117.7091
   12813     117.3772
   12814     118.3466
   12815     120.2188
   12816     118.2774
   12817     115.0606
   12818     115.1876
   12819     117.6006
   12820     121.0406
   12821     113.9021
   12822     119.5665
   12823     120.0000
   12824     117.9786
   12825     121.7131
   12826     119.8290
   12827     119.3112
   12828     117.6253
   12829     115.6180
   12830     113.4840
   12831     118.6984
   12832     115.6793
   12833     109.5192
   12834     114.4736
   12835     111.0771
   12836     112.4386
   12837     113.9035
   12838     108.4995
   12839     114.0544
   12840     116.2383
   12841     115.0438
   12842     117.9946
   12843     118.0828
   12844     117.3993
   12845     117.8989
   12846     115.5573
   12847     113.4727
   12848     116.2940
   12849     112.7014
   12850     115.0154
   12851     112.3645
   12852     109.4159
   12853     109.0309
   12854     110.7617
   12855     116.9782
   12856     114.5476
   12857     111.0364
   12858     115.4159
   12859     118.4052
   12860     119.4130
   12861     116.0998
   12862     110.7393
   12863     116.8178
   12864     113.7945
   12865     113.2125
   12866     111.8230
   12867     116.6769
   12868     108.5186
   12869     110.1978
   12870     112.0613
   12871     117.4645
   12872     116.8809
   12873     118.0541
   12874     110.9513
   12875     115.9091
   12876     119.9544
   12877     113.5385
   12878     113.6630
   12879     117.2034
   12880     118.4085
   12881     118.2744
   12882     117.5868
   12883     120.1611
   12884     119.0175
   12885     113.2380
   12886     117.2952
   12887     114.5033
   12888     119.3536
   12889     121.6165
   12890     121.5718
   12891     120.3971
   12892     120.6356
   12893     117.9202
   12894     115.0417
   12895     125.2247
   12896     117.2376
   12897     119.8367
   12898     118.9630
   12899     124.2256
   12900     123.1220
   12901     127.7995
   12902     117.7524
   12903     120.2095
   12904     112.1858
   12905     115.8722
   12906     116.0386
   12907     121.3663
   12908     123.9724
   12909     128.2090
   12910     123.0602
   12911     122.9917
   12912     122.4265
   12913     121.3202
   12914     122.5677
   12915     126.9271
   12916     122.8946
   12917     120.4288
   12918     122.5323
   12919     121.1102
   12920     119.5061
   12921     114.1907
   12922     115.9656
   12923     113.1198
   12924     119.4624
   12925     118.2076
   12926     117.7791
   12927     118.5547
   12928     122.6309
   12929     123.7002
   12930     120.3231
   12931     117.8956
   12932     120.2219
   12933     119.0904
   12934     115.8217
   12935     115.5175
   12936     114.1613
   12937     116.0358
   12938     117.0690
   12939     117.2169
   12940     120.1745
   12941     121.3843
   12942     116.3134
   12943     114.7835
   12944     120.0212
   12945     116.2269
   12946     117.7271
   12947     116.1459
   12948     117.5654
   12949     117.2294
   12950     116.0787
   12951     110.4978
   12952     109.5269
   12953     113.1889
   12954     112.3849
   12955     117.9950
   12956     116.9906
   12957     110.5969
   12958     113.1194
   12959     108.3296
   12960     109.5054
   12961     112.6823
   12962     109.8128
   12963     110.9734
   12964     112.6990
   12965     116.4581
   12966     114.8109
   12967     112.3412
   12968     113.2147
   12969     119.3395
   12970     112.9783
   12971     109.1418
   12972     107.0189
   12973     107.2960
   12974     108.2220
   12975     115.7398
   12976     108.2700
   12977     112.8959
   12978     116.7146
   12979     115.3813
   12980     111.0651
   12981     108.6154
   12982     114.4827
   12983     115.9497
   12984     118.5826
   12985     116.8141
   12986     115.8714
   12987     115.2902
   12988     116.5093
   12989     114.2596
   12990     114.8987
   12991     114.3521
   12992     115.1739
   12993     116.1204
   12994     115.3526
   12995     112.6740
   12996     119.4585
   12997     116.8064
   12998     120.3864
   12999     117.2333
   13000     122.2838
   13001     126.9130
   13002     120.9105
   13003     125.5341
   13004     128.5114
   13005     125.1450
   13006     125.4256
   13007     123.5152
   13008     121.5998
   13009     121.7569
   13010     125.0854
   13011     127.2021
   13012     120.8316
   13013     119.3854
   13014     120.4078
   13015     114.1563
   13016     118.9844
   13017     121.7018
   13018     117.1594
   13019     122.3021
   13020     119.2996
   13021     120.7563
   13022     124.9492
   13023     125.2628
   13024     124.6409
   13025     123.1220
   13026     124.2867
   13027     124.1825
   13028     128.2861
   13029     128.9563
   13030     123.0255
   13031     127.7479
   13032     124.8451
   13033     122.3701
   13034     126.7196
   13035     126.4391
   13036     124.8855
   13037     125.4950
   13038     119.7129
   13039     116.7538
   13040     120.4599
   13041     120.8571
   13042     117.0382
   13043     119.6178
   13044     116.4703
   13045     121.9477
   13046     120.0729
   13047     122.5620
   13048     124.0461
   13049     117.1902
   13050     120.4787
   13051     120.0579
   13052     121.2557
   13053     124.0468
   13054     129.0414
   13055     124.8677
   13056     125.6700
   13057     122.4336
   13058     122.0389
   13059     124.7014
   13060     126.1253
   13061     120.2316
   13062     120.2016
   13063     121.6277
   13064     122.4142
   13065     124.5408
   13066     123.5728
   13067     124.3465
   13068     117.9220
   13069     121.0903
   13070     122.8668
   13071     119.6222
   13072     124.6686
   13073     124.8583
   13074     123.3071
   13075     127.9064
   13076     122.3420
   13077     120.4968
   13078     124.8039
   13079     117.1233
   13080     118.3705
   13081     120.3489
   13082     122.5489
   13083     119.6642
   13084     120.8117
   13085     120.5834
   13086     119.1532
   13087     117.5392
   13088     114.4030
   13089     114.7833
   13090     119.5660
   13091     115.0246
   13092     117.2401
   13093     122.9684
   13094     117.1540
   13095     118.0430
   13096     116.4357
   13097     116.3565
   13098     117.1416
   13099     113.2977
   13100     114.5822
   13101     117.2102
   13102     115.6566
   13103     118.9058
   13104     118.8601
   13105     114.1790
   13106     115.6555
   13107     113.6894
   13108     119.3602
   13109     119.7832
   13110     122.6464
   13111     119.7833
   13112     120.5684
   13113     119.4404
   13114     117.5479
   13115     111.4523
   13116     108.9360
   13117     108.1505
   13118     109.3937
   13119     113.1878
   13120     113.2067
   13121     116.6511
   13122     118.1011
   13123     114.8215
   13124     111.6011
   13125     113.9258
   13126     107.7884
   13127     113.1461
   13128     115.4389
   13129     117.1139
   13130     119.3637
   13131     114.0622
   13132     119.8534
   13133     119.8735
   13134     119.2201
   13135     118.0755
   13136     117.0014
   13137     119.8924
   13138     119.0685
   13139     119.9234
   13140     119.9656
   13141     119.6457
   13142     115.9251
   13143     122.2004
   13144     121.2893
   13145     118.2631
   13146     120.5456
   13147     121.6913
   13148     119.9811
   13149     123.5927
   13150     121.0709
   13151     121.9846
   13152     115.1821
   13153     116.0052
   13154     121.0451
   13155     127.4163
   13156     126.8163
   13157     126.0322
   13158     126.4353
   13159     130.6926
   13160     130.2393
   13161     128.6486
   13162     129.5194
   13163     121.3006
   13164     125.8196
   13165     125.5778
   13166     125.3484
   13167     124.6089
   13168     126.0988
   13169     124.1514
   13170     125.3349
   13171     123.7045
   13172     122.2781
   13173     118.4432
   13174     121.6927
   13175     123.3531
   13176     123.8703
   13177     127.1989
   13178     126.2197
   13179     122.3435
   13180     123.1322
   13181     123.5087
   13182     124.3666
   13183     124.7366
   13184     122.8279
   13185     124.3769
   13186     121.3399
   13187     124.2513
   13188     121.8823
   13189     122.9552
   13190     120.3622
   13191     123.5096
   13192     124.7304
   13193     123.8921
   13194     120.3842
   13195     122.3522
   13196     121.2933
   13197     121.9511
   13198     124.1747
   13199     123.0621
   13200     118.1682
   13201     121.1070
   13202     123.8174
   13203     120.3568
   13204     119.8521
   13205     120.2699
   13206     123.7327
   13207     123.2570
   13208     122.6771
   13209     123.1765
   13210     122.0689
   13211     123.2403
   13212     123.3541
   13213     121.5938
   13214     122.6282
   13215     123.4167
   13216     122.0595
   13217     118.7838
   13218     119.9932
   13219     117.6391
   13220     119.4394
   13221     121.1163
   13222     120.3117
   13223     118.4092
   13224     114.0824
   13225     115.7524
   13226     115.2563
   13227     115.0086
   13228     116.7554
   13229     114.8813
   13230     120.0389
   13231     119.8019
   13232     119.8116
   13233     121.4865
   13234     121.8033
   13235     122.8177
   13236     119.9281
   13237     123.0121
   13238     118.5456
   13239     120.6283
   13240     121.1422
   13241     127.0825
   13242     121.0585
   13243     114.1428
   13244     114.6608
   13245     116.9532
   13246     118.5416
   13247     115.8109
   13248     119.5893
   13249     121.5869
   13250     122.3545
   13251     120.3522
   13252     117.2429
   13253     119.3295
   13254     122.8912
   13255     124.0167
   13256     124.0866
   13257     122.5708
   13258     124.8402
   13259     126.7704
   13260     123.9321
   13261     120.4506
   13262     125.5667
   13263     124.7263
   13264     125.8923
   13265     126.7415
   13266     122.7678
   13267     122.5241
   13268     120.0224
   13269     121.1467
   13270     126.0975
   13271     125.9984
   13272     127.3874
   13273     128.6748
   13274     126.4564
   13275     126.0224
   13276     126.9191
   13277     128.7713
   13278     129.1623
   13279     129.1263
   13280     123.9979
   13281     124.4364
   13282     124.9288
   13283     122.5382
   13284     120.6802
   13285     118.4017
   13286     121.4117
   13287     120.8021
   13288     122.4259
   13289     115.3751
   13290     111.9559
   13291     117.8781
   13292     116.3252
   13293     116.2779
   13294     114.6086
   13295     114.2751
   13296     108.1822
   13297     113.1398
   13298     113.1955
   13299     111.1660
   13300     111.2998
   13301     109.1064
   13302     109.6712
   13303     115.6165
   13304     119.6908
   13305     118.3333
   13306     118.4872
   13307     121.3729
   13308     120.8408
   13309     122.5616
   13310     118.9036
   13311     121.9247
   13312     120.6220
   13313     121.9704
   13314     126.6799
   13315     123.4829
   13316     122.7430
   13317     119.6764
   13318     119.0146
   13319     115.4763
   13320     113.6803
   13321     114.6404
   13322     118.4657
   13323     121.3212
   13324     120.6746
   13325     122.6739
   13326     120.7553
   13327     123.8718
   13328     122.2705
   13329     120.3343
   13330     120.9113
   13331     118.3640
   13332     119.7417
   13333     121.5237
   13334     116.7055
   13335     118.1660
   13336     118.0076
   13337     122.3623
   13338     122.2670
   13339     124.2317
   13340     123.2868
   13341     124.4902
   13342     125.5462
   13343     120.3862
   13344     119.1012
   13345     116.9544
   13346     119.8455
   13347     118.6153
   13348     124.1675
   13349     124.1998
   13350     119.9643
   13351     119.1585
   13352     119.1942
   13353     116.9296
   13354     123.6013
   13355     125.0522
   13356     123.6770
   13357     123.5286
   13358     118.4636
   13359     123.0199
   13360     119.9177
   13361     117.1406
   13362     121.4455
   13363     119.7932
   13364     118.6081
   13365     120.8927
   13366     123.6548
   13367     118.6281
   13368     120.8026
   13369     125.0080
   13370     118.8126
   13371     117.2064
   13372     120.0036
   13373     117.3436
   13374     125.6255
   13375     124.3232
   13376     118.7580
   13377     118.5687
   13378     120.1673
   13379     118.9476
   13380     122.4521
   13381     122.6973
   13382     125.2914
   13383     128.1510
   13384     125.1714
   13385     127.2887
   13386     125.9742
   13387     127.5417
   13388     129.5226
   13389     125.9411
   13390     124.2643
   13391     119.7386
   13392     123.4467
   13393     124.7913
   13394     127.7373
   13395     132.4257
   13396     125.6709
   13397     121.6450
   13398     125.4806
   13399     120.2843
   13400     120.2241
   13401     120.1180
   13402     121.6841
   13403     118.9879
   13404     121.7881
   13405     125.1961
   13406     126.2888
   13407     124.9576
   13408     129.0360
   13409     127.0831
   13410     127.1351
   13411     126.0745
   13412     122.5079
   13413     123.1958
   13414     123.1915
   13415     120.5624
   13416     118.0906
   13417     116.5769
   13418     116.4541
   13419     116.8610
   13420     118.8560
   13421     122.3568
   13422     123.6038
   13423     125.8103
   13424     123.9350
   13425     126.0082
   13426     122.9645
   13427     122.7475
   13428     121.5821
   13429     121.6798
   13430     123.4418
   13431     122.6280
   13432     126.6550
   13433     128.7077
   13434     122.6732
   13435     124.5434
   13436     125.9242
   13437     121.9694
   13438     127.0192
   13439     130.0809
   13440     128.3065
   13441     128.7184
   13442     122.0872
   13443     125.7025
   13444     127.3278
   13445     127.6515
   13446     129.4800
   13447     127.7479
   13448     123.8337
   13449     126.0479
   13450     130.0740
   13451     126.6969
   13452     130.1585
   13453     129.3275
   13454     133.4008
   13455     127.1035
   13456     129.8962
   13457     122.5331
   13458     127.3933
   13459     124.5226
   13460     123.7157
   13461     127.8290
   13462     130.5488
   13463     127.8507
   13464     130.4343
   13465     126.8465
   13466     126.7926
   13467     117.5303
   13468     120.7673
   13469     116.9164
   13470     118.3371
   13471     119.3998
   13472     121.5497
   13473     119.6041
   13474     121.1242
   13475     122.8211
   13476     124.9026
   13477     126.6981
   13478     126.3456
   13479     125.0819
   13480     123.2025
   13481     122.3140
   13482     119.3727
   13483     122.9501
   13484     121.3259
   13485     118.7879
   13486     116.4012
   13487     121.6969
   13488     118.1991
   13489     117.7941
   13490     119.2695
   13491     114.3532
   13492     120.9289
   13493     117.8132
   13494     119.0625
   13495     121.2484
   13496     121.4168
   13497     120.3186
   13498     121.6439
   13499     116.1861
   13500     120.3149
   13501     117.7820
   13502     116.9148
   13503     113.6409
   13504     113.4293
   13505     119.7769
   13506     113.7221
   13507     113.9540
   13508     114.6568
   13509     116.8723
   13510     118.6152
   13511     120.6903
   13512     119.4892
   13513     120.9665
   13514     123.5304
   13515     123.4991
   13516     120.7889
   13517     120.7722
   13518     123.1394
   13519     125.4142
   13520     122.9492
   13521     122.2470
   13522     122.9433
   13523     122.0698
   13524     117.5709
   13525     114.9813
   13526     108.9114
   13527     115.9081
   13528     115.4901
   13529     117.2302
   13530     112.3800
   13531     118.0292
   13532     117.8669
   13533     121.9729
   13534     115.9635
   13535     115.3400
   13536     115.0947
   13537     116.8135
   13538     116.3319
   13539     119.1982
   13540     117.1415
   13541     119.3073
   13542     121.6894
   13543     123.7368
   13544     121.6563
   13545     118.1168
   13546     118.8129
   13547     120.4394
   13548     115.9976
   13549     123.8558
   13550     122.1229
   13551     125.0256
   13552     118.7001
   13553     118.7195
   13554     116.7748
   13555     116.5744
   13556     113.4620
   13557     115.9667
   13558     120.6612
   13559     114.2944
   13560     119.7530
   13561     116.8551
   13562     117.2457
   13563     116.1876
   13564     121.7019
   13565     126.7329
   13566     122.0044
   13567     120.8989
   13568     117.4645
   13569     118.6268
   13570     117.6575
   13571     117.2219
   13572     118.1371
   13573     121.0467
   13574     121.1760
   13575     121.6940
   13576     124.0820
   13577     127.9032
   13578     122.5344
   13579     118.7111
   13580     117.1596
   13581     117.3528
   13582     121.7650
   13583     118.6977
   13584     121.5893
   13585     121.2257
   13586     118.7000
   13587     117.1992
   13588     119.4439
   13589     122.8852
   13590     122.0671
   13591     123.0562
   13592     125.4013
   13593     126.4019
   13594     126.0826
   13595     125.9443
   13596     126.6013
   13597     130.3557
   13598     126.5690
   13599     124.8934
   13600     127.8926
   13601     121.9267
   13602     124.9848
   13603     122.7606
   13604     122.4887
   13605     126.4956
   13606     128.1559
   13607     124.2190
   13608     125.0446
   13609     118.5495
   13610     123.7391
   13611     128.7918
   13612     126.3310
   13613     127.3464
   13614     126.9902
   13615     121.8131
   13616     123.2427
   13617     124.0268
   13618     129.1501
   13619     124.9073
   13620     124.6210
   13621     125.1944
   13622     126.2113
   13623     121.2480
   13624     121.0285
   13625     123.3162
   13626     121.4431
   13627     120.9510
   13628     114.8432
   13629     120.7697
   13630     126.3578
   13631     123.5612
   13632     123.6409
   13633     122.6254
   13634     124.8313
   13635     124.8394
   13636     123.4432
   13637     121.2614
   13638     120.3520
   13639     122.0484
   13640     122.1553
   13641     123.9685
   13642     124.2406
   13643     119.8627
   13644     120.6398
   13645     126.5536
   13646     120.8494
   13647     114.3694
   13648     121.1371
   13649     123.2785
   13650     120.0790
   13651     121.8655
   13652     120.4520
   13653     118.4847
   13654     120.2753
   13655     118.3482
   13656     117.2212
   13657     120.4253
   13658     120.7318
   13659     116.4490
   13660     118.3222
   13661     112.1392
   13662     114.9220
   13663     118.0077
   13664     121.1131
   13665     122.4074
   13666     120.6045
   13667     122.4269
   13668     121.8903
   13669     122.0588
   13670     124.9865
   13671     122.8991
   13672     123.6787
   13673     123.6814
   13674     125.2793
   13675     120.2246
   13676     120.8010
   13677     122.8765
   13678     124.0327
   13679     118.2235
   13680     124.5646
   13681     121.5116
   13682     119.7087
   13683     117.4668
   13684     119.3797
   13685     113.2530
   13686     116.0214
   13687     118.0939
   13688     111.3964
   13689     112.8938
   13690     116.2782
   13691     116.7497
   13692     109.2367
   13693     110.3983
   13694     112.4032
   13695     118.6255
   13696     118.1036
   13697     121.1951
   13698     117.0055
   13699     119.0659
   13700     119.3620
   13701     112.6301
   13702     115.6058
   13703     119.9696
   13704     113.7724
   13705     114.9017
   13706     110.9300
   13707     118.5126
   13708     117.1064
   13709     120.7415
   13710     122.7246
   13711     116.8870
   13712     112.5650
   13713     115.3378
   13714     116.9959
   13715     122.8588
   13716     117.8281
   13717     120.1456
   13718     125.1931
   13719     120.9960
   13720     120.8414
   13721     117.6951
   13722     125.0262
   13723     123.6927
   13724     121.9531
   13725     121.6457
   13726     119.1741
   13727     117.1058
   13728     111.2729
   13729     107.9474
   13730     112.9253
   13731     117.4165
   13732     120.8384
   13733     124.7621
   13734     121.5939
   13735     120.9056
   13736     119.1170
   13737     117.6316
   13738     113.0545
   13739     114.9185
   13740     114.4000
   13741     117.4880
   13742     118.5659
   13743     118.0643
   13744     116.2953
   13745     111.4194
   13746     120.6182
   13747     112.8719
   13748     110.7503
   13749     115.0567
   13750     115.0855
   13751     116.9767
   13752     113.9318
   13753     118.7732
   13754     116.0437
   13755     112.9255
   13756     118.0488
   13757     120.8811
   13758     118.8009
   13759     117.1437
   13760     117.5595
   13761     119.3501
   13762     120.8227
   13763     121.6651
   13764     119.2519
   13765     118.0346
   13766     121.7705
   13767     122.1071
   13768     116.9225
   13769     111.0646
   13770     116.3672
   13771     118.3501
   13772     117.9941
   13773     118.3162
   13774     117.8376
   13775     118.5511
   13776     119.7616
   13777     120.9371
   13778     119.8002
   13779     117.0615
   13780     111.5135
   13781     109.4013
   13782     104.2347
   13783     112.1287
   13784     109.7356
   13785     115.2278
   13786     119.0981
   13787     115.1015
   13788     112.6295
   13789     116.3908
   13790     114.9396
   13791     115.4227
   13792     117.8576
   13793     115.3000
   13794     117.3967
   13795     117.1032
   13796     115.5742
   13797     116.6425
   13798     119.7943
   13799     115.0444
   13800     115.6580
   13801     116.5066
   13802     116.4594
   13803     117.4951
   13804     120.7921
   13805     115.4954
   13806     113.9113
   13807     118.5887
   13808     120.9947
   13809     118.0816
   13810     121.8721
   13811     123.1284
   13812     123.9300
   13813     116.2310
   13814     120.0573
   13815     120.0160
   13816     113.9487
   13817     115.3637
   13818     120.0238
   13819     119.7854
   13820     115.9534
   13821     120.7536
   13822     117.5710
   13823     117.8666
   13824     116.4529
   13825     120.0146
   13826     112.7161
   13827     113.0315
   13828     114.5153
   13829     111.7706
   13830     115.8865
   13831     112.6573
   13832     117.5262
   13833     116.0252
   13834     120.1240
   13835     117.3224
   13836     114.2128
   13837     116.8227
   13838     114.2123
   13839     107.7687
   13840     107.0071
   13841     108.6762
   13842     114.3310
   13843     106.6106
   13844     110.6885
   13845     106.0976
   13846     102.0540
   13847     106.0072
   13848     108.2946
   13849     112.3177
   13850     118.1965
   13851     122.5583
   13852     119.1502
   13853     121.9521
   13854     118.5350
   13855     117.0704
   13856     114.4321
   13857     117.6653
   13858     113.7071
   13859     115.1798
   13860     121.0012
   13861     119.6080
   13862     116.6492
   13863     119.1309
   13864     119.3180
   13865     121.1438
   13866     117.7772
   13867     117.3182
   13868     120.2766
   13869     121.8357
   13870     121.5468
   13871     123.4122
   13872     124.2822
   13873     121.9220
   13874     119.9679
   13875     120.1702
   13876     121.5885
   13877     117.8799
   13878     115.0073
   13879     109.1064
   13880     111.2999
   13881     112.2703
   13882     109.9858
   13883     104.6982
   13884     106.4335
   13885     108.4041
   13886     108.6796
   13887     110.9924
   13888     107.8812
   13889     110.7648
   13890     113.9066
   13891     112.6524
   13892     115.4587
   13893     116.5213
   13894     116.4967
   13895     116.8904
   13896     118.1329
   13897     117.9376
   13898     112.9923
   13899     115.5237
   13900     119.3366
   13901     115.5512
   13902     119.5166
   13903     123.1443
   13904     124.0080
   13905     119.2079
   13906     116.8701
   13907     118.8684
   13908     119.4644
   13909     116.4031
   13910     121.3892
   13911     122.2654
   13912     125.9348
   13913     127.7711
   13914     127.0025
   13915     125.8795
   13916     124.2666
   13917     121.7275
   13918     123.2320
   13919     127.0798
   13920     124.5812
   13921     127.1426
   13922     132.6912
   13923     126.9296
   13924     126.6360
   13925     129.5816
   13926     124.3964
   13927     123.4457
   13928     123.0877
   13929     121.4539
   13930     126.0923
   13931     121.5095
   13932     116.3645
   13933     115.1793
   13934     117.5189
   13935     113.5572
   13936     119.1335
   13937     119.1790
   13938     118.9347
   13939     115.2407
   13940     115.6373
   13941     117.5786
   13942     113.1666
   13943     113.8758
   13944     118.1903
   13945     110.4343
   13946     112.6078
   13947     117.8164
   13948     125.1692
   13949     125.5619
   13950     121.9939
   13951     116.6708
   13952     117.1675
   13953     116.2245
   13954     119.8382
   13955     118.0383
   13956     121.7606
   13957     116.5858
   13958     117.4440
   13959     122.4873
   13960     119.3811
   13961     124.0042
   13962     122.3389
   13963     119.2960
   13964     114.9059
   13965     116.2539
   13966     115.3935
   13967     118.3844
   13968     114.4261
   13969     119.9203
   13970     117.7305
   13971     115.3640
   13972     116.6439
   13973     113.7160
   13974     110.7692
   13975     115.4580
   13976     114.8304
   13977     121.3323
   13978     119.1042
   13979     116.8905
   13980     120.6998
   13981     122.8573
   13982     115.6820
   13983     115.1242
   13984     112.8173
   13985     116.8647
   13986     115.4934
   13987     120.9979
   13988     126.6070
   13989     123.0790
   13990     119.8615
   13991     118.7191
   13992     127.7070
   13993     121.5167
   13994     121.0381
   13995     126.5231
   13996     128.0512
   13997     119.1761
   13998     120.9779
   13999     124.2965
   14000     119.3545
   14001     119.7786
   14002     118.6179
   14003     120.2654
   14004     116.7462
   14005     119.2557
   14006     125.2887
   14007     121.3029
   14008     122.9803
   14009     119.4723
   14010     121.8767
   14011     121.7146
   14012     120.0273
   14013     122.8484
   14014     127.6735
   14015     118.1446
   14016     117.9122
   14017     119.2757
   14018     116.5752
   14019     112.3220
   14020     117.2380
   14021     117.3545
   14022     114.4231
   14023     117.7957
   14024     120.8980
   14025     116.5068
   14026     120.0169
   14027     116.5986
   14028     118.6075
   14029     118.7521
   14030     120.3470
   14031     122.5850
   14032     121.6599
   14033     118.1845
   14034     117.5687
   14035     114.1780
   14036     115.5134
   14037     118.1572
   14038     118.5955
   14039     119.2350
   14040     116.8127
   14041     107.3302
   14042     109.0322
   14043     113.9387
   14044     115.6531
   14045     114.1866
   14046     114.8984
   14047     116.6190
   14048     123.4800
   14049     119.5566
   14050     113.3840
   14051     113.9782
   14052     112.8530
   14053     110.0788
   14054     114.3343
   14055     105.5030
   14056     109.7612
   14057     112.0809
   14058     113.5442
   14059     112.9480
   14060     114.6655
   14061     113.1768
   14062     113.9168
   14063     118.3502
   14064     121.8708
   14065     116.4576
   14066     120.8940
   14067     115.2327
   14068     118.8172
   14069     112.7675
   14070     117.5309
   14071     122.8141
   14072     122.0694
   14073     115.6437
   14074     115.6701
   14075     118.6947
   14076     116.7728
   14077     118.4171
   14078     118.1993
   14079     118.5790
   14080     117.9189
   14081     117.7131
   14082     115.0230
   14083     118.6833
   14084     119.2207
   14085     121.2030
   14086     116.6112
   14087     119.2766
   14088     127.2342
   14089     121.1618
   14090     120.3852
   14091     116.5981
   14092     114.2558
   14093     113.8803
   14094     116.3395
   14095     116.1866
   14096     109.2946
   14097     111.4375
   14098     105.1501
   14099     112.4351
   14100     113.3289
   14101     116.9518
   14102     117.6262
   14103     122.1955
   14104     117.2120
   14105     115.5223
   14106     118.3566
   14107     121.6036
   14108     119.5096
   14109     120.4128
   14110     122.8374
   14111     121.2595
   14112     117.4433
   14113     119.9641
   14114     123.0259
   14115     121.4034
   14116     127.6945
   14117     121.0284
   14118     124.9064
   14119     128.0425
   14120     125.1562
   14121     123.1898
   14122     126.6255
   14123     123.6267
   14124     122.8196
   14125     121.4936
   14126     125.6181
   14127     123.3068
   14128     122.7274
   14129     124.8601
   14130     124.3423
   14131     127.9538
   14132     130.1484
   14133     123.6898
   14134     123.1817
   14135     120.6186
   14136     117.3886
   14137     121.0324
   14138     117.7187
   14139     116.9876
   14140     120.3360
   14141     118.7095
   14142     117.5263
   14143     118.0154
   14144     122.9819
   14145     122.0558
   14146     119.2155
   14147     114.4084
   14148     113.6134
   14149     118.5162
   14150     123.2175
   14151     128.5022
   14152     126.6313
   14153     122.6066
   14154     122.1997
   14155     122.2570
   14156     129.1427
   14157     120.5064
   14158     127.3850
   14159     125.1539
   14160     124.8291
   14161     125.4429
   14162     127.3211
   14163     128.4375
   14164     128.3480
   14165     122.6130
   14166     120.8337
   14167     121.2222
   14168     121.1032
   14169     121.5858
   14170     127.7537
   14171     124.8895
   14172     123.2079
   14173     120.0977
   14174     118.6539
   14175     119.6289
   14176     119.2447
   14177     118.3000
   14178     116.3970
   14179     127.5497
   14180     127.7208
   14181     127.6097
   14182     121.3491
   14183     120.7034
   14184     121.6252
   14185     118.5161
   14186     120.5660
   14187     120.1267
   14188     124.3022
   14189     123.4221
   14190     121.6921
   14191     124.5512
   14192     118.4461
   14193     124.9677
   14194     126.5745
   14195     119.5024
   14196     125.2362
   14197     123.1515
   14198     123.4705
   14199     120.2831
   14200     123.6089
   14201     124.4488
   14202     121.1063
   14203     115.5111
   14204     116.3412
   14205     116.6913
   14206     110.2917
   14207     109.6111
   14208     111.6181
   14209     114.1276
   14210     111.4390
   14211     109.6261
   14212     109.0104
   14213     108.5831
   14214     112.5175
   14215     109.4430
   14216     112.0771
   14217     114.8366
   14218     116.2941
   14219     114.1266
   14220     112.5352
   14221     112.1721
   14222     115.7713
   14223     114.7915
   14224     118.4198
   14225     115.9134
   14226     116.5025
   14227     120.1175
   14228     117.5736
   14229     117.7933
   14230     117.9683
   14231     123.9997
   14232     125.3154
   14233     120.9915
   14234     118.0244
   14235     119.0029
   14236     123.5537
   14237     123.5622
   14238     124.3193
   14239     122.0639
   14240     121.2711
   14241     123.3294
   14242     120.3490
   14243     120.1114
   14244     114.1608
   14245     119.1694
   14246     116.1327
   14247     118.2686
   14248     120.8943
   14249     124.3007
   14250     125.8857
   14251     121.1108
   14252     121.6595
   14253     114.0629
   14254     122.6464
   14255     123.4754
   14256     120.4979
   14257     111.9808
   14258     114.7941
   14259     123.7743
   14260     122.7188
   14261     118.8438
   14262     120.6989
   14263     121.1403
   14264     128.7244
   14265     122.8538
   14266     113.0531
   14267     110.9350
   14268     113.0937
   14269     121.2071
   14270     123.9609
   14271     127.2228
   14272     123.7948
   14273     125.0974
   14274     120.4554
   14275     119.6175
   14276     123.0142
   14277     121.7513
   14278     124.8864
   14279     121.3692
   14280     122.4436
   14281     120.4145
   14282     123.3298
   14283     120.4772
   14284     124.0711
   14285     125.4137
   14286     122.9226
   14287     124.8353
   14288     126.5008
   14289     121.2978
   14290     126.2597
   14291     122.7147
   14292     116.2246
   14293     122.6246
   14294     121.5469
   14295     125.9389
   14296     124.8264
   14297     119.0369
   14298     117.6934
   14299     118.0201
   14300     120.0546
   14301     121.0993
   14302     120.8725
   14303     126.1376
   14304     118.5364
   14305     125.1385
   14306     123.6370
   14307     118.7857
   14308     120.5798
   14309     122.4104
   14310     122.9317
   14311     122.2268
   14312     118.2983
   14313     119.9458
   14314     125.0001
   14315     119.1229
   14316     120.1887
   14317     117.1893
   14318     117.9769
   14319     117.5094
   14320     116.0463
   14321     112.2161
   14322     118.3926
   14323     119.2585
   14324     115.2309
   14325     117.5846
   14326     123.5897
   14327     124.0837
   14328     122.9176
   14329     126.2182
   14330     127.1166
   14331     123.4946
   14332     123.9584
   14333     123.9881
   14334     121.9224
   14335     117.9562
   14336     121.4889
   14337     123.2578
   14338     121.3419
   14339     119.2179
   14340     118.3533
   14341     124.4176
   14342     129.4338
   14343     124.4493
   14344     124.0652
   14345     122.8593
   14346     123.2058
   14347     120.2429
   14348     121.7912
   14349     116.9316
   14350     119.4945
   14351     119.8715
   14352     115.0665
   14353     118.3082
   14354     121.4795
   14355     121.4636
   14356     123.5374
   14357     123.8676
   14358     130.6728
   14359     130.4217
   14360     123.2460
   14361     120.0119
   14362     121.5150
   14363     125.3994
   14364     128.8403
   14365     124.2088
   14366     123.7100
   14367     126.3522
   14368     122.6606
   14369     121.4432
   14370     120.8946
   14371     115.6702
   14372     119.1601
   14373     111.8842
   14374     117.4994
   14375     115.4408
   14376     109.6172
   14377     113.9078
   14378     121.3431
   14379     120.5107
   14380     114.2911
   14381     122.2570
   14382     121.1761
   14383     120.9930
   14384     121.3705
   14385     116.3130
   14386     119.0678
   14387     116.5415
   14388     117.1130
   14389     115.6736
   14390     112.7603
   14391     121.1112
   14392     118.8003
   14393     119.2194
   14394     119.2368
   14395     116.8413
   14396     116.7360
   14397     119.0818
   14398     119.7148
   14399     122.9870
   14400     120.0201
   14401     119.6813
   14402     120.0354
   14403     115.2536
   14404     120.1132
   14405     116.5117
   14406     116.2485
   14407     125.1129
   14408     124.3665
   14409     123.1654
   14410     118.6479
   14411     118.2148
   14412     120.3830
   14413     119.7053
   14414     122.1901
   14415     119.1030
   14416     120.6151
   14417     122.4747
   14418     120.6218
   14419     117.7926
   14420     122.0505
   14421     121.2246
   14422     121.7919
   14423     117.3084
   14424     119.0797
   14425     118.9978
   14426     119.5789
   14427     117.2086
   14428     121.6650
   14429     116.9291
   14430     121.5554
   14431     119.9577
   14432     117.0747
   14433     117.6870
   14434     113.3063
   14435     119.3456
   14436     113.1644
   14437     112.6729
   14438     113.3998
   14439     112.7763
   14440     117.4003
   14441     115.2002
   14442     114.4709
   14443     115.4676
   14444     111.1234
   14445     110.4985
   14446     111.3549
   14447     115.9101
   14448     119.0098
   14449     115.2518
   14450     113.4534
   14451     119.1020
   14452     119.2478
   14453     115.3310
   14454     113.1000
   14455     113.2755
   14456     114.0234
   14457     109.2212
   14458     117.4321
   14459     114.9044
   14460     114.0302
   14461     112.4538
   14462     111.3625
   14463     116.5216
   14464     113.3368
   14465     113.2659
   14466     116.8475
   14467     116.9616
   14468     113.7456
   14469     115.4156
   14470     120.5835
   14471     113.9659
   14472     112.0584
   14473     110.1736
   14474     112.2389
   14475     111.7872
   14476     108.5794
   14477     115.9244
   14478     115.0517
   14479     113.1391
   14480     115.3298
   14481     115.8332
   14482     115.5969
   14483     114.7839
   14484     112.4875
   14485     116.3231
   14486     116.8441
   14487     118.3024
   14488     116.9896
   14489     120.1779
   14490     117.1985
   14491     120.2496
   14492     118.7569
   14493     117.8883
   14494     120.8195
   14495     121.8503
   14496     123.4649
   14497     114.2481
   14498     120.9025
   14499     121.5245
   14500     121.2935
   14501     121.1563
   14502     126.5842
   14503     129.9197
   14504     122.6738
   14505     117.8007
   14506     120.3345
   14507     118.3458
   14508     122.4241
   14509     123.1286
   14510     126.3822
   14511     121.7934
   14512     116.9373
   14513     118.3322
   14514     123.1043
   14515     121.1225
   14516     123.7739
   14517     118.2180
   14518     123.3028
   14519     121.6431
   14520     122.4802
   14521     119.7899
   14522     120.7592
   14523     119.1101
   14524     123.6672
   14525     123.1324
   14526     123.4928
   14527     124.5681
   14528     126.0836
   14529     123.2151
   14530     122.1234
   14531     125.2415
   14532     126.6861
   14533     129.0368
   14534     117.4020
   14535     115.7198
   14536     114.9880
   14537     110.9798
   14538     113.1852
   14539     112.5590
   14540     112.3577
   14541     107.1608
   14542     108.2223
   14543     116.2633
   14544     112.4524
   14545     115.5455
   14546     117.7439
   14547     113.5807
   14548     116.0708
   14549     117.7281
   14550     121.5846
   14551     117.1290
   14552     116.6127
   14553     119.5010
   14554     120.6756
   14555     118.3450
   14556     118.1458
   14557     123.6250
   14558     115.6134
   14559     116.0461
   14560     117.8039
   14561     115.0363
   14562     113.2218
   14563     112.9406
   14564     119.9127
   14565     119.1006
   14566     117.4088
   14567     117.2088
   14568     109.1910
   14569     110.7979
   14570     113.0069
   14571     114.0258
   14572     119.1007
   14573     114.7541
   14574     122.2864
   14575     121.6103
   14576     121.0345
   14577     122.3762
   14578     120.1161
   14579     118.6066
   14580     116.9713
   14581     120.1357
   14582     124.1068
   14583     120.5653
   14584     124.0515
   14585     120.6996
   14586     126.4275
   14587     127.2960
   14588     126.4629
   14589     119.4714
   14590     116.9094
   14591     113.8972
   14592     115.0991
   14593     121.7283
   14594     122.0195
   14595     121.8942
   14596     125.9813
   14597     121.4944
   14598     121.9047
   14599     124.6123
   14600     120.9084
   14601     124.0605
   14602     125.6968
   14603     120.8986
   14604     126.0179
   14605     129.2294
   14606     124.2392
   14607     127.0443
   14608     124.0948
   14609     125.1551
   14610     123.8884
   14611     122.5963
   14612     125.4762
   14613     125.4289
   14614     124.8529
   14615     127.3626
   14616     126.3110
   14617     121.6900
   14618     126.0347
   14619     129.7588
   14620     126.1555
   14621     124.1273
   14622     123.5462
   14623     126.5172
   14624     123.8849
   14625     126.4242
   14626     125.9835
   14627     123.9421
   14628     127.3226
   14629     122.5167
   14630     117.7481
   14631     117.0286
   14632     118.3875
   14633     123.0759
   14634     123.0616
   14635     122.8060
   14636     123.6268
   14637     123.1351
   14638     118.9545
   14639     125.0713
   14640     123.2857
   14641     122.9512
   14642     119.6377
   14643     120.2201
   14644     119.0999
   14645     120.0767
   14646     117.5347
   14647     120.5244
   14648     126.0315
   14649     118.7267
   14650     118.4002
   14651     119.2635
   14652     121.5252
   14653     123.7156
   14654     130.5139
   14655     124.4431
   14656     129.1251
   14657     127.9768
   14658     124.0531
   14659     115.0597
   14660     118.4133
   14661     129.3653
   14662     124.9190
   14663     122.4894
   14664     122.7373
   14665     116.9048
   14666     113.9107
   14667     120.4275
   14668     119.0876
   14669     118.3096
   14670     124.9725
   14671     128.4975
   14672     123.4048
   14673     114.9262
   14674     117.0793
   14675     117.7138
   14676     119.6012
   14677     127.3390
   14678     123.2378
   14679     121.9490
   14680     119.4376
   14681     122.3475
   14682     122.2399
   14683     117.3140
   14684     122.4695
   14685     124.5521
   14686     122.6055
   14687     124.8180
   14688     126.1547
   14689     125.2011
   14690     126.1222
   14691     124.4848
   14692     123.8013
   14693     125.6571
   14694     124.8792
   14695     120.8367
   14696     119.0453
   14697     121.9798
   14698     131.3089
   14699     129.1695
   14700     128.5829
   14701     127.4943
   14702     122.0821
   14703     127.5795
   14704     127.6365
   14705     120.2007
   14706     121.0402
   14707     128.8096
   14708     129.1483
   14709     127.6028
   14710     128.0093
   14711     133.5897
   14712     121.8051
   14713     124.7243
   14714     124.3081
   14715     122.7636
   14716     129.8042
   14717     128.2808
   14718     127.0231
   14719     124.9444
   14720     130.3912
   14721     128.8979
   14722     126.2624
   14723     130.2321
   14724     133.7837
   14725     126.9075
   14726     130.8726
   14727     133.6812
   14728     128.3118
   14729     127.1435
   14730     124.6193
   14731     123.6578
   14732     123.6061
   14733     121.8452
   14734     122.1369
   14735     120.4692
   14736     131.6496
   14737     127.3834
   14738     128.8747
   14739     128.2238
   14740     124.8815
   14741     125.3091
   14742     123.7101
   14743     129.3659
   14744     131.7819
   14745     126.1987
   14746     124.5811
   14747     127.6537
   14748     125.6551
   14749     120.2781
   14750     117.5600
   14751     122.2751
   14752     119.2440
   14753     125.0266
   14754     119.3206
   14755     117.2391
   14756     120.1212
   14757     118.8540
   14758     119.5722
   14759     122.0832
   14760     118.4935
   14761     121.8682
   14762     125.2039
   14763     121.5363
   14764     123.9733
   14765     123.4141
   14766     123.2130
   14767     122.4930
   14768     123.9096
   14769     125.9601
   14770     122.0559
   14771     122.3493
   14772     125.3905
   14773     124.0183
   14774     128.0557
   14775     123.4910
   14776     128.2769
   14777     128.7434
   14778     129.4061
   14779     128.5677
   14780     127.7845
   14781     129.4518
   14782     135.2941
   14783     133.9192
   14784     129.5951
   14785     125.4089
   14786     126.5483
   14787     128.0321
   14788     124.0192
   14789     124.0325
   14790     121.9228
   14791     126.3802
   14792     121.0314
   14793     121.0997
   14794     120.0019
   14795     128.0064
   14796     126.2739
   14797     118.9219
   14798     119.5449
   14799     119.8639
   14800     124.1073
   14801     125.8008
   14802     125.8568
   14803     127.2285
   14804     121.5654
   14805     117.2190
   14806     121.6689
   14807     116.8800
   14808     117.9123
   14809     113.7622
   14810     114.4917
   14811     117.6058
   14812     119.3848
   14813     119.1360
   14814     120.1814
   14815     114.7042
   14816     118.5027
   14817     119.9189
   14818     118.5463
   14819     117.7758
   14820     120.9343
   14821     123.0592
   14822     123.4494
   14823     122.7426
   14824     121.0760
   14825     123.4574
   14826     123.3824
   14827     121.9554
   14828     120.7208
   14829     120.9444
   14830     120.6672
   14831     120.6101
   14832     125.1287
   14833     119.2995
   14834     122.8206
   14835     125.3416
   14836     123.5459
   14837     126.7293
   14838     126.4448
   14839     124.4103
   14840     126.8561
   14841     122.2138
   14842     121.6294
   14843     126.7808
   14844     124.8754
   14845     125.1951
   14846     126.5336
   14847     119.6786
   14848     126.7812
   14849     127.3621
   14850     127.4856
   14851     124.9213
   14852     124.9283
   14853     126.3736
   14854     126.8643
   14855     129.9345
   14856     127.3589
   14857     123.6535
   14858     121.6610
   14859     125.0711
   14860     130.2709
   14861     123.0892
   14862     125.5728
   14863     127.1720
   14864     129.6606
   14865     127.2132
   14866     127.7758
   14867     127.5593
   14868     123.9387
   14869     130.7437
   14870     130.5898
   14871     128.3958
   14872     130.8070
   14873     127.8091
   14874     132.0731
   14875     128.8662
   14876     129.4250
   14877     123.9491
   14878     126.2676
   14879     124.7823
   14880     130.1104
   14881     126.0122
   14882     125.4792
   14883     125.5900
   14884     128.8607
   14885     128.6842
   14886     130.5003
   14887     130.5671
   14888     132.6768
   14889     132.4279
   14890     128.3926
   14891     130.0275
   14892     128.2288
   14893     126.0624
   14894     130.0258
   14895     124.6658
   14896     123.7623
   14897     120.9735
   14898     121.3907
   14899     122.8738
   14900     124.0110
   14901     127.5024
   14902     125.8800
   14903     124.7920
   14904     125.2612
   14905     122.1295
   14906     124.1580
   14907     125.2549
   14908     127.2309
   14909     121.9346
   14910     124.3625
   14911     126.2846
   14912     128.0614
   14913     127.1267
   14914     125.5830
   14915     125.2117
   14916     123.8900
   14917     121.7678
   14918     123.5075
   14919     123.4070
   14920     126.8411
   14921     125.8789
   14922     125.6194
   14923     123.2302
   14924     126.2295
   14925     125.6406
   14926     124.6095
   14927     122.2023
   14928     123.4270
   14929     126.6739
   14930     124.7203
   14931     125.0246
   14932     122.2982
   14933     124.4863
   14934     119.1706
   14935     122.8867
   14936     123.3192
   14937     126.4097
   14938     126.0652
   14939     127.1640
   14940     128.4362
   14941     127.4044
   14942     129.4237
   14943     127.1205
   14944     127.7167
   14945     128.5352
   14946     127.9192
   14947     125.7629
   14948     127.0943
   14949     125.2970
   14950     126.5145
   14951     126.1915
   14952     128.1342
   14953     129.0713
   14954     127.5095
   14955     123.8322
   14956     123.8100
   14957     125.3762
   14958     125.6020
   14959     127.3531
   14960     121.2635
   14961     122.8754
   14962     126.3716
   14963     126.7588
   14964     125.6046
   14965     126.8517
   14966     127.5003
   14967     123.8444
   14968     125.9481
   14969     125.6967
   14970     128.3213
   14971     127.3794
   14972     128.1660
   14973     131.1511
   14974     126.7382
   14975     128.4289
   14976     126.2308
   14977     131.0493
   14978     127.3384
   14979     128.9932
   14980     124.3248
   14981     129.6059
   14982     128.3963
   14983     127.7194
   14984     129.0709
   14985     130.0836
   14986     128.6229
   14987     131.8104
   14988     129.5098
   14989     130.5570
   14990     131.7238
   14991     134.7675
   14992     130.7652
   14993     132.4186
   14994     127.1594
   14995     124.3266
   14996     126.7287
   14997     130.5125
   14998     128.7901
   14999     131.4692
   15000     131.2524
   15001     132.3999
   15002     132.2238
   15003     133.3392
   15004     134.5946
   15005     134.7011
   15006     134.2420
   15007     139.3309
   15008     133.4474
   15009     131.8960
   15010     128.2099
   15011     130.9352
   15012     127.9861
   15013     126.9945
   15014     132.1209
   15015     133.6007
   15016     130.1847
   15017     126.0292
   15018     120.0953
   15019     119.0723
   15020     122.9546
   15021     129.4509
   15022     131.0386
   15023     128.2614
   15024     127.6784
   15025     130.2576
   15026     127.2621
   15027     133.4700
   15028     136.6730
   15029     134.5420
   15030     131.2143
   15031     130.6907
   15032     134.9842
   15033     134.0270
   15034     129.0460
   15035     126.4210
   15036     125.8269
   15037     122.7307
   15038     119.7540
   15039     119.6638
   15040     122.9949
   15041     124.9400
   15042     122.3648
   15043     128.3045
   15044     126.2615
   15045     126.1344
   15046     127.2706
   15047     122.4847
   15048     125.3484
   15049     125.0661
   15050     125.6183
   15051     126.3473
   15052     121.5126
   15053     123.8583
   15054     128.0300
   15055     124.6483
   15056     132.6677
   15057     127.3883
   15058     127.1858
   15059     124.3814
   15060     126.3056
   15061     128.3418
   15062     131.6682
   15063     130.3898
   15064     127.7740
   15065     129.7137
   15066     128.7416
   15067     122.7767
   15068     130.3098
   15069     131.4917
   15070     123.0011
   15071     124.2022
   15072     130.2850
   15073     129.2279
   15074     128.4846
   15075     128.1876
   15076     131.2510
   15077     128.1478
   15078     132.3478
   15079     131.8172
   15080     128.0390
   15081     128.4613
   15082     126.2928
   15083     124.7180
   15084     124.4394
   15085     127.7941
   15086     123.3523
   15087     116.7067
   15088     122.9826
   15089     122.9433
   15090     125.4952
   15091     128.9042
   15092     129.2540
   15093     128.7143
   15094     128.4663
   15095     128.8791
   15096     124.7003
   15097     129.3320
   15098     126.7383
   15099     126.0976
   15100     121.5920
   15101     124.2302
   15102     123.9099
   15103     127.3124
   15104     123.1409
   15105     124.5076
   15106     121.9092
   15107     124.9759
   15108     124.8287
   15109     124.5785
   15110     126.8080
   15111     122.8813
   15112     126.3488
   15113     130.2475
   15114     126.0526
   15115     121.7583
   15116     118.7721
   15117     122.0400
   15118     126.6165
   15119     127.0409
   15120     126.5067
   15121     127.3972
   15122     128.4428
   15123     127.5184
   15124     126.5342
   15125     131.8031
   15126     130.9177
   15127     127.7774
   15128     126.3046
   15129     125.6233
   15130     128.7534
   15131     132.2838
   15132     134.6138
   15133     130.5315
   15134     129.7755
   15135     132.5509
   15136     127.9121
   15137     134.3040
   15138     129.5973
   15139     128.2018
   15140     129.6746
   15141     125.1176
   15142     124.8284
   15143     124.5856
   15144     119.2187
   15145     121.1431
   15146     123.9306
   15147     122.2984
   15148     118.9717
   15149     121.3869
   15150     122.5845
   15151     118.6211
   15152     119.6950
   15153     117.2797
   15154     126.2048
   15155     121.1039
   15156     121.8967
   15157     121.0285
   15158     121.7708
   15159     120.3530
   15160     124.6084
   15161     123.7874
   15162     127.0564
   15163     122.3548
   15164     121.9456
   15165     120.8929
   15166     119.1625
   15167     119.5280
   15168     114.5926
   15169     111.6959
   15170     121.9372
   15171     119.9275
   15172     117.1140
   15173     118.4545
   15174     120.1244
   15175     116.4071
   15176     116.4279
   15177     112.8568
   15178     107.5913
   15179     112.5869
   15180     111.0350
   15181     112.1361
   15182     111.4202
   15183     111.6411
   15184     113.0985
   15185     114.3827
   15186     113.5149
   15187     116.1789
   15188     115.5260
   15189     113.5574
   15190     117.4599
   15191     119.4012
   15192     121.4757
   15193     117.6228
   15194     117.8314
   15195     116.6228
   15196     119.4450
   15197     121.3282
   15198     120.9491
   15199     124.1058
   15200     119.8770
   15201     118.0442
   15202     120.4655
   15203     119.3473
   15204     118.5326
   15205     122.3798
   15206     121.8485
   15207     127.2472
   15208     122.6560
   15209     122.0790
   15210     119.1554
   15211     127.1590
   15212     124.9445
   15213     123.1270
   15214     121.7914
   15215     124.1189
   15216     120.8659
   15217     124.4337
   15218     122.0071
   15219     126.6493
   15220     127.9898
   15221     126.8813
   15222     128.1614
   15223     130.5489
   15224     131.7440
   15225     130.4725
   15226     127.0301
   15227     129.0105
   15228     128.6958
   15229     131.2286
   15230     129.1862
   15231     126.4057
   15232     128.7201
   15233     124.2113
   15234     125.9971
   15235     125.6845
   15236     128.7122
   15237     126.9968
   15238     128.0014
   15239     127.3411
   15240     127.4682
   15241     129.7376
   15242     127.5235
   15243     125.4836
   15244     127.3154
   15245     131.4153
   15246     130.1679
   15247     129.3451
   15248     126.6584
   15249     121.4290
   15250     122.2390
   15251     126.7728
   15252     126.0817
   15253     124.3306
   15254     124.1775
   15255     126.0880
   15256     123.7645
   15257     129.0778
   15258     122.0877
   15259     130.5889
   15260     124.3827
   15261     121.3131
   15262     126.7174
   15263     125.9836
   15264     128.0937
   15265     128.8639
   15266     126.8998
   15267     128.7270
   15268     128.4356
   15269     129.5223
   15270     128.7898
   15271     128.5241
   15272     130.1736
   15273     128.8140
   15274     124.2986
   15275     127.4244
   15276     128.2935
   15277     126.4614
   15278     125.3545
   15279     126.7773
   15280     130.3113
   15281     127.3038
   15282     126.9995
   15283     128.6816
   15284     127.2934
   15285     129.0650
   15286     128.1476
   15287     129.3027
   15288     129.1201
   15289     129.6345
   15290     130.2710
   15291     127.1437
   15292     128.4259
   15293     124.3262
   15294     123.4912
   15295     124.0558
   15296     125.3908
   15297     125.2376
   15298     126.8105
   15299     129.5203
   15300     125.9042
   15301     126.6561
   15302     124.7108
   15303     127.8613
   15304     123.2001
   15305     127.0233
   15306     125.1782
   15307     127.6001
   15308     126.5743
   15309     119.3365
   15310     125.8597
   15311     127.2104
   15312     128.6546
   15313     127.5209
   15314     124.2647
   15315     129.3008
   15316     128.6813
   15317     126.3028
   15318     128.7211
   15319     127.4846
   15320     130.2001
   15321     125.9860
   15322     121.0161
   15323     122.9337
   15324     123.6881
   15325     123.2570
   15326     123.8601
   15327     127.7707
   15328     130.5464
   15329     128.9184
   15330     129.1821
   15331     128.8333
   15332     128.7851
   15333     128.5193
   15334     127.5993
   15335     122.9860
   15336     123.8250
   15337     127.7398
   15338     126.5900
   15339     126.1279
   15340     123.8685
   15341     122.7991
   15342     121.5936
   15343     123.7575
   15344     125.5542
   15345     122.0940
   15346     123.4485
   15347     123.9181
   15348     122.4069
   15349     126.3793
   15350     123.2861
   15351     120.2939
   15352     121.2974
   15353     118.4178
   15354     119.6350
   15355     126.2801
   15356     122.6135
   15357     124.2335
   15358     120.3380
   15359     127.1948
   15360     126.0149
   15361     124.2014
   15362     122.1450
   15363     125.3685
   15364     125.7844
   15365     118.3170
   15366     125.6005
   15367     122.7821
   15368     126.6329
   15369     122.6909
   15370     120.4961
   15371     122.8401
   15372     116.6295
   15373     114.8130
   15374     125.5255
   15375     125.0332
   15376     126.4618
   15377     131.0100
   15378     131.2136
   15379     128.6817
   15380     129.0398
   15381     126.5731
   15382     127.0133
   15383     126.2077
   15384     122.9318
   15385     120.3682
   15386     125.5586
   15387     116.0972
   15388     116.0483
   15389     120.0427
   15390     117.5699
   15391     120.3900
   15392     120.1330
   15393     126.6366
   15394     122.0478
   15395     123.1733
   15396     122.9044
   15397     127.3957
   15398     124.4551
   15399     124.7657
   15400     122.5183
   15401     122.6973
   15402     130.7620
   15403     123.7936
   15404     122.4465
   15405     125.3408
   15406     122.7307
   15407     123.4699
   15408     124.9764
   15409     124.3524
   15410     119.1330
   15411     121.2040
   15412     125.1025
   15413     124.3686
   15414     123.0194
   15415     123.5999
   15416     119.9413
   15417     119.0012
   15418     122.1483
   15419     122.5411
   15420     120.2582
   15421     118.8959
   15422     122.6830
   15423     116.8675
   15424     122.4663
   15425     123.3168
   15426     118.3518
   15427     121.2265
   15428     117.3443
   15429     121.5242
   15430     127.1043
   15431     122.0749
   15432     126.1037
   15433     124.4807
   15434     126.6726
   15435     127.6543
   15436     129.9808
   15437     129.7148
   15438     124.7052
   15439     124.1891
   15440     127.5643
   15441     123.2951
   15442     124.8669
   15443     121.7133
   15444     126.2995
   15445     126.3513
   15446     125.2443
   15447     132.2181
   15448     126.6779
   15449     129.5237
   15450     130.9748
   15451     128.5153
   15452     127.2439
   15453     123.6498
   15454     125.0917
   15455     131.3969
   15456     126.4018
   15457     122.7306
   15458     130.9752
   15459     128.4186
   15460     126.8027
   15461     129.4036
   15462     133.1394
   15463     129.5313
   15464     130.9379
   15465     130.1780
   15466     131.0788
   15467     131.3519
   15468     127.7002
   15469     131.0843
   15470     130.6177
   15471     129.5605
   15472     127.7295
   15473     127.5530
   15474     131.3474
   15475     129.6972
   15476     133.3074
   15477     129.1478
   15478     131.2660
   15479     131.4997
   15480     131.9176
   15481     133.9650
   15482     131.3640
   15483     129.9324
   15484     131.1790
   15485     131.2054
   15486     124.8499
   15487     135.3412
   15488     134.0002
   15489     130.0760
   15490     131.4227
   15491     128.5661
   15492     125.9453
   15493     132.6077
   15494     128.9063
   15495     131.4043
   15496     131.8485
   15497     136.0864
   15498     131.3654
   15499     128.6099
   15500     128.1859
   15501     130.1464
   15502     133.8401
   15503     137.0701
   15504     137.5229
   15505     139.4754
   15506     133.7029
   15507     138.1157
   15508     135.9780
   15509     136.2203
   15510     139.8230
   15511     137.6416
   15512     135.1985
   15513     130.1886
   15514     131.9643
   15515     129.6338
   15516     129.7830
   15517     130.8651
   15518     129.5306
   15519     130.0478
   15520     134.3631
   15521     136.5749
   15522     135.1286
   15523     136.8671
   15524     134.0742
   15525     137.5331
   15526     133.7520
   15527     130.8660
   15528     129.3726
   15529     136.7246
   15530     136.6456
   15531     141.9725
   15532     140.5616
   15533     137.3242
   15534     138.7035
   15535     142.4874
   15536     143.3400
   15537     141.0306
   15538     139.8844
   15539     139.8701
   15540     132.8016
   15541     134.2624
   15542     132.9085
   15543     133.4262
   15544     129.1675
   15545     130.1040
   15546     127.0621
   15547     125.4598
   15548     132.4641
   15549     135.4521
   15550     137.2379
   15551     134.6142
   15552     141.4050
   15553     136.8628
   15554     137.9512
   15555     135.5166
   15556     123.8727
   15557     127.3087
   15558     129.3741
   15559     130.9376
   15560     126.3217
   15561     129.9124
   15562     134.0230
   15563     131.8694
   15564     133.4381
   15565     136.9595
   15566     131.2300
   15567     133.5715
   15568     127.5286
   15569     132.5690
   15570     134.2155
   15571     133.9547
   15572     137.1078
   15573     141.3870
   15574     140.8763
   15575     143.4876
   15576     141.0829
   15577     138.3857
   15578     133.0518
   15579     136.1739
   15580     133.8004
   15581     133.3331
   15582     135.0026
   15583     133.1929
   15584     137.1835
   15585     134.9061
   15586     134.7723
   15587     133.3870
   15588     125.2708
   15589     126.3378
   15590     125.7196
   15591     129.0861
   15592     131.5800
   15593     131.9014
   15594     132.1714
   15595     128.0313
   15596     127.2840
   15597     131.2797
   15598     130.1735
   15599     129.1168
   15600     131.3521
   15601     126.8584
   15602     123.8848
   15603     124.7519
   15604     120.1180
   15605     122.8778
   15606     126.8734
   15607     130.7069
   15608     133.4247
   15609     138.9957
   15610     133.3198
   15611     131.0360
   15612     130.2011
   15613     128.8482
   15614     130.8512
   15615     133.9695
   15616     132.7066
   15617     131.9461
   15618     138.2900
   15619     136.1142
   15620     135.0961
   15621     135.9256
   15622     128.1491
   15623     138.5542
   15624     138.4907
   15625     140.2364
   15626     134.8075
   15627     135.6202
   15628     139.4919
   15629     137.3074
   15630     139.1689
   15631     140.9492
   15632     137.3882
   15633     135.9219
   15634     137.5774
   15635     135.8737
   15636     133.2784
   15637     140.3250
   15638     138.1180
   15639     136.3554
   15640     133.9051
   15641     136.7135
   15642     131.4896
   15643     136.5985
   15644     133.9533
   15645     130.9375
   15646     127.3441
   15647     129.0899
   15648     131.4480
   15649     132.3694
   15650     133.2133
   15651     134.1397
   15652     133.6323
   15653     129.7885
   15654     135.2493
   15655     134.1631
   15656     135.4196
   15657     135.9989
   15658     135.8685
   15659     138.9370
   15660     132.7856
   15661     132.4036
   15662     135.9835
   15663     131.1698
   15664     133.0996
   15665     131.9348
   15666     127.3201
   15667     133.2628
   15668     134.3990
   15669     130.7785
   15670     134.1183
   15671     135.3153
   15672     135.4911
   15673     138.5783
   15674     136.4598
   15675     132.2584
   15676     134.0847
   15677     131.1133
   15678     130.1764
   15679     124.3507
   15680     128.6826
   15681     119.7735
   15682     123.2614
   15683     127.5655
   15684     130.4368
   15685     130.4495
   15686     130.3369
   15687     134.9493
   15688     135.2524
   15689     130.8202
   15690     130.1965
   15691     134.1111
   15692     137.9513
   15693     140.0265
   15694     135.4515
   15695     131.9340
   15696     125.9984
   15697     128.8065
   15698     128.1437
   15699     133.0357
   15700     129.4286
   15701     125.6162
   15702     126.3211
   15703     121.5467
   15704     126.2326
   15705     121.5278
   15706     121.9899
   15707     126.0794
   15708     125.3042
   15709     124.0667
   15710     125.3610
   15711     125.7713
   15712     127.3279
   15713     122.8461
   15714     130.0242
   15715     123.2250
   15716     122.0785
   15717     122.9347
   15718     127.9231
   15719     128.5185
   15720     124.8222
   15721     126.1893
   15722     128.2561
   15723     122.2507
   15724     118.7539
   15725     119.8734
   15726     120.7111
   15727     124.2330
   15728     124.2841
   15729     125.9667
   15730     128.9326
   15731     127.7788
   15732     124.0386
   15733     132.5127
   15734     129.2121
   15735     123.3351
   15736     124.5844
   15737     128.4414
   15738     123.7733
   15739     123.3161
   15740     126.0353
   15741     121.9765
   15742     119.9276
   15743     114.3635
   15744     110.0244
   15745     113.3676
   15746     116.7804
   15747     115.4228
   15748     123.9588
   15749     120.8972
   15750     124.1967
   15751     119.8043
   15752     121.2661
   15753     124.2780
   15754     126.3101
   15755     121.1615
   15756     121.3477
   15757     124.7603
   15758     126.6792
   15759     124.3224
   15760     125.3756
   15761     129.1220
   15762     129.4433
   15763     124.7290
   15764     120.2448
   15765     120.4764
   15766     122.5989
   15767     122.5737
   15768     129.3662
   15769     124.5690
   15770     129.7905
   15771     128.2725
   15772     131.4470
   15773     122.9606
   15774     116.5921
   15775     118.2916
   15776     121.6421
   15777     123.5083
   15778     127.0738
   15779     127.7857
   15780     129.8784
   15781     130.2703
   15782     130.2191
   15783     133.2536
   15784     129.9805
   15785     129.5479
   15786     130.6685
   15787     137.5219
   15788     134.2764
   15789     127.8036
   15790     130.3107
   15791     131.9595
   15792     131.7154
   15793     134.4768
   15794     132.9434
   15795     134.6271
   15796     137.9081
   15797     132.3815
   15798     131.2382
   15799     130.4587
   15800     134.6120
   15801     131.1720
   15802     127.7843
   15803     133.4057
   15804     131.9002
   15805     128.0798
   15806     128.7259
   15807     127.6866
   15808     133.0449
   15809     127.9241
   15810     128.4702
   15811     126.7281
   15812     130.8015
   15813     127.6341
   15814     134.4247
   15815     129.1109
   15816     132.6259
   15817     136.2841
   15818     131.4949
   15819     132.4288
   15820     133.9105
   15821     130.2903
   15822     129.5435
   15823     131.3210
   15824     128.1197
   15825     128.6096
   15826     131.7690
   15827     128.7379
   15828     130.4948
   15829     130.8481
   15830     133.5557
   15831     134.6127
   15832     133.1167
   15833     129.9499
   15834     127.6817
   15835     129.1777
   15836     129.0301
   15837     131.7711
   15838     130.4649
   15839     132.2665
   15840     125.8661
   15841     133.3975
   15842     133.9135
   15843     138.5717
   15844     131.9826
   15845     133.0104
   15846     134.2513
   15847     133.9752
   15848     127.9777
   15849     126.4406
   15850     130.7452
   15851     125.8516
   15852     129.7517
   15853     126.9991
   15854     123.5134
   15855     127.0572
   15856     127.8683
   15857     127.6658
   15858     128.9239
   15859     128.5482
   15860     127.1100
   15861     129.4397
   15862     130.7365
   15863     125.0898
   15864     123.1064
   15865     123.6080
   15866     126.2306
   15867     119.0520
   15868     120.5208
   15869     124.0590
   15870     123.5427
   15871     124.6167
   15872     125.1216
   15873     118.6565
   15874     116.2731
   15875     121.4659
   15876     124.1901
   15877     120.9817
   15878     123.2051
   15879     124.1003
   15880     127.2493
   15881     127.6573
   15882     127.1492
   15883     124.6767
   15884     125.8141
   15885     133.5214
   15886     132.9988
   15887     133.9670
   15888     135.2026
   15889     127.4569
   15890     128.1520
   15891     124.4763
   15892     127.0044
   15893     127.0905
   15894     126.4697
   15895     130.7488
   15896     129.5489
   15897     127.1480
   15898     133.3807
   15899     126.0288
   15900     125.6914
   15901     131.3429
   15902     136.6002
   15903     129.1327
   15904     128.3181
   15905     126.6221
   15906     131.5880
   15907     130.4896
   15908     132.5437
   15909     132.4482
   15910     125.8924
   15911     122.4662
   15912     122.6200
   15913     126.1001
   15914     130.5965
   15915     127.9785
   15916     124.0514
   15917     125.0521
   15918     128.1375
   15919     130.7842
   15920     133.2565
   15921     132.1349
   15922     133.1718
   15923     132.5180
   15924     133.4740
   15925     123.3018
   15926     126.5449
   15927     130.9789
   15928     133.4679
   15929     130.4391
   15930     128.8314
   15931     126.2184
   15932     124.2355
   15933     128.1863
   15934     130.8413
   15935     126.2045
   15936     125.5712
   15937     128.8828
   15938     124.1359
   15939     126.0951
   15940     126.7631
   15941     126.6682
   15942     123.5440
   15943     126.0118
   15944     120.7406
   15945     120.9461
   15946     117.4197
   15947     119.2288
   15948     123.8151
   15949     126.3963
   15950     131.3673
   15951     127.3347
   15952     127.6288
   15953     128.7483
   15954     129.4409
   15955     125.5379
   15956     130.0443
   15957     126.1322
   15958     124.3297
   15959     119.9852
   15960     119.9121
   15961     115.7470
   15962     116.3561
   15963     120.1607
   15964     117.8724
   15965     123.7306
   15966     125.0207
   15967     123.1563
   15968     130.1325
   15969     129.8438
   15970     128.1523
   15971     133.6277
   15972     134.2819
   15973     136.8722
   15974     132.9924
   15975     127.4619
   15976     127.2450
   15977     124.1949
   15978     128.9912
   15979     124.6988
   15980     124.4066
   15981     125.7821
   15982     126.9193
   15983     129.1324
   15984     122.9068
   15985     125.8079
   15986     123.8805
   15987     122.9066
   15988     125.3787
   15989     127.3071
   15990     126.0020
   15991     124.4866
   15992     127.1126
   15993     130.6104
   15994     127.1568
   15995     127.1361
   15996     124.7707
   15997     128.0541
   15998     130.2856
   15999     133.6830
   16000     132.1880
   16001     129.1637
   16002     126.0331
   16003     120.3901
   16004     123.6854
   16005     126.7005
   16006     125.2958
   16007     122.0211
   16008     117.6446
   16009     119.2882
   16010     123.9203
   16011     119.5607
   16012     119.7121
   16013     121.0562
   16014     118.5109
   16015     116.9632
   16016     125.1743
   16017     120.2584
   16018     118.9671
   16019     121.0267
   16020     122.1793
   16021     125.8414
   16022     123.9755
   16023     126.4435
   16024     123.9303
   16025     120.3267
   16026     118.6668
   16027     114.0624
   16028     113.7844
   16029     115.6630
   16030     119.3496
   16031     120.7575
   16032     119.2471
   16033     121.7716
   16034     126.5316
   16035     122.6265
   16036     120.4868
   16037     114.7034
   16038     115.5938
   16039     121.8689
   16040     122.8445
   16041     129.2693
   16042     122.2269
   16043     123.3031
   16044     121.2063
   16045     122.4658
   16046     118.4698
   16047     117.2618
   16048     120.2220
   16049     114.3870
   16050     118.6056
   16051     116.6384
   16052     115.5731
   16053     117.6062
   16054     123.0889
   16055     120.2357
   16056     118.1914
   16057     117.0571
   16058     121.8575
   16059     119.2896
   16060     116.7363
   16061     122.3872
   16062     123.2792
   16063     124.5633
   16064     126.9731
   16065     124.7394
   16066     119.6540
   16067     114.6830
   16068     117.1000
   16069     118.3052
   16070     124.0709
   16071     115.8150
   16072     116.4907
   16073     117.9409
   16074     120.2146
   16075     123.4978
   16076     119.9841
   16077     118.0103
   16078     118.1985
   16079     122.5738
   16080     122.8244
   16081     127.1694
   16082     124.6608
   16083     122.7628
   16084     127.3056
   16085     125.8967
   16086     125.7144
   16087     125.8072
   16088     123.1854
   16089     121.7656
   16090     124.0920
   16091     122.1089
   16092     126.5918
   16093     126.6406
   16094     124.3975
   16095     125.5660
   16096     127.2887
   16097     122.7338
   16098     127.2843
   16099     127.7980
   16100     127.9262
   16101     130.0430
   16102     130.0178
   16103     126.3511
   16104     119.0858
   16105     121.7599
   16106     125.2922
   16107     124.5776
   16108     119.5020
   16109     118.6608
   16110     114.5695
   16111     121.3570
   16112     122.2191
   16113     119.3545
   16114     117.8745
   16115     122.8205
   16116     125.0660
   16117     123.9139
   16118     124.3304
   16119     123.5899
   16120     126.0730
   16121     127.3818
   16122     123.0848
   16123     122.9292
   16124     127.2005
   16125     121.7768
   16126     120.4710
   16127     121.7875
   16128     120.7205
   16129     116.4511
   16130     121.2131
   16131     118.4448
   16132     118.3284
   16133     123.3960
   16134     122.9284
   16135     125.5275
   16136     125.7375
   16137     125.7249
   16138     128.0466
   16139     123.9331
   16140     126.8845
   16141     120.7411
   16142     123.0354
   16143     119.8494
   16144     122.1692
   16145     125.9840
   16146     123.1126
   16147     124.5055
   16148     126.4818
   16149     123.9976
   16150     126.6856
   16151     123.9042
   16152     124.7705
   16153     123.6550
   16154     130.1368
   16155     125.9723
   16156     127.9123
   16157     126.4657
   16158     128.8299
   16159     134.8207
   16160     127.0629
   16161     124.0156
   16162     129.5294
   16163     125.2585
   16164     127.4402
   16165     129.1342
   16166     133.1056
   16167     129.5293
   16168     125.9814
   16169     125.6181
   16170     130.3564
   16171     126.9853
   16172     123.9501
   16173     125.5062
   16174     125.0883
   16175     125.7240
   16176     122.8033
   16177     125.3232
   16178     116.8741
   16179     120.6442
   16180     120.8558
   16181     122.9555
   16182     125.6276
   16183     122.9671
   16184     122.9208
   16185     121.5821
   16186     116.5067
   16187     121.3798
   16188     123.4319
   16189     123.5189
   16190     124.5056
   16191     124.0016
   16192     124.0632
   16193     118.8565
   16194     119.4874
   16195     118.7943
   16196     116.7950
   16197     119.5243
   16198     119.8459
   16199     120.3290
   16200     119.5875
   16201     120.1522
   16202     121.1277
   16203     124.9238
   16204     117.4532
   16205     115.8387
   16206     116.3862
   16207     119.8246
   16208     122.3145
   16209     121.2670
   16210     119.6805
   16211     119.5345
   16212     115.8630
   16213     119.2147
   16214     115.2556
   16215     114.9467
   16216     114.6110
   16217     110.5524
   16218     107.3612
   16219     109.5236
   16220     108.4491
   16221     115.4913
   16222     118.3484
   16223     122.9324
   16224     118.3985
   16225     120.1326
   16226     125.6109
   16227     122.7871
   16228     120.9077
   16229     119.9290
   16230     121.3687
   16231     124.9432
   16232     126.6416
   16233     123.6162
   16234     126.7734
   16235     120.4770
   16236     124.3423
   16237     120.4582
   16238     123.8978
   16239     118.7030
   16240     121.3238
   16241     121.5008
   16242     120.7981
   16243     121.8561
   16244     124.3532
   16245     126.8994
   16246     125.0187
   16247     121.9722
   16248     120.9441
   16249     127.1562
   16250     121.9625
   16251     121.4679
   16252     125.9485
   16253     121.4024
   16254     114.5565
   16255     123.5072
   16256     120.4895
   16257     120.7176
   16258     124.5100
   16259     127.3684
   16260     126.4767
   16261     132.3518
   16262     129.5584
   16263     125.5935
   16264     120.7621
   16265     121.2047
   16266     122.0619
   16267     124.8691
   16268     120.3463
   16269     119.5353
   16270     123.8033
   16271     125.9376
   16272     128.2871
   16273     132.4519
   16274     129.1861
   16275     131.3139
   16276     128.7300
   16277     127.0400
   16278     126.5491
   16279     128.7957
   16280     129.0036
   16281     125.5086
   16282     128.8030
   16283     128.5963
   16284     122.7109
   16285     120.6391
   16286     116.7445
   16287     127.8731
   16288     126.0354
   16289     125.1324
   16290     125.3350
   16291     131.0959
   16292     127.2916
   16293     126.5939
   16294     131.0174
   16295     130.6757
   16296     128.7107
   16297     126.4772
   16298     127.7397
   16299     127.8543
   16300     125.6156
   16301     126.9132
   16302     126.0486
   16303     128.5054
   16304     125.1445
   16305     123.5827
   16306     121.1723
   16307     115.2203
   16308     122.9996
   16309     125.5002
   16310     127.0808
   16311     125.5120
   16312     125.0170
   16313     128.7690
   16314     121.9567
   16315     124.3278
   16316     118.7210
   16317     120.3557
   16318     120.3184
   16319     117.6638
   16320     126.5712
   16321     120.9700
   16322     120.9923
   16323     124.5488
   16324     125.8486
   16325     125.9840
   16326     122.4595
   16327     121.7383
   16328     120.0188
   16329     117.6426
   16330     121.5150
   16331     120.6609
   16332     121.2840
   16333     117.7277
   16334     115.0344
   16335     119.1815
   16336     117.1053
   16337     120.5899
   16338     118.3899
   16339     119.6107
   16340     113.1513
   16341     117.2236
   16342     117.8691
   16343     123.5153
   16344     125.3803
   16345     119.9271
   16346     115.6475
   16347     116.4468
   16348     119.6287
   16349     125.9483
   16350     125.0899
   16351     115.2865
   16352     115.2103
   16353     117.3227
   16354     112.1512
   16355     115.7456
   16356     119.0747
   16357     125.1224
   16358     120.9395
   16359     114.9123
   16360     117.6700
   16361     118.9115
   16362     117.0326
   16363     117.7081
   16364     118.8990
   16365     125.8163
   16366     118.5390
   16367     115.5500
   16368     119.5010
   16369     119.2938
   16370     116.8495
   16371     115.8899
   16372     114.8754
   16373     109.6760
   16374     112.5096
   16375     117.7287
   16376     118.8221
   16377     120.4129
   16378     120.7723
   16379     117.4604
   16380     115.1280
   16381     120.3974
   16382     117.6000
   16383     116.5443
   16384     116.9003
   16385     114.8726
   16386     118.4605
   16387     119.1768
   16388     117.9896
   16389     122.5489
   16390     125.3715
   16391     123.6099
   16392     124.0361
   16393     121.5913
   16394     123.6657
   16395     119.5263
   16396     122.5440
   16397     127.0264
   16398     124.3654
   16399     125.3321
   16400     126.8622
   16401     126.1246
   16402     127.2513
   16403     127.3214
   16404     125.5603
   16405     123.3044
   16406     122.6280
   16407     123.0328
   16408     116.5676
   16409     118.0635
   16410     124.5930
   16411     127.0649
   16412     119.7823
   16413     125.6342
   16414     124.0011
   16415     118.9236
   16416     121.5736
   16417     120.2736
   16418     126.9485
   16419     123.1583
   16420     122.6131
   16421     125.1114
   16422     130.4952
   16423     124.2965
   16424     126.0851
   16425     119.3157
   16426     120.7371
   16427     123.4951
   16428     130.0362
   16429     131.3047
   16430     127.9925
   16431     124.3735
   16432     125.5863
   16433     124.4943
   16434     127.6422
   16435     126.4931
   16436     123.4718
   16437     122.2902
   16438     120.2930
   16439     119.1777
   16440     121.9811
   16441     122.7879
   16442     118.6474
   16443     120.4090
   16444     121.8665
   16445     121.1127
   16446     121.7304
   16447     114.1598
   16448     114.6690
   16449     115.7662
   16450     117.1234
   16451     116.4226
   16452     118.3813
   16453     120.4510
   16454     123.0203
   16455     123.4743
   16456     119.8681
   16457     125.2408
   16458     120.4920
   16459     124.3441
   16460     123.0344
   16461     124.6345
   16462     125.8399
   16463     126.1331
   16464     127.3903
   16465     129.8097
   16466     128.3689
   16467     122.6523
   16468     124.7348
   16469     115.1852
   16470     122.0281
   16471     123.0877
   16472     128.3137
   16473     125.0598
   16474     125.0039
   16475     127.0932
   16476     123.3275
   16477     125.0525
   16478     124.0541
   16479     128.7440
   16480     122.3068
   16481     125.5262
   16482     125.7867
   16483     124.6142
   16484     121.2648
   16485     120.4883
   16486     123.2644
   16487     120.4805
   16488     125.1888
   16489     123.1765
   16490     120.6069
   16491     121.0240
   16492     120.9242
   16493     122.7575
   16494     123.6467
   16495     121.8398
   16496     122.0852
   16497     121.0942
   16498     118.0776
   16499     124.8468
   16500     119.0884
   16501     125.4580
   16502     127.3009
   16503     122.9281
   16504     121.0945
   16505     122.0823
   16506     116.4842
   16507     116.6380
   16508     116.7380
   16509     117.5410
   16510     119.9702
   16511     123.4461
   16512     125.2692
   16513     116.1417
   16514     120.0211
   16515     120.8498
   16516     121.0919
   16517     124.3942
   16518     124.2785
   16519     119.3714
   16520     120.1123
   16521     116.0467
   16522     111.9657
   16523     112.4675
   16524     117.1609
   16525     122.2970
   16526     120.3623
   16527     119.6485
   16528     119.1999
   16529     123.9313
   16530     123.7253
   16531     124.3095
   16532     119.4845
   16533     115.4297
   16534     114.8929
   16535     114.6399
   16536     121.9030
   16537     118.5574
   16538     124.3030
   16539     123.2109
   16540     123.9506
   16541     123.3381
   16542     129.1378
   16543     125.2581
   16544     129.7444
   16545     122.1942
   16546     123.7639
   16547     121.9331
   16548     120.7547
   16549     119.3951
   16550     120.6360
   16551     120.0423
   16552     117.8895
   16553     118.5991
   16554     122.1314
   16555     124.0101
   16556     119.5140
   16557     125.2456
   16558     123.3869
   16559     127.2413
   16560     125.9728
   16561     121.5671
   16562     121.2834
   16563     120.5708
   16564     118.4201
   16565     120.7019
   16566     119.7924
   16567     117.7868
   16568     121.1390
   16569     121.0033
   16570     120.7756
   16571     124.2594
   16572     122.7320
   16573     122.3181
   16574     121.3325
   16575     122.7090
   16576     119.8496
   16577     120.7932
   16578     121.4999
   16579     125.3273
   16580     125.0131
   16581     124.5012
   16582     121.9087
   16583     120.8500
   16584     117.8828
   16585     119.7329
   16586     118.4023
   16587     122.4965
   16588     122.9788
   16589     120.8348
   16590     118.3693
   16591     118.4502
   16592     121.0294
   16593     118.9658
   16594     121.7188
   16595     123.4035
   16596     126.0470
   16597     121.7454
   16598     120.4667
   16599     119.5581
   16600     119.1159
   16601     118.6402
   16602     119.2777
   16603     118.7121
   16604     119.7511
   16605     118.0110
   16606     119.0690
   16607     117.9148
   16608     123.6516
   16609     130.2427
   16610     124.4497
   16611     129.5404
   16612     129.7441
   16613     127.6720
   16614     125.3033
   16615     120.3869
   16616     120.4999
   16617     122.5119
   16618     127.9278
   16619     125.5578
   16620     121.1739
   16621     121.6643
   16622     121.0898
   16623     123.4696
   16624     125.0514
   16625     122.0130
   16626     124.0833
   16627     127.8350
   16628     125.5055
   16629     125.3433
   16630     125.2393
   16631     130.3081
   16632     129.6948
   16633     133.2479
   16634     129.0339
   16635     123.2721
   16636     126.6589
   16637     129.6254
   16638     120.2971
   16639     128.1897
   16640     125.3190
   16641     127.0372
   16642     127.2047
   16643     123.5454
   16644     127.2638
   16645     129.6734
   16646     126.1061
   16647     126.3348
   16648     130.0930
   16649     129.3285
   16650     125.6077
   16651     127.0244
   16652     132.1337
   16653     129.7048
   16654     126.1461
   16655     126.1514
   16656     127.2924
   16657     125.9630
   16658     127.8396
   16659     130.1953
   16660     132.0394
   16661     127.5417
   16662     121.0970
   16663     125.1396
   16664     122.9367
   16665     127.7146
   16666     123.8902
   16667     126.8676
   16668     127.4218
   16669     128.1195
   16670     125.8550
   16671     125.9582
   16672     126.3154
   16673     127.4825
   16674     128.2690
   16675     134.0935
   16676     132.0514
   16677     133.0126
   16678     130.6206
   16679     128.8423
   16680     125.5817
   16681     123.1441
   16682     121.8654
   16683     133.4737
   16684     131.1638
   16685     131.9048
   16686     135.0954
   16687     135.1255
   16688     136.7326
   16689     134.5636
   16690     139.9496
   16691     141.6000
   16692     143.9139
   16693     140.7100
   16694     136.7985
   16695     142.1613
   16696     135.6051
   16697     136.0667
   16698     136.2906
   16699     131.8236
   16700     134.0890
   16701     132.8603
   16702     125.0222
   16703     130.1266
   16704     130.7563
   16705     137.0985
   16706     134.0384
   16707     131.5495
   16708     133.2711
   16709     129.2000
   16710     128.1612
   16711     124.6114
   16712     129.1256
   16713     122.3097
   16714     125.0140
   16715     131.3712
   16716     130.9327
   16717     129.8861
   16718     120.1068
   16719     123.3748
   16720     125.1565
   16721     127.9640
   16722     124.4148
   16723     126.9359
   16724     125.7047
   16725     127.9066
   16726     124.7976
   16727     123.0512
   16728     124.0956
   16729     125.9859
   16730     134.0816
   16731     130.2795
   16732     131.1902
   16733     134.6270
   16734     134.4999
   16735     129.8940
   16736     127.3108
   16737     130.6858
   16738     129.4171
   16739     125.9117
   16740     126.9744
   16741     128.1375
   16742     130.6691
   16743     129.9276
   16744     131.1640
   16745     126.7097
   16746     126.7558
   16747     127.8297
   16748     127.1327
   16749     127.5499
   16750     126.5091
   16751     128.4411
   16752     129.3954
   16753     129.7521
   16754     127.5761
   16755     127.6729
   16756     127.1648
   16757     131.1591
   16758     130.3609
   16759     133.5727
   16760     123.9974
   16761     128.9042
   16762     127.8064
   16763     130.0654
   16764     128.5074
   16765     131.5309
   16766     126.7376
   16767     129.9308
   16768     128.1124
   16769     124.6041
   16770     125.8942
   16771     125.1425
   16772     127.7909
   16773     127.9859
   16774     130.9684
   16775     133.9122
   16776     133.5751
   16777     133.2272
   16778     134.7253
   16779     135.0120
   16780     129.7070
   16781     131.5124
   16782     129.9136
   16783     132.0258
   16784     129.5767
   16785     126.3275
   16786     133.9145
   16787     136.5347
   16788     132.9208
   16789     125.9957
   16790     134.7128
   16791     129.9816
   16792     132.0303
   16793     127.2644
   16794     128.4344
   16795     131.1366
   16796     132.9623
   16797     125.6378
   16798     123.4815
   16799     123.1592
   16800     129.4955
   16801     125.0238
   16802     128.4044
   16803     125.1420
   16804     126.2621
   16805     125.4999
   16806     127.3919
   16807     126.8453
   16808     129.4977
   16809     125.7166
   16810     128.6092
   16811     128.1783
   16812     130.1635
   16813     131.5897
   16814     134.2057
   16815     136.0866
   16816     134.0426
   16817     130.1154
   16818     130.8324
   16819     128.7583
   16820     134.4050
   16821     130.3638
   16822     131.8238
   16823     129.3405
   16824     129.7775
   16825     132.3006
   16826     129.8371
   16827     133.6533
   16828     137.9448
   16829     136.1520
   16830     131.3853
   16831     132.3919
   16832     130.7380
   16833     127.5511
   16834     125.8240
   16835     129.7551
   16836     127.7583
   16837     128.6022
   16838     122.2187
   16839     127.9268
   16840     125.0847
   16841     125.8242
   16842     128.1544
   16843     127.6538
   16844     130.1867
   16845     127.1797
   16846     127.1706
   16847     127.0775
   16848     128.4013
   16849     127.6556
   16850     131.9333
   16851     135.4873
   16852     130.8094
   16853     128.7142
   16854     133.1507
   16855     133.2712
   16856     128.7639
   16857     131.1397
   16858     132.8762
   16859     132.6978
   16860     127.0557
   16861     130.2926
   16862     124.9020
   16863     126.3959
   16864     132.7824
   16865     128.1870
   16866     126.9632
   16867     129.0419
   16868     130.4234
   16869     122.5773
   16870     129.7773
   16871     131.0221
   16872     133.0757
   16873     133.1923
   16874     131.4407
   16875     125.3683
   16876     125.0350
   16877     125.0947
   16878     129.7637
   16879     128.7270
   16880     126.2918
   16881     128.3968
   16882     127.1097
   16883     123.3707
   16884     126.0092
   16885     126.2247
   16886     122.7879
   16887     124.1352
   16888     124.6053
   16889     126.9067
   16890     123.9087
   16891     126.3342
   16892     122.5180
   16893     121.8916
   16894     122.5432
   16895     121.4294
   16896     123.2614
   16897     125.8646
   16898     124.2842
   16899     122.3257
   16900     127.6524
   16901     129.0612
   16902     127.1070
   16903     121.5266
   16904     121.5055
   16905     122.3726
   16906     123.1925
   16907     120.6022
   16908     123.0344
   16909     119.6818
   16910     123.0179
   16911     121.5702
   16912     126.9102
   16913     117.6977
   16914     114.0854
   16915     115.7682
   16916     116.9562
   16917     121.3673
   16918     121.9397
   16919     119.7920
   16920     122.5975
   16921     123.8216
   16922     118.6063
   16923     122.3621
   16924     123.4158
   16925     124.1741
   16926     129.2938
   16927     126.4359
   16928     123.6579
   16929     118.1573
   16930     121.7794
   16931     117.5097
   16932     118.4586
   16933     115.4350
   16934     121.9279
   16935     113.9663
   16936     117.3910
   16937     119.2487
   16938     119.8652
   16939     118.8598
   16940     119.5538
   16941     119.9249
   16942     119.4646
   16943     113.2239
   16944     114.7149
   16945     118.4689
   16946     120.0159
   16947     118.9856
   16948     121.8123
   16949     121.8412
   16950     118.9413
   16951     121.3901
   16952     124.5676
   16953     128.0743
   16954     125.1469
   16955     123.8542
   16956     125.3904
   16957     126.7008
   16958     129.3272
   16959     125.5876
   16960     128.4391
   16961     128.6819
   16962     131.5903
   16963     130.3121
   16964     131.3676
   16965     127.5707
   16966     127.6835
   16967     128.6804
   16968     124.5620
   16969     123.1549
   16970     127.6815
   16971     126.1480
   16972     125.7073
   16973     125.1316
   16974     127.7862
   16975     129.7834
   16976     129.8704
   16977     130.3792
   16978     123.8075
   16979     124.3033
   16980     122.1130
   16981     120.9883
   16982     121.5090
   16983     123.6459
   16984     126.7331
   16985     120.3381
   16986     120.7840
   16987     129.2580
   16988     126.3518
   16989     122.3585
   16990     121.1537
   16991     120.3460
   16992     126.4598
   16993     125.9144
   16994     122.2759
   16995     125.1755
   16996     123.1383
   16997     124.7236
   16998     123.8740
   16999     127.0164
   17000     127.7820
   17001     127.9708
   17002     130.8685
   17003     135.0176
   17004     137.0749
   17005     135.2014
   17006     133.4655
   17007     134.1605
   17008     129.1969
   17009     132.7559
   17010     127.8151
   17011     123.6286
   17012     125.5356
   17013     123.5438
   17014     123.3750
   17015     126.6777
   17016     127.9069
   17017     125.9211
   17018     124.7231
   17019     122.6000
   17020     123.4492
   17021     121.6128
   17022     118.4921
   17023     123.4439
   17024     120.5484
   17025     119.4822
   17026     117.7810
   17027     123.7567
   17028     124.2703
   17029     127.0935
   17030     129.2365
   17031     126.9695
   17032     122.6067
   17033     129.6206
   17034     124.9534
   17035     121.8527
   17036     128.3712
   17037     126.4691
   17038     131.4877
   17039     128.5118
   17040     127.5581
   17041     128.4492
   17042     129.9091
   17043     125.1035
   17044     123.4943
   17045     122.1873
   17046     128.3442
   17047     129.4256
   17048     123.9143
   17049     127.8440
   17050     126.4915
   17051     121.1541
   17052     125.9269
   17053     125.9593
   17054     124.0200
   17055     125.6283
   17056     124.6775
   17057     127.9659
   17058     123.8697
   17059     117.6371
   17060     123.8853
   17061     120.8065
   17062     123.0127
   17063     120.9529
   17064     120.2590
   17065     120.4340
   17066     117.2708
   17067     121.3237
   17068     120.8595
   17069     127.9205
   17070     127.1871
   17071     122.8518
   17072     125.3469
   17073     124.8400
   17074     128.5955
   17075     122.3601
   17076     120.9940
   17077     118.4535
   17078     123.0766
   17079     127.4276
   17080     123.8073
   17081     120.0540
   17082     118.8198
   17083     121.9499
   17084     117.1714
   17085     120.7486
   17086     115.6696
   17087     114.4237
   17088     118.6757
   17089     118.4189
   17090     118.9814
   17091     117.1629
   17092     117.6736
   17093     116.9631
   17094     116.8050
   17095     119.5735
   17096     122.0521
   17097     120.8681
   17098     118.3175
   17099     121.8749
   17100     118.9965
   17101     119.5590
   17102     119.5239
   17103     119.8457
   17104     118.1142
   17105     116.5508
   17106     120.5528
   17107     121.1461
   17108     121.4999
   17109     123.9317
   17110     124.6634
   17111     124.7994
   17112     123.9188
   17113     122.1293
   17114     126.1259
   17115     130.7486
   17116     128.8550
   17117     127.8519
   17118     133.5358
   17119     132.2563
   17120     124.6777
   17121     126.1086
   17122     122.4023
   17123     123.9366
   17124     128.9192
   17125     124.0923
   17126     124.2584
   17127     129.7893
   17128     128.5545
   17129     125.4689
   17130     125.6805
   17131     125.1871
   17132     130.4651
   17133     132.6450
   17134     131.7744
   17135     126.5271
   17136     131.3866
   17137     128.0989
   17138     124.5094
   17139     129.3025
   17140     126.6042
   17141     127.8580
   17142     127.7055
   17143     127.2834
   17144     126.1727
   17145     131.7701
   17146     127.2290
   17147     126.7850
   17148     125.4094
   17149     122.0162
   17150     123.9587
   17151     124.4530
   17152     127.5927
   17153     127.7102
   17154     126.5469
   17155     126.5199
   17156     124.5047
   17157     122.4534
   17158     122.2675
   17159     120.4015
   17160     125.8075
   17161     127.4609
   17162     124.9656
   17163     123.0506
   17164     127.6236
   17165     123.2444
   17166     122.9598
   17167     124.1640
   17168     120.6824
   17169     128.3430
   17170     127.8767
   17171     132.7503
   17172     131.3341
   17173     131.2277
   17174     134.1036
   17175     130.1767
   17176     125.8548
   17177     132.1578
   17178     131.0633
   17179     126.3188
   17180     129.6140
   17181     129.2288
   17182     124.8783
   17183     125.3660
   17184     126.3551
   17185     121.8477
   17186     124.7984
   17187     123.9511
   17188     124.1875
   17189     124.7252
   17190     124.0028
   17191     125.3377
   17192     121.1276
   17193     121.0843
   17194     124.9488
   17195     117.6045
   17196     120.0244
   17197     122.3587
   17198     123.0232
   17199     118.7851
   17200     120.8742
   17201     118.8974
   17202     120.6526
   17203     125.3887
   17204     126.4228
   17205     131.0618
   17206     126.8392
   17207     129.5211
   17208     130.9746
   17209     128.6189
   17210     124.9050
   17211     122.1361
   17212     120.0836
   17213     125.8373
   17214     122.9352
   17215     126.1342
   17216     129.0007
   17217     129.5976
   17218     129.0057
   17219     130.6442
   17220     130.3380
   17221     132.8049
   17222     134.3711
   17223     126.2683
   17224     126.9894
   17225     125.4422
   17226     126.1809
   17227     130.7558
   17228     125.4298
   17229     122.0700
   17230     124.5250
   17231     127.7199
   17232     129.5873
   17233     126.8362
   17234     124.5177
   17235     127.2137
   17236     123.1772
   17237     116.5755
   17238     113.5282
   17239     111.8485
   17240     116.6721
   17241     116.7569
   17242     117.8494
   17243     116.1571
   17244     118.2089
   17245     119.1764
   17246     115.1572
   17247     115.0662
   17248     107.8004
   17249     111.5461
   17250     117.4542
   17251     125.1570
   17252     123.2457
   17253     121.9955
   17254     121.5332
   17255     119.7565
   17256     126.4085
   17257     124.6271
   17258     122.7744
   17259     124.8492
   17260     125.9728
   17261     122.2449
   17262     126.8094
   17263     128.4799
   17264     129.8558
   17265     127.9883
   17266     132.7699
   17267     126.3011
   17268     126.8891
   17269     126.4029
   17270     131.6804
   17271     124.4634
   17272     125.2097
   17273     132.0923
   17274     122.0180
   17275     122.2197
   17276     123.0337
   17277     126.3910
   17278     131.6305
   17279     127.7181
   17280     124.2331
   17281     124.1466
   17282     123.8475
   17283     121.1922
   17284     126.8829
   17285     128.9485
   17286     128.7818
   17287     126.7754
   17288     125.9462
   17289     123.8663
   17290     121.8294
   17291     125.8433
   17292     122.2098
   17293     120.1359
   17294     123.0781
   17295     126.4451
   17296     126.8044
   17297     127.3143
   17298     122.2420
   17299     125.4884
   17300     125.9923
   17301     122.7652
   17302     123.0410
   17303     125.4413
   17304     119.0535
   17305     124.0591
   17306     123.3969
   17307     126.1359
   17308     124.0386
   17309     127.7228
   17310     120.9155
   17311     129.7910
   17312     130.6443
   17313     128.7176
   17314     129.5780
   17315     124.6943
   17316     124.1588
   17317     120.0681
   17318     126.6559
   17319     130.4327
   17320     125.6708
   17321     130.7179
   17322     129.7387
   17323     133.2047
   17324     127.1304
   17325     127.5584
   17326     125.4746
   17327     130.2626
   17328     128.6054
   17329     130.5426
   17330     129.2729
   17331     127.9963
   17332     131.5202
   17333     126.4417
   17334     128.0267
   17335     126.7042
   17336     132.4526
   17337     128.8129
   17338     125.7173
   17339     129.4209
   17340     126.8794
   17341     129.6853
   17342     124.6076
   17343     120.4501
   17344     123.4340
   17345     122.4072
   17346     120.0057
   17347     123.4109
   17348     125.5841
   17349     121.8944
   17350     122.0594
   17351     126.1653
   17352     129.0187
   17353     128.8931
   17354     128.6782
   17355     120.1428
   17356     128.1610
   17357     120.1778
   17358     118.3443
   17359     121.6242
   17360     121.6582
   17361     124.2138
   17362     125.0683
   17363     125.2353
   17364     127.6119
   17365     122.8025
   17366     126.5739
   17367     126.7340
   17368     127.7013
   17369     126.2031
   17370     131.2153
   17371     126.2559
   17372     121.6268
   17373     124.8565
   17374     124.9294
   17375     128.4428
   17376     125.9689
   17377     130.5704
   17378     133.7037
   17379     126.0773
   17380     124.5075
   17381     121.9070
   17382     122.5637
   17383     127.4853
   17384     133.5968
   17385     135.0624
   17386     134.5802
   17387     128.8447
   17388     131.7760
   17389     131.8217
   17390     133.8298
   17391     133.0917
   17392     133.6715
   17393     130.2043
   17394     132.1886
   17395     134.0351
   17396     131.0760
   17397     130.6784
   17398     131.5379
   17399     129.6620
   17400     134.5531
   17401     136.0141
   17402     134.2548
   17403     129.9374
   17404     132.8422
   17405     133.4100
   17406     130.6137
   17407     121.7888
   17408     127.5585
   17409     127.3848
   17410     123.8879
   17411     124.0973
   17412     124.5041
   17413     127.5948
   17414     129.9126
   17415     129.3889
   17416     125.4628
   17417     126.7167
   17418     124.6363
   17419     123.5965
   17420     125.5398
   17421     120.3915
   17422     124.8274
   17423     123.3738
   17424     131.1965
   17425     127.3212
   17426     124.2524
   17427     124.8745
   17428     124.8639
   17429     123.4601
   17430     124.0386
   17431     122.4791
   17432     122.8531
   17433     121.0166
   17434     115.5953
   17435     122.7659
   17436     122.8258
   17437     121.1328
   17438     124.0456
   17439     123.8912
   17440     123.4758
   17441     123.7566
   17442     124.1794
   17443     126.4140
   17444     123.0099
   17445     125.3665
   17446     122.8748
   17447     119.7332
   17448     123.3594
   17449     120.9751
   17450     122.3033
   17451     124.0149
   17452     125.7531
   17453     122.3989
   17454     121.6575
   17455     123.1256
   17456     122.7694
   17457     121.6587
   17458     120.3319
   17459     120.4428
   17460     124.8007
   17461     121.8498
   17462     123.5545
   17463     120.3553
   17464     118.9279
   17465     115.6474
   17466     121.7216
   17467     121.8967
   17468     117.6810
   17469     115.8067
   17470     116.5191
   17471     114.2030
   17472     115.6373
   17473     120.9025
   17474     118.2641
   17475     115.0414
   17476     118.3519
   17477     121.4741
   17478     120.8933
   17479     117.5506
   17480     118.6075
   17481     123.9998
   17482     128.9438
   17483     124.4209
   17484     121.5206
   17485     120.4792
   17486     121.5449
   17487     120.0338
   17488     124.1154
   17489     124.3986
   17490     127.8628
   17491     122.0034
   17492     121.6350
   17493     125.7780
   17494     121.0450
   17495     126.9937
   17496     124.2429
   17497     120.9154
   17498     120.1231
   17499     122.9786
   17500     117.6357
   17501     120.4598
   17502     120.6996
   17503     124.6182
   17504     126.2143
   17505     125.2294
   17506     123.0958
   17507     125.1468
   17508     118.3137
   17509     119.7142
   17510     122.8901
   17511     122.0190
   17512     128.8452
   17513     126.7015
   17514     129.2834
   17515     129.2833
   17516     129.6830
   17517     125.5103
   17518     123.2242
   17519     125.6539
   17520     126.3391
   17521     128.0277
   17522     130.9737
   17523     130.1135
   17524     133.1517
   17525     129.9171
   17526     128.8207
   17527     121.8619
   17528     125.5238
   17529     129.1930
   17530     123.3754
   17531     125.6696
   17532     127.8435
   17533     125.9686
   17534     122.2618
   17535     126.0975
   17536     122.2952
   17537     123.4423
   17538     124.6818
   17539     123.9609
   17540     120.2631
   17541     124.0592
   17542     115.6748
   17543     125.2899
   17544     125.3698
   17545     127.1668
   17546     124.2689
   17547     127.3115
   17548     128.6046
   17549     128.9399
   17550     128.3384
   17551     121.9163
   17552     128.0622
   17553     129.4650
   17554     125.6919
   17555     126.4213
   17556     126.5433
   17557     131.9014
   17558     126.8931
   17559     127.6693
   17560     123.3284
   17561     127.4427
   17562     123.7805
   17563     124.8370
   17564     124.6125
   17565     129.5821
   17566     125.7147
   17567     125.8588
   17568     124.9592
   17569     120.0471
   17570     123.0158
   17571     126.5692
   17572     124.2305
   17573     128.9912
   17574     124.9336
   17575     129.9983
   17576     127.3888
   17577     125.6771
   17578     129.0936
   17579     127.2169
   17580     125.4418
   17581     123.8312
   17582     128.0028
   17583     121.5080
   17584     126.4310
   17585     127.3698
   17586     125.9191
   17587     130.5202
   17588     129.4056
   17589     126.3218
   17590     122.0568
   17591     122.9401
   17592     125.9706
   17593     122.0577
   17594     126.5001
   17595     132.5658
   17596     124.4197
   17597     125.6015
   17598     130.4105
   17599     127.7531
   17600     132.7567
   17601     129.0070
   17602     129.9718
   17603     124.2579
   17604     129.2511
   17605     127.1522
   17606     134.0090
   17607     132.6837
   17608     132.0049
   17609     132.0769
   17610     138.4250
   17611     132.1393
   17612     130.5680
   17613     128.9046
   17614     125.7057
   17615     130.1571
   17616     134.4279
   17617     133.6471
   17618     132.5609
   17619     129.1747
   17620     129.8087
   17621     128.8234
   17622     129.8075
   17623     131.2893
   17624     127.4390
   17625     133.2018
   17626     127.4230
   17627     140.5028
   17628     134.7477
   17629     135.5484
   17630     131.4249
   17631     137.3061
   17632     134.5286
   17633     140.6203
   17634     135.9222
   17635     138.3031
   17636     135.8458
   17637     136.2873
   17638     135.4879
   17639     137.3381
   17640     135.9167
   17641     136.8565
   17642     135.3378
   17643     138.8231
   17644     136.6782
   17645     130.4516
   17646     138.5859
   17647     136.7002
   17648     138.8036
   17649     138.6976
   17650     140.9394
   17651     138.9541
   17652     139.5926
   17653     141.8224
   17654     136.8691
   17655     131.8791
   17656     133.8302
   17657     137.8924
   17658     139.9722
   17659     136.2711
   17660     133.8075
   17661     137.1801
   17662     137.0924
   17663     136.6280
   17664     135.3556
   17665     139.6095
   17666     137.2415
   17667     137.6730
   17668     130.1788
   17669     130.2307
   17670     127.4336
   17671     130.2247
   17672     133.2905
   17673     130.7771
   17674     129.5367
   17675     135.8841
   17676     131.8465
   17677     134.6220
   17678     128.0721
   17679     128.6275
   17680     132.3432
   17681     134.4389
   17682     129.8880
   17683     126.9589
   17684     128.8322
   17685     132.2685
   17686     133.4918
   17687     132.5548
   17688     134.3828
   17689     130.1615
   17690     129.3729
   17691     130.9491
   17692     133.4332
   17693     132.0128
   17694     135.9423
   17695     129.4767
   17696     133.2327
   17697     132.1998
   17698     127.0054
   17699     129.5367
   17700     127.6109
   17701     131.6263
   17702     134.9945
   17703     137.3677
   17704     131.9715
   17705     134.3229
   17706     136.8302
   17707     131.4257
   17708     132.6349
   17709     128.4395
   17710     133.7233
   17711     133.3604
   17712     130.6448
   17713     135.5670
   17714     130.2516
   17715     128.0754
   17716     130.7401
   17717     127.8806
   17718     130.6335
   17719     136.3128
   17720     135.5681
   17721     133.6161
   17722     133.8170
   17723     139.7716
   17724     134.2935
   17725     130.8515
   17726     129.3416
   17727     129.1914
   17728     131.7852
   17729     131.7534
   17730     126.6933
   17731     128.5567
   17732     127.9665
   17733     129.8961
   17734     132.4384
   17735     132.7495
   17736     132.6382
   17737     132.3235
   17738     131.1598
   17739     131.7450
   17740     129.8016
   17741     130.4300
   17742     133.9567
   17743     132.6205
   17744     133.7013
   17745     131.9430
   17746     134.0749
   17747     129.8099
   17748     132.3159
   17749     128.7533
   17750     127.8888
   17751     128.9557
   17752     126.7404
   17753     128.1660
   17754     130.3652
   17755     130.8930
   17756     126.6115
   17757     133.3070
   17758     130.1658
   17759     132.0478
   17760     128.1200
   17761     126.7511
   17762     127.2322
   17763     129.2864
   17764     130.6109
   17765     128.2877
   17766     132.6749
   17767     131.1106
   17768     129.5927
   17769     131.5561
   17770     129.0053
   17771     129.5804
   17772     130.6452
   17773     131.0749
   17774     129.0256
   17775     131.6501
   17776     131.5766
   17777     133.9529
   17778     131.0486
   17779     131.5186
   17780     128.7171
   17781     127.3675
   17782     130.5865
   17783     131.4972
   17784     133.0954
   17785     133.8003
   17786     134.4798
   17787     133.6760
   17788     133.5829
   17789     131.9842
   17790     135.9680
   17791     134.4059
   17792     133.1280
   17793     134.5376
   17794     128.9239
   17795     133.9063
   17796     139.3060
   17797     134.0058
   17798     132.5015
   17799     134.8144
   17800     135.8544
   17801     135.4930
   17802     129.0403
   17803     131.1483
   17804     132.7737
   17805     130.3214
   17806     125.7725
   17807     124.7668
   17808     127.2811
   17809     128.8324
   17810     130.0641
   17811     135.9220
   17812     130.1411
   17813     126.0870
   17814     126.8025
   17815     129.0488
   17816     131.1723
   17817     125.6958
   17818     125.5884
   17819     122.6797
   17820     124.8660
   17821     123.4162
   17822     122.3695
   17823     124.5443
   17824     131.6473
   17825     133.6841
   17826     131.5583
   17827     135.3568
   17828     136.9493
   17829     132.5252
   17830     129.0233
   17831     129.4997
   17832     130.1154
   17833     129.1560
   17834     128.1856
   17835     127.2555
   17836     129.2186
   17837     130.1475
   17838     128.8225
   17839     125.9352
   17840     128.0295
   17841     125.5884
   17842     122.8426
   17843     126.7664
   17844     124.4768
   17845     127.2283
   17846     127.9395
   17847     127.0382
   17848     130.9760
   17849     129.8804
   17850     130.2133
   17851     129.1093
   17852     130.4064
   17853     130.5279
   17854     127.8387
   17855     127.0875
   17856     129.5107
   17857     130.4310
   17858     126.0417
   17859     129.0064
   17860     139.2663
   17861     135.9661
   17862     132.6234
   17863     137.6307
   17864     134.8749
   17865     138.4266
   17866     136.7756
   17867     133.2771
   17868     128.7405
   17869     128.5156
   17870     131.7056
   17871     133.6885
   17872     130.6162
   17873     134.2197
   17874     127.9438
   17875     129.4777
   17876     129.6486
   17877     129.3690
   17878     134.1630
   17879     132.1970
   17880     128.5411
   17881     128.1897
   17882     129.3759
   17883     129.0395
   17884     128.5606
   17885     131.2108
   17886     131.3996
   17887     128.5297
   17888     127.5604
   17889     127.6477
   17890     134.0435
   17891     132.2600
   17892     133.1045
   17893     138.2533
   17894     130.7687
   17895     131.3778
   17896     129.9275
   17897     129.6430
   17898     133.8965
   17899     129.2603
   17900     124.1340
   17901     128.9420
   17902     130.2803
   17903     134.3164
   17904     134.7000
   17905     132.7277
   17906     137.1266
   17907     138.9938
   17908     134.4187
   17909     139.3254
   17910     137.1124
   17911     138.5820
   17912     136.2724
   17913     132.1475
   17914     136.0819
   17915     133.0401
   17916     133.3961
   17917     129.3899
   17918     134.4989
   17919     127.1785
   17920     128.9378
   17921     127.9272
   17922     130.7740
   17923     130.9949
   17924     133.1016
   17925     135.6636
   17926     134.4391
   17927     136.6462
   17928     135.5109
   17929     136.2084
   17930     132.9351
   17931     139.0003
   17932     134.8348
   17933     133.1082
   17934     138.0317
   17935     136.7011
   17936     135.3660
   17937     136.2650
   17938     136.3109
   17939     134.5716
   17940     137.2776
   17941     134.1321
   17942     135.5306
   17943     132.7826
   17944     131.1610
   17945     133.3067
   17946     133.9748
   17947     129.1395
   17948     134.6750
   17949     135.1083
   17950     137.3951
   17951     133.7373
   17952     138.9269
   17953     138.7839
   17954     138.9716
   17955     143.9439
   17956     139.7406
   17957     135.7279
   17958     134.6273
   17959     132.4627
   17960     138.4684
   17961     139.1426
   17962     136.7198
   17963     134.5046
   17964     134.7187
   17965     130.8507
   17966     134.1530
   17967     136.2179
   17968     131.2025
   17969     134.8798
   17970     132.2623
   17971     131.5593
   17972     137.6248
   17973     135.3109
   17974     138.8879
   17975     138.9464
   17976     139.8398
   17977     140.6547
   17978     139.0371
   17979     141.4581
   17980     140.1343
   17981     138.1726
   17982     139.0791
   17983     139.3946
   17984     142.7811
   17985     141.6044
   17986     137.6634
   17987     139.5791
   17988     137.1230
   17989     142.4027
   17990     136.3472
   17991     134.8858
   17992     139.4539
   17993     135.9862
   17994     140.6486
   17995     139.3182
   17996     137.2305
   17997     135.3491
   17998     141.0916
   17999     139.5653
   18000     138.3707
   18001     137.1769
   18002     139.9672
   18003     147.5205
   18004     142.4225
   18005     139.8581
   18006     139.5921
   18007     139.2750
   18008     139.4802
   18009     141.5590
   18010     139.5070
   18011     141.3650
   18012     138.9926
   18013     138.6757
   18014     137.7949
   18015     139.4929
   18016     136.5998
   18017     138.8992
   18018     140.0102
   18019     137.8226
   18020     134.3785
   18021     133.3856
   18022     135.1081
   18023     133.9310
   18024     139.2257
   18025     135.1790
   18026     138.9209
   18027     141.3819
   18028     139.1046
   18029     138.1099
   18030     133.9401
   18031     133.5040
   18032     130.6860
   18033     130.7693
   18034     134.4697
   18035     136.6614
   18036     133.3325
   18037     134.7899
   18038     133.3468
   18039     137.0679
   18040     134.5289
   18041     132.5928
   18042     135.8567
   18043     137.7132
   18044     136.6198
   18045     137.4342
   18046     136.6550
   18047     136.2562
   18048     133.4001
   18049     133.8554
   18050     131.5737
   18051     134.8846
   18052     136.4008
   18053     134.0546
   18054     137.7443
   18055     133.9897
   18056     134.1627
   18057     137.1381
   18058     132.4337
   18059     135.8787
   18060     139.1752
   18061     140.0398
   18062     138.2909
   18063     138.5083
   18064     137.4780
   18065     136.7710
   18066     138.3310
   18067     131.5708
   18068     134.7571
   18069     134.4778
   18070     134.7515
   18071     135.8486
   18072     136.8460
   18073     130.5722
   18074     135.2885
   18075     140.5461
   18076     138.1391
   18077     138.5794
   18078     137.9176
   18079     136.0029
   18080     134.6686
   18081     135.6627
   18082     137.3320
   18083     136.4736
   18084     136.7748
   18085     136.2188
   18086     133.5969
   18087     137.2120
   18088     142.2121
   18089     136.0348
   18090     136.7814
   18091     130.7257
   18092     131.2588
   18093     132.7835
   18094     138.5718
   18095     132.8793
   18096     133.6540
   18097     132.4512
   18098     134.2073
   18099     136.4234
   18100     140.1737
   18101     133.6449
   18102     137.3112
   18103     134.1190
   18104     139.7422
   18105     138.6241
   18106     134.4003
   18107     135.3564
   18108     134.4612
   18109     136.9609
   18110     134.2320
   18111     137.0920
   18112     136.6508
   18113     136.4412
   18114     133.3720
   18115     131.7750
   18116     136.2355
   18117     137.7239
   18118     135.7353
   18119     133.3539
   18120     136.6531
   18121     138.3535
   18122     137.0782
   18123     138.9811
   18124     136.7035
   18125     136.3746
   18126     135.8670
   18127     137.2361
   18128     139.5922
   18129     135.3034
   18130     134.5725
   18131     134.6244
   18132     135.8401
   18133     133.8665
   18134     134.4797
   18135     132.2406
   18136     131.3208
   18137     131.7102
   18138     138.0400
   18139     138.8022
   18140     135.7593
   18141     134.0598
   18142     131.5253
   18143     136.7289
   18144     134.9339
   18145     131.3904
   18146     135.5944
   18147     135.8847
   18148     134.5634
   18149     134.1122
   18150     130.2241
   18151     132.8211
   18152     135.3705
   18153     137.0805
   18154     134.1820
   18155     132.8108
   18156     133.4618
   18157     134.4883
   18158     133.7307
   18159     138.3517
   18160     134.5435
   18161     132.8135
   18162     134.4581
   18163     137.1486
   18164     136.0032
   18165     136.5086
   18166     135.7732
   18167     133.4274
   18168     132.1195
   18169     134.6323
   18170     132.5918
   18171     130.5483
   18172     134.4692
   18173     134.1040
   18174     139.5163
   18175     133.0534
   18176     134.8128
   18177     138.8013
   18178     139.2602
   18179     136.8589
   18180     132.6212
   18181     135.3785
   18182     136.1047
   18183     134.2029
   18184     131.6440
   18185     133.6771
   18186     140.3723
   18187     135.5091
   18188     138.1127
   18189     139.2399
   18190     138.9354
   18191     136.6342
   18192     132.9313
   18193     132.7236
   18194     134.5890
   18195     134.1440
   18196     136.0636
   18197     136.1899
   18198     134.4115
   18199     136.7229
   18200     133.8015
   18201     133.8026
   18202     132.0901
   18203     138.5551
   18204     143.2228
   18205     137.4704
   18206     135.8670
   18207     132.2498
   18208     133.2573
   18209     134.0652
   18210     134.8348
   18211     138.6897
   18212     134.1412
   18213     137.6755
   18214     133.7983
   18215     136.9027
   18216     136.5484
   18217     134.8734
   18218     135.1676
   18219     135.7858
   18220     138.5273
   18221     137.3912
   18222     134.7324
   18223     133.9442
   18224     134.7437
   18225     137.9723
   18226     137.3783
   18227     135.3161
   18228     134.6383
   18229     137.6723
   18230     133.6576
   18231     136.7878
   18232     133.3558
   18233     135.7843
   18234     137.6813
   18235     136.7195
   18236     135.8801
   18237     138.6823
   18238     139.9214
   18239     136.6371
   18240     142.7897
   18241     138.7591
   18242     143.1543
   18243     139.4624
   18244     143.4680
   18245     142.8470
   18246     140.2934
   18247     140.7487
   18248     134.9102
   18249     137.7181
   18250     138.6296
   18251     138.7701
   18252     139.0541
   18253     132.6668
   18254     130.6709
   18255     136.0111
   18256     134.6847
   18257     139.1149
   18258     136.8063
   18259     141.2227
   18260     139.4926
   18261     135.7648
   18262     137.0998
   18263     139.6777
   18264     139.3010
   18265     143.4235
   18266     139.4671
   18267     135.9539
   18268     141.5771
   18269     137.3212
   18270     138.2950
   18271     135.0698
   18272     134.6347
   18273     139.0828
   18274     133.7246
   18275     137.2778
   18276     136.6737
   18277     136.1872
   18278     137.8786
   18279     137.9202
   18280     139.2094
   18281     137.1076
   18282     139.4968
   18283     138.2953
   18284     138.5731
   18285     140.3693
   18286     145.5953
   18287     140.7413
   18288     140.0620
   18289     139.8866
   18290     135.7765
   18291     134.8675
   18292     136.0574
   18293     140.6198
   18294     139.5056
   18295     139.9546
   18296     138.1446
   18297     134.0850
   18298     134.4145
   18299     135.0866
   18300     134.6538
   18301     134.9307
   18302     137.5894
   18303     135.6459
   18304     135.5564
   18305     133.1144
   18306     136.9716
   18307     139.0565
   18308     137.9387
   18309     138.8889
   18310     137.6611
   18311     139.1066
   18312     139.4006
   18313     134.6043
   18314     136.9237
   18315     138.8757
   18316     133.1725
   18317     140.4751
   18318     137.0171
   18319     137.0913
   18320     136.4113
   18321     137.1997
   18322     139.2435
   18323     135.5907
   18324     137.6068
   18325     141.0384
   18326     140.2135
   18327     133.0883
   18328     135.6377
   18329     136.6513
   18330     135.1273
   18331     136.7213
   18332     136.8928
   18333     141.8421
   18334     141.3331
   18335     142.8693
   18336     144.5835
   18337     141.6400
   18338     137.9910
   18339     139.9379
   18340     142.1057
   18341     139.5624
   18342     140.3430
   18343     144.7989
   18344     139.5076
   18345     141.6237
   18346     142.4763
   18347     140.0693
   18348     139.4665
   18349     138.1070
   18350     138.6637
   18351     138.2543
   18352     134.8290
   18353     137.6762
   18354     137.7176
   18355     137.6343
   18356     138.5666
   18357     137.0208
   18358     136.4109
   18359     136.8604
   18360     139.7481
   18361     135.8241
   18362     137.7271
   18363     138.5704
   18364     137.2057
   18365     135.4836
   18366     134.9845
   18367     135.1606
   18368     136.2513
   18369     137.6599
   18370     135.4247
   18371     138.3399
   18372     139.7583
   18373     136.4668
   18374     133.9247
   18375     136.5965
   18376     137.2085
   18377     135.8362
   18378     133.2342
   18379     132.0604
   18380     134.8236
   18381     132.5367
   18382     131.2951
   18383     131.6700
   18384     133.1593
   18385     130.9863
   18386     131.1370
   18387     133.2677
   18388     132.8991
   18389     129.5422
   18390     126.2159
   18391     127.2724
   18392     129.1058
   18393     132.3462
   18394     128.5746
   18395     130.2320
   18396     131.3244
   18397     132.8640
   18398     137.4879
   18399     133.7789
   18400     132.2580
   18401     134.6971
   18402     133.8377
   18403     135.3192
   18404     138.6388
   18405     133.4893
   18406     136.4692
   18407     133.9528
   18408     133.4686
   18409     133.1414
   18410     131.2172
   18411     133.2448
   18412     137.5886
   18413     135.3492
   18414     131.5298
   18415     138.2659
   18416     133.0613
   18417     132.5837
   18418     131.3644
   18419     129.7947
   18420     130.0284
   18421     131.8603
   18422     130.3627
   18423     133.0979
   18424     132.9202
   18425     133.7657
   18426     133.5542
   18427     130.0332
   18428     135.3338
   18429     136.4217
   18430     132.8348
   18431     135.7829
   18432     133.7577
   18433     134.5082
   18434     135.0979
   18435     138.0667
   18436     135.4935
   18437     138.9313
   18438     139.3054
   18439     136.4188
   18440     136.3342
   18441     133.1076
   18442     136.6386
   18443     134.5606
   18444     135.2669
   18445     137.0940
   18446     133.5885
   18447     135.4425
   18448     135.4419
   18449     137.7706
   18450     135.5374
   18451     132.7197
   18452     133.2462
   18453     135.6483
   18454     135.4669
   18455     136.1605
   18456     138.8258
   18457     136.7427
   18458     128.1794
   18459     128.7546
   18460     128.9520
   18461     127.6822
   18462     135.8276
   18463     131.9310
   18464     132.3737
   18465     132.3535
   18466     129.6744
   18467     129.7802
   18468     135.8664
   18469     134.0561
   18470     135.8746
   18471     133.1124
   18472     126.1263
   18473     130.0237
   18474     134.5394
   18475     132.5768
   18476     132.8676
   18477     135.9289
   18478     140.5384
   18479     135.3103
   18480     135.5425
   18481     136.6800
   18482     136.4341
   18483     137.0274
   18484     132.3794
   18485     135.4108
   18486     132.8698
   18487     134.8702
   18488     136.9546
   18489     134.3764
   18490     138.5070
   18491     141.9808
   18492     142.3925
   18493     139.2578
   18494     137.3822
   18495     132.4364
   18496     128.9018
   18497     130.6289
   18498     129.0782
   18499     129.1572
   18500     132.0728
   18501     132.6896
   18502     129.1336
   18503     129.2706
   18504     129.8166
   18505     128.0892
   18506     128.5002
   18507     135.6074
   18508     128.6210
   18509     130.1505
   18510     133.6638
   18511     133.3050
   18512     130.7926
   18513     136.9645
   18514     136.0899
   18515     135.2508
   18516     137.4589
   18517     131.1379
   18518     132.1862
   18519     134.1266
   18520     137.1031
   18521     135.4001
   18522     133.1985
   18523     136.5813
   18524     132.5932
   18525     136.7161
   18526     131.3554
   18527     137.6012
   18528     135.5875
   18529     132.5652
   18530     134.5330
   18531     134.7512
   18532     134.3239
   18533     137.4121
   18534     133.8649
   18535     132.4210
   18536     128.4727
   18537     131.3529
   18538     133.6830
   18539     128.4411
   18540     130.1215
   18541     132.4447
   18542     130.5866
   18543     132.9224
   18544     133.2846
   18545     132.4870
   18546     133.7233
   18547     133.7253
   18548     134.1285
   18549     130.5554
   18550     132.2230
   18551     131.1166
   18552     132.5405
   18553     132.3375
   18554     132.6666
   18555     133.4461
   18556     131.4933
   18557     131.4856
   18558     129.0508
   18559     129.7336
   18560     129.8236
   18561     130.1816
   18562     130.4543
   18563     131.4286
   18564     130.9259
   18565     134.1506
   18566     133.2830
   18567     135.1704
   18568     134.2359
   18569     135.0533
   18570     131.2427
   18571     135.7738
   18572     133.9423
   18573     137.5652
   18574     135.0015
   18575     136.6625
   18576     135.1552
   18577     134.2426
   18578     133.6401
   18579     131.4243
   18580     134.2044
   18581     135.4562
   18582     135.9698
   18583     128.8484
   18584     131.8012
   18585     129.9673
   18586     130.7998
   18587     135.1415
   18588     131.6813
   18589     130.3086
   18590     129.4668
   18591     131.8137
   18592     131.2875
   18593     127.8314
   18594     129.8191
   18595     128.8099
   18596     134.5227
   18597     131.2006
   18598     129.3171
   18599     134.7608
   18600     130.9594
   18601     132.6711
   18602     131.3692
   18603     135.7803
   18604     132.2485
   18605     134.7763
   18606     130.9704
   18607     130.3245
   18608     130.8655
   18609     133.2263
   18610     127.5773
   18611     128.6687
   18612     133.5723
   18613     132.4174
   18614     130.0717
   18615     131.7136
   18616     130.5452
   18617     134.0148
   18618     132.6313
   18619     135.3599
   18620     133.7065
   18621     132.3628
   18622     127.7498
   18623     125.7888
   18624     124.4846
   18625     126.2358
   18626     131.6059
   18627     130.8426
   18628     130.1655
   18629     134.1961
   18630     137.0764
   18631     131.2530
   18632     128.2481
   18633     128.4703
   18634     129.1916
   18635     129.1749
   18636     129.0865
   18637     129.9955
   18638     129.6497
   18639     127.4319
   18640     130.2798
   18641     132.5982
   18642     136.5100
   18643     136.1878
   18644     139.7898
   18645     132.5970
   18646     129.4776
   18647     125.6443
   18648     127.9673
   18649     127.6932
   18650     128.6820
   18651     129.0734
   18652     130.3038
   18653     129.3470
   18654     126.7598
   18655     130.9309
   18656     136.0766
   18657     134.8654
   18658     137.3966
   18659     136.4200
   18660     137.5222
   18661     137.7335
   18662     134.5936
   18663     135.9304
   18664     136.0822
   18665     136.3223
   18666     137.7118
   18667     132.6566
   18668     131.1182
   18669     136.5447
   18670     136.0714
   18671     135.2902
   18672     133.5170
   18673     132.8333
   18674     134.4034
   18675     134.6651
   18676     132.2211
   18677     131.1968
   18678     131.9695
   18679     131.3265
   18680     131.6506
   18681     133.4306
   18682     135.9921
   18683     134.5886
   18684     135.5698
   18685     133.2530
   18686     131.1448
   18687     129.6783
   18688     126.2759
   18689     129.5085
   18690     135.0887
   18691     134.5819
   18692     131.0453
   18693     134.8846
   18694     137.9029
   18695     133.4801
   18696     132.1682
   18697     131.8097
   18698     131.4816
   18699     126.7750
   18700     129.7752
   18701     130.0824
   18702     128.3324
   18703     127.3128
   18704     131.8577
   18705     129.7782
   18706     130.6447
   18707     129.7485
   18708     132.5546
   18709     131.0239
   18710     129.0451
   18711     130.0542
   18712     131.8571
   18713     135.7853
   18714     139.4199
   18715     131.0566
   18716     135.5599
   18717     133.6313
   18718     136.1236
   18719     132.9538
   18720     135.5718
   18721     133.2383
   18722     135.5886
   18723     133.8468
   18724     132.5857
   18725     134.0481
   18726     134.9670
   18727     134.8289
   18728     132.9648
   18729     137.3616
   18730     133.5250
   18731     133.9604
   18732     138.0874
   18733     138.1647
   18734     136.2164
   18735     134.3307
   18736     135.8287
   18737     133.1269
   18738     133.5968
   18739     129.4319
   18740     131.6911
   18741     130.9900
   18742     134.0513
   18743     129.6045
   18744     133.6415
   18745     132.9118
   18746     128.8846
   18747     130.4908
   18748     133.9590
   18749     132.7611
   18750     132.0541
   18751     131.3156
   18752     130.8833
   18753     137.1242
   18754     133.2673
   18755     132.3796
   18756     136.2172
   18757     136.0345
   18758     135.2126
   18759     131.4640
   18760     135.9558
   18761     132.4993
   18762     133.5169
   18763     133.8170
   18764     137.0934
   18765     134.0180
   18766     135.4207
   18767     131.4425
   18768     133.0693
   18769     133.9050
   18770     135.1216
   18771     136.3285
   18772     133.9805
   18773     133.2781
   18774     137.7223
   18775     136.3540
   18776     134.1663
   18777     132.2882
   18778     134.0325
   18779     131.5702
   18780     131.2031
   18781     135.0263
   18782     131.1152
   18783     135.0838
   18784     130.8301
   18785     132.0405
   18786     129.8104
   18787     132.8294
   18788     132.2562
   18789     134.3685
   18790     134.0832
   18791     130.6827
   18792     131.7623
   18793     135.2054
   18794     133.1296
   18795     132.7462
   18796     136.4922
   18797     134.7034
   18798     133.8686
   18799     132.7501
   18800     133.9101
   18801     129.7004
   18802     133.7307
   18803     132.7270
   18804     133.9739
   18805     134.8489
   18806     135.7097
   18807     126.4730
   18808     127.3105
   18809     127.5872
   18810     126.7686
   18811     126.9180
   18812     127.7202
   18813     122.4884
   18814     130.6554
   18815     131.3137
   18816     130.4168
   18817     129.2448
   18818     131.7672
   18819     128.9834
   18820     127.1795
   18821     130.7639
   18822     124.5700
   18823     125.7470
   18824     126.3252
   18825     126.8810
   18826     127.7659
   18827     127.3349
   18828     131.6238
   18829     128.7837
   18830     122.9419
   18831     127.1570
   18832     124.6438
   18833     124.0777
   18834     123.6097
   18835     119.8189
   18836     121.8114
   18837     120.0896
   18838     120.9014
   18839     123.8547
   18840     128.4062
   18841     127.3260
   18842     123.4974
   18843     122.3910
   18844     121.0390
   18845     124.7145
   18846     124.8653
   18847     121.7492
   18848     129.2401
   18849     133.4336
   18850     126.5110
   18851     128.7660
   18852     131.3823
   18853     127.7608
   18854     127.1469
   18855     126.3131
   18856     125.8260
   18857     118.0217
   18858     115.1434
   18859     119.1205
   18860     124.2404
   18861     129.1830
   18862     127.3842
   18863     128.8081
   18864     131.2792
   18865     132.1113
   18866     125.9709
   18867     128.3720
   18868     130.5563
   18869     130.8268
   18870     125.5455
   18871     130.7198
   18872     129.1910
   18873     124.8209
   18874     127.0333
   18875     131.5886
   18876     126.9249
   18877     127.2663
   18878     128.7642
   18879     126.0822
   18880     127.2865
   18881     126.3977
   18882     129.9591
   18883     129.6292
   18884     125.6513
   18885     127.9660
   18886     127.3282
   18887     131.5959
   18888     130.4964
   18889     130.0201
   18890     125.5592
   18891     133.5483
   18892     129.8311
   18893     134.2829
   18894     133.6036
   18895     132.4193
   18896     129.9701
   18897     125.1151
   18898     126.2590
   18899     125.1837
   18900     124.3258
   18901     126.1717
   18902     121.7558
   18903     121.1641
   18904     129.0394
   18905     128.3300
   18906     133.1055
   18907     133.4583
   18908     135.0717
   18909     125.0091
   18910     127.6444
   18911     129.4516
   18912     128.0617
   18913     129.3696
   18914     129.3869
   18915     125.6773
   18916     131.0694
   18917     132.3922
   18918     133.8353
   18919     137.6541
   18920     133.7390
   18921     138.1400
   18922     136.4203
   18923     135.3060
   18924     134.0468
   18925     132.1115
   18926     136.1957
   18927     132.4286
   18928     134.9215
   18929     136.9988
   18930     138.0024
   18931     138.1831
   18932     137.9931
   18933     132.7723
   18934     130.7465
   18935     128.8830
   18936     132.7286
   18937     137.1497
   18938     132.6639
   18939     127.7189
   18940     130.1656
   18941     133.1597
   18942     130.4651
   18943     128.7609
   18944     121.4743
   18945     124.5367
   18946     124.4553
   18947     123.1941
   18948     128.9470
   18949     131.9029
   18950     129.6055
   18951     132.8791
   18952     133.3064
   18953     131.3776
   18954     131.5486
   18955     132.1846
   18956     133.1225
   18957     136.2423
   18958     134.4732
   18959     132.9925
   18960     130.2542
   18961     131.4148
   18962     132.7156
   18963     130.8242
   18964     137.0811
   18965     135.5657
   18966     134.6770
   18967     132.6106
   18968     131.4782
   18969     132.9325
   18970     134.1443
   18971     134.7416
   18972     133.7726
   18973     133.5888
   18974     133.5354
   18975     132.3479
   18976     135.3352
   18977     131.4124
   18978     131.4759
   18979     129.7017
   18980     131.8130
   18981     129.7395
   18982     131.7153
   18983     130.9096
   18984     132.1192
   18985     134.0286
   18986     135.8823
   18987     138.1019
   18988     131.9613
   18989     135.7566
   18990     137.5288
   18991     140.4290
   18992     137.8569
   18993     138.2910
   18994     139.4520
   18995     137.0561
   18996     136.2655
   18997     141.3733
   18998     136.2084
   18999     131.3247
   19000     134.9130
   19001     132.9474
   19002     135.3291
   19003     133.1384
   19004     129.7688
   19005     136.3321
   19006     137.2989
   19007     138.1457
   19008     137.3205
   19009     134.7174
   19010     130.7626
   19011     130.8679
   19012     130.9241
   19013     132.9615
   19014     133.7429
   19015     130.4491
   19016     127.9055
   19017     125.1162
   19018     131.6674
   19019     133.1705
   19020     126.1207
   19021     133.2384
   19022     133.3467
   19023     137.8907
   19024     135.8330
   19025     143.0073
   19026     140.6509
   19027     141.7370
   19028     139.3224
   19029     137.1119
   19030     133.4941
   19031     136.3057
   19032     133.3067
   19033     135.0265
   19034     137.1278
   19035     140.6491
   19036     138.2671
   19037     140.4972
   19038     143.9319
   19039     136.8900
   19040     138.6654
   19041     135.0007
   19042     134.2674
   19043     136.8059
   19044     137.0722
   19045     141.9852
   19046     139.9797
   19047     138.3166
   19048     137.6783
   19049     131.5439
   19050     133.9649
   19051     137.0775
   19052     137.0343
   19053     140.1337
   19054     137.8229
   19055     138.5225
   19056     135.6903
   19057     134.1123
   19058     135.8864
   19059     133.3316
   19060     134.3198
   19061     134.7661
   19062     135.3459
   19063     134.8324
   19064     132.3069
   19065     129.1714
   19066     129.6418
   19067     128.8458
   19068     129.7402
   19069     130.8137
   19070     129.8185
   19071     128.7641
   19072     129.7962
   19073     134.0281
   19074     133.2108
   19075     129.1329
   19076     127.5445
   19077     128.2045
   19078     127.8628
   19079     134.0651
   19080     132.3892
   19081     134.2738
   19082     133.0237
   19083     137.9140
   19084     136.1012
   19085     138.1776
   19086     137.7953
   19087     136.3364
   19088     131.5593
   19089     134.5592
   19090     133.2849
   19091     136.6527
   19092     136.8994
   19093     139.4609
   19094     138.3403
   19095     140.7999
   19096     137.8949
   19097     141.7707
   19098     138.7019
   19099     138.3776
   19100     140.8554
   19101     136.2339
   19102     135.7579
   19103     134.6191
   19104     134.8966
   19105     139.9980
   19106     137.8590
   19107     136.8148
   19108     136.7979
   19109     132.9613
   19110     136.9502
   19111     135.3299
   19112     140.6916
   19113     136.9908
   19114     134.5992
   19115     134.7599
   19116     136.8972
   19117     136.9491
   19118     133.0834
   19119     130.9691
   19120     136.5322
   19121     136.7046
   19122     137.3491
   19123     135.4140
   19124     134.5975
   19125     138.5832
   19126     136.7366
   19127     138.8760
   19128     135.2361
   19129     132.3992
   19130     137.8375
   19131     132.0794
   19132     131.6446
   19133     140.2903
   19134     135.2812
   19135     134.0535
   19136     131.7311
   19137     131.2171
   19138     134.1634
   19139     129.9965
   19140     130.8862
   19141     128.4410
   19142     126.2396
   19143     131.6867
   19144     127.3809
   19145     125.6558
   19146     124.0794
   19147     124.8966
   19148     131.3945
   19149     129.3285
   19150     133.0694
   19151     137.0364
   19152     128.8202
   19153     130.5120
   19154     134.1204
   19155     128.8595
   19156     131.9355
   19157     139.2924
   19158     134.8707
   19159     137.6323
   19160     135.3235
   19161     130.3621
   19162     129.8918
   19163     130.2106
   19164     133.7901
   19165     132.0840
   19166     130.5971
   19167     131.6161
   19168     136.0479
   19169     133.6557
   19170     132.1926
   19171     132.5722
   19172     133.9857
   19173     134.2964
   19174     135.0978
   19175     134.2078
   19176     134.4438
   19177     137.3842
   19178     133.6781
   19179     136.2386
   19180     137.0178
   19181     137.9566
   19182     135.6274
   19183     137.7251
   19184     133.5495
   19185     133.7385
   19186     133.8117
   19187     134.4469
   19188     132.4845
   19189     132.6492
   19190     131.9589
   19191     134.3722
   19192     136.6821
   19193     135.3167
   19194     137.5485
   19195     136.1936
   19196     133.9253
   19197     137.6624
   19198     133.6636
   19199     133.3498
   19200     136.9905
   19201     134.4807
   19202     130.8647
   19203     133.3394
   19204     135.0466
   19205     132.3616
   19206     138.1564
   19207     135.5828
   19208     135.9583
   19209     139.1941
   19210     134.5168
   19211     131.3381
   19212     132.8915
   19213     136.5827
   19214     134.5795
   19215     140.8079
   19216     138.7215
   19217     131.9992
   19218     132.6594
   19219     134.0166
   19220     144.4843
   19221     139.1671
   19222     139.1689
   19223     137.3087
   19224     135.1330
   19225     134.3763
   19226     132.7704
   19227     133.4222
   19228     136.0082
   19229     135.6577
   19230     135.9450
   19231     131.0497
   19232     129.9017
   19233     128.0455
   19234     131.8641
   19235     134.0165
   19236     134.6430
   19237     132.4375
   19238     132.8597
   19239     132.6405
   19240     133.8843
   19241     133.2722
   19242     133.3027
   19243     136.5467
   19244     134.0786
   19245     132.9525
   19246     136.0870
   19247     134.2752
   19248     136.8216
   19249     132.7511
   19250     135.6869
   19251     135.2091
   19252     135.9051
   19253     132.9455
   19254     133.8237
   19255     139.9965
   19256     132.8078
   19257     131.9797
   19258     132.8512
   19259     135.1135
   19260     129.7536
   19261     131.0448
   19262     132.7549
   19263     129.2242
   19264     131.7589
   19265     130.1511
   19266     131.1599
   19267     130.6097
   19268     130.8499
   19269     130.9790
   19270     131.5305
   19271     129.8388
   19272     130.8239
   19273     133.3478
   19274     133.2313
   19275     132.5207
   19276     132.7004
   19277     134.7599
   19278     135.1889
   19279     135.6157
   19280     134.3191
   19281     134.5242
   19282     135.5862
   19283     134.4151
   19284     132.5989
   19285     133.4213
   19286     134.5201
   19287     136.7491
   19288     137.9761
   19289     137.6480
   19290     135.6445
   19291     135.7296
   19292     137.7619
   19293     135.0497
   19294     131.6985
   19295     133.9950
   19296     131.2986
   19297     136.3416
   19298     133.3357
   19299     134.4444
   19300     135.1048
   19301     138.8658
   19302     135.8993
   19303     136.9089
   19304     142.4377
   19305     136.2665
   19306     138.1909
   19307     134.8303
   19308     138.0283
   19309     140.8858
   19310     139.1409
   19311     135.4855
   19312     134.0980
   19313     134.3146
   19314     133.4925
   19315     133.0654
   19316     131.5879
   19317     129.5159
   19318     134.0873
   19319     137.0920
   19320     141.7602
   19321     132.9588
   19322     134.7712
   19323     132.9234
   19324     135.6798
   19325     132.8486
   19326     136.3632
   19327     136.7510
   19328     132.0663
   19329     131.4325
   19330     132.5716
   19331     133.6695
   19332     135.8166
   19333     140.9747
   19334     133.0418
   19335     135.4911
   19336     135.6662
   19337     134.5742
   19338     132.2982
   19339     136.7432
   19340     136.3483
   19341     135.9991
   19342     135.9032
   19343     133.6686
   19344     131.5007
   19345     136.0291
   19346     132.4587
   19347     132.4269
   19348     134.3941
   19349     140.6857
   19350     141.6166
   19351     141.1490
   19352     136.6253
   19353     135.6276
   19354     137.0999
   19355     138.6442
   19356     134.3591
   19357     138.2026
   19358     136.5006
   19359     136.3675
   19360     132.7221
   19361     130.0928
   19362     130.8224
   19363     133.6285
   19364     131.3386
   19365     133.7802
   19366     131.4454
   19367     134.5784
   19368     130.8395
   19369     135.8263
   19370     135.2685
   19371     138.5348
   19372     138.1633
   19373     140.5846
   19374     139.9702
   19375     132.2243
   19376     133.7596
   19377     131.8492
   19378     129.5316
   19379     129.2754
   19380     134.7539
   19381     135.6030
   19382     137.9288
   19383     142.9822
   19384     136.4948
   19385     136.0793
   19386     134.1770
   19387     136.1980
   19388     136.1275
   19389     137.7141
   19390     135.2089
   19391     136.7628
   19392     139.6396
   19393     137.2154
   19394     137.5513
   19395     135.3401
   19396     136.0456
   19397     135.6629
   19398     137.6312
   19399     138.9088
   19400     138.1449
   19401     137.1813
   19402     134.8069
   19403     133.6828
   19404     127.1857
   19405     133.5998
   19406     135.0404
   19407     130.6777
   19408     130.9235
   19409     131.4636
   19410     128.8304
   19411     132.3986
   19412     131.2305
   19413     135.0480
   19414     130.2258
   19415     127.5734
   19416     131.0383
   19417     130.4109
   19418     129.7552
   19419     125.7359
   19420     126.8290
   19421     131.3502
   19422     129.1178
   19423     125.0764
   19424     121.8698
   19425     124.1964
   19426     133.0920
   19427     129.6372
   19428     127.6427
   19429     132.8176
   19430     129.6720
   19431     131.8926
   19432     127.0574
   19433     130.1638
   19434     126.6508
   19435     127.1606
   19436     128.0823
   19437     123.5701
   19438     128.2806
   19439     124.1330
   19440     125.2183
   19441     123.7927
   19442     129.5749
   19443     125.0580
   19444     122.2132
   19445     123.2443
   19446     127.6997
   19447     128.1091
   19448     127.9582
   19449     126.6466
   19450     130.4238
   19451     126.3184
   19452     130.2928
   19453     127.3391
   19454     129.7064
   19455     126.9780
   19456     125.9219
   19457     125.9104
   19458     124.8621
   19459     126.9786
   19460     131.6448
   19461     125.3463
   19462     126.6180
   19463     128.9034
   19464     127.1544
   19465     126.0400
   19466     126.4270
   19467     127.1025
   19468     122.9938
   19469     123.7918
   19470     127.4384
   19471     124.8887
   19472     128.8545
   19473     124.5095
   19474     126.4240
   19475     126.7741
   19476     120.1565
   19477     126.7427
   19478     120.7408
   19479     124.5052
   19480     123.8705
   19481     123.6755
   19482     126.8742
   19483     124.0599
   19484     126.3288
   19485     124.2969
   19486     125.2209
   19487     122.8298
   19488     119.1550
   19489     118.4150
   19490     122.3790
   19491     125.9596
   19492     123.9044
   19493     122.0831
   19494     125.3274
   19495     123.7829
   19496     126.1014
   19497     120.7626
   19498     121.7241
   19499     119.1189
   19500     116.9180
   19501     119.8086
   19502     117.6749
   19503     121.0564
   19504     124.1936
   19505     118.1882
   19506     117.7504
   19507     121.0934
   19508     119.8244
   19509     118.5842
   19510     117.8044
   19511     118.3907
   19512     114.2536
   19513     118.2993
   19514     121.7274
   19515     126.0304
   19516     125.3742
   19517     124.0444
   19518     127.4530
   19519     125.8778
   19520     129.1798
   19521     124.7661
   19522     127.4255
   19523     123.4392
   19524     124.4962
   19525     124.6468
   19526     128.0912
   19527     125.2774
   19528     130.1319
   19529     127.8178
   19530     125.3324
   19531     121.6047
   19532     121.8357
   19533     124.4438
   19534     119.8668
   19535     123.1764
   19536     127.0372
   19537     128.1014
   19538     127.0958
   19539     121.8137
   19540     127.4586
   19541     130.7115
   19542     129.8653
   19543     126.4032
   19544     132.2920
   19545     133.2313
   19546     128.8880
   19547     130.1449
   19548     130.6923
   19549     130.5346
   19550     128.0145
   19551     131.9563
   19552     132.2358
   19553     134.1271
   19554     132.5612
   19555     134.7325
   19556     133.2849
   19557     133.1238
   19558     133.8739
   19559     131.2254
   19560     133.3081
   19561     133.0693
   19562     131.6949
   19563     129.2401
   19564     126.2344
   19565     128.5632
   19566     125.9730
   19567     128.5415
   19568     129.0163
   19569     123.7446
   19570     129.5715
   19571     126.2938
   19572     123.8394
   19573     126.7409
   19574     128.5263
   19575     128.4641
   19576     130.5769
   19577     131.4475
   19578     133.6959
   19579     136.0074
   19580     138.0805
   19581     134.1963
   19582     135.1320
   19583     133.0105
   19584     135.4746
   19585     133.8301
   19586     133.1815
   19587     131.6599
   19588     131.4082
   19589     130.4915
   19590     132.4927
   19591     131.2613
   19592     134.5362
   19593     126.7147
   19594     130.1517
   19595     134.9857
   19596     130.0084
   19597     131.9334
   19598     132.1145
   19599     130.0257
   19600     129.9709
   19601     127.5065
   19602     125.6740
   19603     133.1345
   19604     130.6499
   19605     133.7813
   19606     134.0925
   19607     131.2816
   19608     131.9712
   19609     133.5615
   19610     132.6695
   19611     133.4010
   19612     136.2136
   19613     135.7613
   19614     134.3320
   19615     135.7085
   19616     129.9538
   19617     133.8825
   19618     134.3616
   19619     136.6605
   19620     141.8913
   19621     136.0125
   19622     135.1443
   19623     130.9940
   19624     129.8331
   19625     134.9628
   19626     131.1215
   19627     128.3415
   19628     133.2782
   19629     133.4326
   19630     124.6213
   19631     127.8570
   19632     131.8501
   19633     127.8107
   19634     132.0176
   19635     129.5373
   19636     132.5475
   19637     134.9726
   19638     135.9193
   19639     140.9719
   19640     136.0882
   19641     142.3714
   19642     144.1614
   19643     141.5487
   19644     137.1088
   19645     137.7313
   19646     136.3093
   19647     138.2484
   19648     138.5622
   19649     139.1846
   19650     137.2890
   19651     138.8832
   19652     134.4629
   19653     134.1029
   19654     137.6777
   19655     136.9469
   19656     132.3666
   19657     133.9147
   19658     135.8663
   19659     132.8710
   19660     129.6064
   19661     134.6436
   19662     130.0227
   19663     127.8466
   19664     130.5823
   19665     129.5848
   19666     129.3350
   19667     130.6838
   19668     126.0228
   19669     127.4894
   19670     125.8133
   19671     120.1399
   19672     121.6089
   19673     122.0238
   19674     126.5265
   19675     129.2376
   19676     131.2253
   19677     134.9612
   19678     127.4583
   19679     125.9496
   19680     129.3921
   19681     131.5153
   19682     132.4482
   19683     127.2027
   19684     129.3689
   19685     130.0389
   19686     132.1705
   19687     128.2587
   19688     133.6823
   19689     129.4194
   19690     129.3670
   19691     132.5186
   19692     137.3523
   19693     131.2557
   19694     135.7390
   19695     132.6935
   19696     136.8502
   19697     129.7732
   19698     130.8259
   19699     131.1800
   19700     131.7128
   19701     135.9037
   19702     137.0134
   19703     137.0517
   19704     133.0918
   19705     138.9069
   19706     136.9682
   19707     136.7557
   19708     133.5875
   19709     133.9312
   19710     137.6694
   19711     135.5273
   19712     135.3089
   19713     135.1679
   19714     135.4220
   19715     134.0498
   19716     134.5686
   19717     130.9229
   19718     126.5954
   19719     124.9833
   19720     129.3744
   19721     131.6430
   19722     129.5829
   19723     128.7082
   19724     130.7640
   19725     133.1432
   19726     130.3039
   19727     128.3477
   19728     130.1025
   19729     131.1422
   19730     129.4212
   19731     130.5208
   19732     130.5168
   19733     125.8508
   19734     131.7623
   19735     133.6405
   19736     131.1772
   19737     128.9737
   19738     134.7129
   19739     133.4200
   19740     132.0395
   19741     133.9137
   19742     130.7472
   19743     130.8834
   19744     128.8543
   19745     129.3516
   19746     127.4239
   19747     126.6227
   19748     126.9813
   19749     131.5833
   19750     131.7879
   19751     132.3674
   19752     129.7100
   19753     130.3375
   19754     128.9288
   19755     126.8705
   19756     133.4518
   19757     130.1690
   19758     125.8698
   19759     130.9070
   19760     136.1853
   19761     133.6122
   19762     132.0439
   19763     133.7090
   19764     130.8551
   19765     132.3623
   19766     134.0637
   19767     130.5963
   19768     130.2652
   19769     134.6076
   19770     133.1044
   19771     131.6606
   19772     131.9313
   19773     131.5088
   19774     134.2960
   19775     137.5135
   19776     132.2374
   19777     133.7481
   19778     136.2926
   19779     135.8374
   19780     133.5492
   19781     133.0092
   19782     135.4581
   19783     132.0047
   19784     127.5769
   19785     129.9755
   19786     132.4159
   19787     125.9190
   19788     128.8724
   19789     131.1582
   19790     128.4419
   19791     128.8353
   19792     127.4732
   19793     125.1713
   19794     124.6238
   19795     128.0385
   19796     128.5704
   19797     131.2861
   19798     133.2512
   19799     130.9566
   19800     132.9865
   19801     128.9033
   19802     126.6200
   19803     129.6505
   19804     131.9027
   19805     129.2398
   19806     124.8846
   19807     127.0134
   19808     131.0435
   19809     133.4069
   19810     135.7109
   19811     131.1909
   19812     126.7236
   19813     127.9663
   19814     127.9394
   19815     130.4870
   19816     127.8465
   19817     130.5070
   19818     130.7527
   19819     128.9824
   19820     127.6074
   19821     129.3039
   19822     130.9134
   19823     131.7193
   19824     133.4495
   19825     133.7768
   19826     132.0120
   19827     131.9172
   19828     134.7604
   19829     136.8357
   19830     131.2529
   19831     134.1076
   19832     133.3385
   19833     135.4176
   19834     130.0401
   19835     132.2095
   19836     132.6503
   19837     134.2556
   19838     134.6777
   19839     132.5743
   19840     130.7330
   19841     129.7903
   19842     133.2723
   19843     130.3469
   19844     131.3198
   19845     131.1028
   19846     130.3899
   19847     131.9972
   19848     130.7988
   19849     130.4103
   19850     130.2783
   19851     131.6466
   19852     130.3385
   19853     129.8001
   19854     131.2101
   19855     132.9287
   19856     132.5063
   19857     133.5595
   19858     132.4894
   19859     134.3308
   19860     129.1094
   19861     135.4796
   19862     131.8723
   19863     132.2852
   19864     129.8050
   19865     128.0667
   19866     128.9255
   19867     131.7193
   19868     131.5500
   19869     133.5191
   19870     130.6966
   19871     131.3632
   19872     129.5703
   19873     130.6925
   19874     130.5578
   19875     130.8403
   19876     132.6648
   19877     132.4207
   19878     129.3744
   19879     128.6995
   19880     132.3728
   19881     130.4166
   19882     130.1020
   19883     135.2629
   19884     135.6888
   19885     132.2254
   19886     132.8588
   19887     132.3787
   19888     125.6515
   19889     127.3406
   19890     128.6457
   19891     133.7979
   19892     133.2555
   19893     130.8108
   19894     131.9647
   19895     133.4647
   19896     133.3527
   19897     135.8124
   19898     133.8868
   19899     135.9015
   19900     130.6791
   19901     128.8174
   19902     132.9783
   19903     133.1579
   19904     133.5768
   19905     133.0402
   19906     132.9088
   19907     133.6621
   19908     137.2563
   19909     135.3793
   19910     131.3485
   19911     131.6864
   19912     129.8365
   19913     131.0433
   19914     133.7325
   19915     141.4420
   19916     136.9363
   19917     137.1194
   19918     138.6622
   19919     135.3827
   19920     137.7985
   19921     132.4244
   19922     133.0376
   19923     133.3964
   19924     129.5199
   19925     131.8436
   19926     131.7402
   19927     131.2127
   19928     134.0080
   19929     130.6415
   19930     133.2140
   19931     132.7264
   19932     129.8951
   19933     128.4669
   19934     129.3370
   19935     131.3513
   19936     133.8351
   19937     133.7248
   19938     133.2163
   19939     132.0294
   19940     137.0816
   19941     131.5696
   19942     129.7037
   19943     128.5128
   19944     130.1750
   19945     133.6446
   19946     131.7716
   19947     131.0988
   19948     131.0335
   19949     131.1125
   19950     129.1978
   19951     127.5967
   19952     127.3104
   19953     124.5330
   19954     127.5854
   19955     127.5636
   19956     126.1405
   19957     126.4659
   19958     131.0887
   19959     132.7495
   19960     130.3270
   19961     130.5733
   19962     129.6575
   19963     124.8215
   19964     123.6044
   19965     125.5447
   19966     125.5393
   19967     125.7361
   19968     129.1932
   19969     130.5917
   19970     136.1917
   19971     128.7393
   19972     128.9889
   19973     134.8857
   19974     127.3870
   19975     124.4792
   19976     133.8055
   19977     126.6914
   19978     128.5949
   19979     131.0004
   19980     128.0920
   19981     128.1562
   19982     133.1868
   19983     135.4307
   19984     131.9148
   19985     130.9762
   19986     127.9652
   19987     128.5781
   19988     129.5795
   19989     130.5159
   19990     131.1619
   19991     130.6621
   19992     130.4164
   19993     129.7090
   19994     130.8089
   19995     128.8939
   19996     130.4135
   19997     125.1288
   19998     128.5499
   19999     122.8751
   20000     133.4698
   20001     128.8239
   20002     128.9435
   20003     129.3351
   20004     131.9197
   20005     131.4505
   20006     130.7921
   20007     129.6635
   20008     128.9751
   20009     131.6362
   20010     135.3778
   20011     139.3629
   20012     133.5125
   20013     130.2950
   20014     131.9505
   20015     135.4008
   20016     135.5870
   20017     139.3616
   20018     143.8072
   20019     139.7244
   20020     135.6704
   20021     135.2724
   20022     129.8144
   20023     132.6348
   20024     135.0120
   20025     132.4700
   20026     138.5230
   20027     134.1278
   20028     136.5686
   20029     136.1114
   20030     133.9343
   20031     132.1393
   20032     130.1276
   20033     129.4691
   20034     132.3388
   20035     136.2535
   20036     136.2614
   20037     135.2199
   20038     131.0545
   20039     127.1220
   20040     132.1497
   20041     128.2567
   20042     125.9802
   20043     131.5463
   20044     134.5142
   20045     132.1156
   20046     128.8995
   20047     132.2814
   20048     138.3482
   20049     134.8265
   20050     135.9537
   20051     138.4060
   20052     136.4783
   20053     134.4389
   20054     137.1963
   20055     141.4128
   20056     138.5746
   20057     137.0254
   20058     134.9828
   20059     135.8619
   20060     138.2668
   20061     136.6981
   20062     139.3597
   20063     138.6221
   20064     135.8668
   20065     136.1949
   20066     131.5318
   20067     134.7094
   20068     133.0253
   20069     133.3265
   20070     134.2554
   20071     134.0563
   20072     132.7693
   20073     133.0962
   20074     137.1378
   20075     135.2549
   20076     135.4078
   20077     133.9341
   20078     135.2982
   20079     138.4964
   20080     134.5855
   20081     132.8633
   20082     134.9521
   20083     135.6019
   20084     131.2093
   20085     128.4606
   20086     130.2623
   20087     130.2044
   20088     132.3280
   20089     128.6734
   20090     129.5508
   20091     128.7427
   20092     127.6119
   20093     130.1532
   20094     132.5548
   20095     129.2955
   20096     130.4813
   20097     128.0442
   20098     131.7354
   20099     131.9131
   20100     130.5006
   20101     133.6050
   20102     133.4240
   20103     133.4761
   20104     132.7239
   20105     131.6789
   20106     133.8101
   20107     132.9797
   20108     133.0728
   20109     129.6845
   20110     134.5833
   20111     136.9986
   20112     132.1355
   20113     132.0367
   20114     135.8043
   20115     131.5906
   20116     135.0790
   20117     134.1567
   20118     132.8048
   20119     133.6612
   20120     138.0817
   20121     138.2684
   20122     137.1009
   20123     134.8146
   20124     132.8216
   20125     129.9603
   20126     132.6098
   20127     133.0625
   20128     135.6783
   20129     132.3303
   20130     134.6466
   20131     132.6554
   20132     133.1239
   20133     130.4898
   20134     128.1735
   20135     129.8871
   20136     130.9452
   20137     133.9215
   20138     135.3997
   20139     138.5094
   20140     138.8988
   20141     132.2578
   20142     132.7440
   20143     130.3012
   20144     132.6940
   20145     129.7198
   20146     133.9910
   20147     134.5459
   20148     134.9443
   20149     132.6683
   20150     132.4932
   20151     133.3042
   20152     131.0032
   20153     132.6158
   20154     140.1176
   20155     135.1879
   20156     134.8915
   20157     132.3793
   20158     135.2224
   20159     129.7150
   20160     130.5476
   20161     130.4443
   20162     126.4699
   20163     130.1927
   20164     126.2944
   20165     130.5924
   20166     129.5065
   20167     124.9220
   20168     128.3137
   20169     132.0467
   20170     128.3304
   20171     127.4509
   20172     134.6536
   20173     135.6197
   20174     131.8772
   20175     132.4255
   20176     132.2148
   20177     133.4382
   20178     128.6033
   20179     134.0394
   20180     129.4508
   20181     130.9355
   20182     131.4149
   20183     130.4819
   20184     129.7287
   20185     126.4175
   20186     130.2988
   20187     127.6175
   20188     128.7890
   20189     133.1748
   20190     134.0937
   20191     131.4919
   20192     131.3207
   20193     129.6391
   20194     127.6697
   20195     129.1441
   20196     134.4619
   20197     136.9562
   20198     131.3605
   20199     136.1041
   20200     134.2876
   20201     136.9834
   20202     134.8297
   20203     137.1813
   20204     137.0066
   20205     140.2873
   20206     136.5660
   20207     133.4708
   20208     131.4526
   20209     128.2641
   20210     126.4513
   20211     133.4099
   20212     132.0506
   20213     129.2165
   20214     133.9888
   20215     132.3576
   20216     132.0761
   20217     131.0911
   20218     130.9496
   20219     135.2235
   20220     130.3920
   20221     133.8798
   20222     131.0276
   20223     137.9644
   20224     132.9195
   20225     130.5382
   20226     130.6581
   20227     130.4254
   20228     135.1788
   20229     137.7466
   20230     134.3615
   20231     135.0456
   20232     136.3346
   20233     131.2710
   20234     129.5057
   20235     128.0576
   20236     127.6393
   20237     133.9819
   20238     132.5919
   20239     130.6358
   20240     131.4067
   20241     132.0219
   20242     132.3042
   20243     137.1854
   20244     136.0560
   20245     131.7946
   20246     132.4056
   20247     130.6871
   20248     130.7176
   20249     135.9136
   20250     135.9016
   20251     133.0327
   20252     136.0817
   20253     133.4300
   20254     135.3385
   20255     133.7667
   20256     135.8204
   20257     133.9660
   20258     134.7736
   20259     136.4236
   20260     133.9198
   20261     133.1179
   20262     130.4041
   20263     127.8755
   20264     128.3245
   20265     130.3703
   20266     129.9946
   20267     128.7933
   20268     131.4657
   20269     133.2968
   20270     138.6066
   20271     130.7211
   20272     133.1079
   20273     133.1913
   20274     131.5655
   20275     133.1587
   20276     137.4799
   20277     134.2311
   20278     133.2959
   20279     131.6118
   20280     131.5196
   20281     129.5565
   20282     134.4104
   20283     133.3791
   20284     134.6245
   20285     134.5919
   20286     129.3076
   20287     131.5111
   20288     134.3710
   20289     137.7866
   20290     138.4068
   20291     138.7131
   20292     134.9754
   20293     133.4569
   20294     135.0761
   20295     136.2094
   20296     138.1794
   20297     139.0038
   20298     132.3474
   20299     135.8006
   20300     135.0371
   20301     129.7654
   20302     130.2570
   20303     134.0919
   20304     131.9634
   20305     136.0187
   20306     130.6742
   20307     135.7086
   20308     132.0889
   20309     132.7438
   20310     131.5443
   20311     131.6291
   20312     131.5921
   20313     132.0120
   20314     135.5088
   20315     131.5638
   20316     132.1321
   20317     134.2945
   20318     135.3774
   20319     132.4069
   20320     132.7464
   20321     139.9458
   20322     135.5514
   20323     134.9550
   20324     134.3315
   20325     133.2250
   20326     135.9668
   20327     137.1470
   20328     140.7440
   20329     137.2309
   20330     131.9211
   20331     136.4415
   20332     129.6769
   20333     128.7015
   20334     129.7210
   20335     129.6548
   20336     131.1218
   20337     130.1127
   20338     130.1402
   20339     130.6321
   20340     128.5853
   20341     129.4827
   20342     130.5020
   20343     132.8642
   20344     134.0722
   20345     135.6426
   20346     136.3163
   20347     133.7709
   20348     134.5162
   20349     133.3163
   20350     134.1151
   20351     137.3452
   20352     139.2156
   20353     133.8551
   20354     137.0334
   20355     135.4800
   20356     134.7820
   20357     135.2007
   20358     131.7070
   20359     131.7993
   20360     132.8444
   20361     131.1632
   20362     130.6810
   20363     131.9794
   20364     133.0158
   20365     134.9441
   20366     130.6060
   20367     131.6197
   20368     129.4874
   20369     134.9146
   20370     133.8458
   20371     135.0136
   20372     131.5827
   20373     131.7344
   20374     131.0741
   20375     130.0841
   20376     133.9857
   20377     132.6171
   20378     129.8108
   20379     131.9942
   20380     134.3462
   20381     133.0925
   20382     129.9987
   20383     133.8192
   20384     130.6826
   20385     131.7814
   20386     130.4225
   20387     133.1121
   20388     136.8172
   20389     136.4249
   20390     138.6806
   20391     135.2273
   20392     131.4546
   20393     133.4733
   20394     134.7619
   20395     133.8306
   20396     136.9366
   20397     134.4907
   20398     134.1062
   20399     134.8618
   20400     138.9610
   20401     135.5787
   20402     133.3378
   20403     132.5728
   20404     133.0766
   20405     132.5793
   20406     133.4237
   20407     132.0742
   20408     133.8612
   20409     134.3006
   20410     137.5519
   20411     140.8861
   20412     136.0237
   20413     137.5754
   20414     140.5658
   20415     137.9857
   20416     138.6855
   20417     141.4625
   20418     140.3473
   20419     137.3131
   20420     142.7400
   20421     137.6322
   20422     134.4054
   20423     139.2073
   20424     138.3922
   20425     134.2745
   20426     136.9651
   20427     135.7102
   20428     135.4212
   20429     134.1622
   20430     133.8269
   20431     131.6028
   20432     132.2229
   20433     133.7676
   20434     134.6689
   20435     134.1037
   20436     134.2395
   20437     134.1578
   20438     133.7238
   20439     139.1258
   20440     138.4934
   20441     135.1784
   20442     136.0217
   20443     135.0941
   20444     136.2872
   20445     134.4752
   20446     131.7263
   20447     133.4945
   20448     132.8626
   20449     135.4972
   20450     134.7449
   20451     134.8374
   20452     136.3254
   20453     139.6424
   20454     140.6933
   20455     139.5558
   20456     136.8909
   20457     138.5325
   20458     135.0197
   20459     137.6241
   20460     135.7825
   20461     134.8525
   20462     134.5874
   20463     135.0815
   20464     136.2703
   20465     134.5600
   20466     139.6231
   20467     139.3791
   20468     136.5458
   20469     138.9909
   20470     134.5767
   20471     137.8717
   20472     134.5602
   20473     136.6147
   20474     138.1030
   20475     136.5391
   20476     137.6391
   20477     143.9584
   20478     134.0204
   20479     137.4602
   20480     132.0091
   20481     135.8234
   20482     135.6351
   20483     135.6488
   20484     135.0821
   20485     139.6628
   20486     135.2340
   20487     134.2744
   20488     137.2526
   20489     136.3448
   20490     133.1757
   20491     133.0371
   20492     132.7977
   20493     132.2433
   20494     135.8463
   20495     138.6002
   20496     137.3014
   20497     138.2201
   20498     136.7943
   20499     136.1150
   20500     140.0372
   20501     139.8965
   20502     134.5865
   20503     135.3832
   20504     132.2815
   20505     138.4647
   20506     137.0047
   20507     138.5823
   20508     138.6715
   20509     137.7349
   20510     136.9413
   20511     136.6183
   20512     134.6259
   20513     133.2682
   20514     132.2389
   20515     132.0754
   20516     132.0570
   20517     135.0209
   20518     134.5454
   20519     129.3553
   20520     128.8750
   20521     125.8156
   20522     129.8659
   20523     126.5291
   20524     124.1494
   20525     127.2878
   20526     125.3038
   20527     126.1854
   20528     125.6485
   20529     126.2029
   20530     126.2228
   20531     123.3052
   20532     127.8371
   20533     129.6117
   20534     124.6977
   20535     125.6175
   20536     134.0872
   20537     134.5444
   20538     131.4281
   20539     126.3033
   20540     125.0412
   20541     127.7010
   20542     131.3854
   20543     130.0106
   20544     127.9137
   20545     131.2206
   20546     130.8574
   20547     132.5166
   20548     133.2264
   20549     132.0237
   20550     136.3658
   20551     133.6152
   20552     133.7900
   20553     131.5514
   20554     131.6002
   20555     131.6504
   20556     129.8384
   20557     127.8962
   20558     131.2000
   20559     129.2292
   20560     125.3215
   20561     129.5579
   20562     123.0300
   20563     128.4151
   20564     131.1774
   20565     133.4186
   20566     134.3728
   20567     134.7453
   20568     131.4727
   20569     131.2789
   20570     131.0895
   20571     129.9808
   20572     128.4998
   20573     130.0257
   20574     133.8333
   20575     129.8833
   20576     132.1092
   20577     133.2435
   20578     128.1048
   20579     126.3233
   20580     130.0943
   20581     133.5549
   20582     131.6901
   20583     131.4492
   20584     127.8065
   20585     130.0295
   20586     130.2335
   20587     127.2000
   20588     126.9322
   20589     129.8674
   20590     127.7899
   20591     126.9136
   20592     125.4435
   20593     128.3523
   20594     130.6629
   20595     129.5267
   20596     134.8148
   20597     135.2532
   20598     132.5230
   20599     127.9557
   20600     132.2657
   20601     130.4030
   20602     129.0831
   20603     132.1964
   20604     129.0204
   20605     129.1554
   20606     130.5929
   20607     128.8606
   20608     127.8687
   20609     136.0674
   20610     131.0689
   20611     128.1495
   20612     125.2457
   20613     128.9074
   20614     130.0339
   20615     133.0971
   20616     129.0786
   20617     127.4606
   20618     130.9048
   20619     134.1455
   20620     129.4069
   20621     128.7724
   20622     126.4154
   20623     127.8994
   20624     125.8962
   20625     126.1929
   20626     126.2243
   20627     126.1201
   20628     126.1620
   20629     123.0132
   20630     123.4736
   20631     123.5173
   20632     122.6346
   20633     124.0983
   20634     123.5388
   20635     125.7667
   20636     127.0899
   20637     129.0832
   20638     128.3350
   20639     123.6727
   20640     129.6090
   20641     126.3139
   20642     122.3133
   20643     127.5050
   20644     122.5185
   20645     124.5610
   20646     126.8857
   20647     126.3950
   20648     127.3259
   20649     128.7337
   20650     127.0031
   20651     126.0180
   20652     128.3115
   20653     125.1399
   20654     125.8434
   20655     127.8414
   20656     128.5832
   20657     125.0138
   20658     131.1136
   20659     129.8073
   20660     127.8516
   20661     125.7655
   20662     128.4801
   20663     131.5267
   20664     129.0884
   20665     128.9029
   20666     131.3638
   20667     135.1572
   20668     130.9708
   20669     132.1827
   20670     130.5579
   20671     126.5769
   20672     127.8600
   20673     130.9625
   20674     128.4284
   20675     128.9433
   20676     125.6070
   20677     130.6389
   20678     129.3253
   20679     131.9744
   20680     128.5564
   20681     128.9217
   20682     128.6132
   20683     130.9074
   20684     129.0094
   20685     126.4687
   20686     127.8011
   20687     128.2261
   20688     126.5874
   20689     129.8315
   20690     130.9729
   20691     127.7237
   20692     123.8443
   20693     126.9657
   20694     129.8167
   20695     128.9879
   20696     126.1500
   20697     125.0517
   20698     129.9090
   20699     124.5304
   20700     131.7660
   20701     132.5552
   20702     131.4120
   20703     129.9857
   20704     127.0625
   20705     129.9633
   20706     131.0322
   20707     127.1179
   20708     126.6945
   20709     128.2191
   20710     129.4460
   20711     127.6522
   20712     128.0377
   20713     128.6415
   20714     129.1886
   20715     127.9253
   20716     128.4049
   20717     130.5466
   20718     129.7819
   20719     126.3170
   20720     126.4207
   20721     128.0424
   20722     127.8707
   20723     127.1807
   20724     127.8141
   20725     129.2318
   20726     123.1952
   20727     122.4665
   20728     123.8441
   20729     125.5276
   20730     124.2191
   20731     122.0160
   20732     125.7755
   20733     127.1421
   20734     125.2002
   20735     122.7102
   20736     123.2409
   20737     120.2289
   20738     123.8760
   20739     122.0728
   20740     126.1632
   20741     127.4613
   20742     128.5555
   20743     131.5397
   20744     129.0823
   20745     129.3829
   20746     130.5014
   20747     129.6548
   20748     127.5555
   20749     127.5066
   20750     130.9242
   20751     132.3570
   20752     131.1854
   20753     130.0533
   20754     128.9407
   20755     126.1246
   20756     126.0953
   20757     126.2655
   20758     128.3113
   20759     128.8413
   20760     120.7708
   20761     124.4003
   20762     126.1633
   20763     125.5384
   20764     126.9685
   20765     128.9646
   20766     127.5295
   20767     125.7537
   20768     129.7841
   20769     130.2621
   20770     130.9511
   20771     125.1730
   20772     125.9923
   20773     123.9482
   20774     124.7796
   20775     126.8299
   20776     125.4046
   20777     122.9503
   20778     123.0931
   20779     121.2881
   20780     123.0356
   20781     121.6723
   20782     126.0223
   20783     128.4043
   20784     127.6622
   20785     127.0573
   20786     129.9284
   20787     129.8707
   20788     128.0867
   20789     131.0542
   20790     129.8267
   20791     126.0298
   20792     123.9459
   20793     124.2199
   20794     127.4591
   20795     127.8414
   20796     128.1179
   20797     128.7601
   20798     128.3707
   20799     126.9537
   20800     127.7501
   20801     130.0403
   20802     122.9503
   20803     124.5393
   20804     124.2749
   20805     124.8980
   20806     129.3351
   20807     129.8223
   20808     128.1733
   20809     129.3172
   20810     127.1210
   20811     127.9439
   20812     129.7666
   20813     128.9668
   20814     125.5594
   20815     122.7526
   20816     123.4963
   20817     121.1891
   20818     124.1740
   20819     126.0526
   20820     128.7834
   20821     122.1660
   20822     127.5452
   20823     127.4548
   20824     127.9040
   20825     123.6212
   20826     126.7048
   20827     122.7230
   20828     126.1341
   20829     123.5838
   20830     125.3396
   20831     123.4269
   20832     128.6341
   20833     128.5571
   20834     126.3295
   20835     125.9604
   20836     128.1199
   20837     127.4751
   20838     122.7405
   20839     123.6506
   20840     125.3538
   20841     127.9842
   20842     125.6555
   20843     120.0683
   20844     126.8491
   20845     122.0962
   20846     125.4812
   20847     123.1913
   20848     125.3217
   20849     127.5165
   20850     124.3910
   20851     125.0652
   20852     122.8471
   20853     124.4164
   20854     124.7302
   20855     121.3826
   20856     124.9629
   20857     125.7662
   20858     130.5065
   20859     125.7398
   20860     124.9298
   20861     122.6102
   20862     128.1513
   20863     128.1377
   20864     128.3297
   20865     121.0005
   20866     124.3985
   20867     124.5281
   20868     125.0020
   20869     123.7162
   20870     130.7318
   20871     129.7512
   20872     126.7343
   20873     132.2021
   20874     131.3869
   20875     128.7640
   20876     129.5086
   20877     127.6385
   20878     128.0814
   20879     128.4053
   20880     127.9096
   20881     125.8542
   20882     130.5266
   20883     127.6694
   20884     130.8337
   20885     128.4585
   20886     129.8630
   20887     126.9420
   20888     125.4947
   20889     125.4864
   20890     125.2508
   20891     127.0237
   20892     129.2361
   20893     126.9707
   20894     125.2561
   20895     128.7556
   20896     127.3584
   20897     130.9565
   20898     128.1591
   20899     124.9572
   20900     130.1059
   20901     129.2851
   20902     126.7860
   20903     125.2163
   20904     128.3895
   20905     125.1155
   20906     132.4243
   20907     128.9085
   20908     129.4607
   20909     127.4889
   20910     126.7833
   20911     123.9225
   20912     122.6420
   20913     126.2588
   20914     129.0635
   20915     126.6722
   20916     129.5951
   20917     126.7998
   20918     127.7198
   20919     128.7929
   20920     125.9398
   20921     125.6864
   20922     129.0631
   20923     125.5313
   20924     125.0108
   20925     127.3540
   20926     127.4174
   20927     126.8463
   20928     125.0897
   20929     129.8363
   20930     127.2236
   20931     125.8908
   20932     128.9765
   20933     130.8970
   20934     126.4613
   20935     127.8323
   20936     123.3891
   20937     120.1701
   20938     122.2936
   20939     121.6767
   20940     123.2004
   20941     124.9252
   20942     125.2737
   20943     124.0487
   20944     123.5496
   20945     119.2439
   20946     122.7123
   20947     121.4706
   20948     125.6739
   20949     120.7984
   20950     123.0555
   20951     121.0944
   20952     121.3896
   20953     124.8329
   20954     129.0440
   20955     128.4629
   20956     124.3994
   20957     122.1051
   20958     124.2396
   20959     124.1443
   20960     129.6030
   20961     126.1831
   20962     127.9870
   20963     126.4837
   20964     122.9208
   20965     126.7374
   20966     126.2433
   20967     123.6287
   20968     123.7595
   20969     126.5725
   20970     123.0543
   20971     125.0048
   20972     127.2690
   20973     128.3432
   20974     125.7273
   20975     125.9631
   20976     129.9186
   20977     128.4835
   20978     128.1467
   20979     130.9787
   20980     130.2969
   20981     129.2444
   20982     129.3917
   20983     129.4087
   20984     124.6648
   20985     126.5478
   20986     130.2448
   20987     127.3552
   20988     127.0103
   20989     128.8760
   20990     128.6216
   20991     125.0018
   20992     128.5106
   20993     125.4057
   20994     119.0096
   20995     127.2831
   20996     122.8983
   20997     129.4823
   20998     123.4472
   20999     126.3331
   21000     125.5451
   21001     123.7215
   21002     123.1865
   21003     123.0927
   21004     122.8709
   21005     122.8425
   21006     122.7802
   21007     120.7879
   21008     117.1605
   21009     119.1671
   21010     120.1446
   21011     122.0473
   21012     121.9492
   21013     121.3052
   21014     125.1320
   21015     121.5330
   21016     122.8668
   21017     125.9196
   21018     124.5894
   21019     124.0800
   21020     124.8138
   21021     125.0333
   21022     125.2973
   21023     124.6859
   21024     124.8050
   21025     126.1481
   21026     127.1364
   21027     125.2183
   21028     127.4054
   21029     123.1650
   21030     119.9301
   21031     123.5461
   21032     127.4533
   21033     123.8328
   21034     123.9961
   21035     122.1588
   21036     125.9409
   21037     124.8890
   21038     129.4133
   21039     128.0892
   21040     123.4701
   21041     127.7629
   21042     129.4022
   21043     127.8099
   21044     131.2261
   21045     130.4486
   21046     128.5925
   21047     126.3226
   21048     128.1637
   21049     128.4725
   21050     125.2414
   21051     123.3599
   21052     124.2221
   21053     128.5495
   21054     128.3933
   21055     127.8080
   21056     131.6649
   21057     129.2415
   21058     130.9086
   21059     129.8243
   21060     129.1584
   21061     127.4608
   21062     133.9060
   21063     135.3582
   21064     127.9593
   21065     131.3686
   21066     130.1208
   21067     127.4239
   21068     127.6290
   21069     131.3598
   21070     127.3182
   21071     127.5018
   21072     127.2100
   21073     123.8330
   21074     121.5460
   21075     126.1668
   21076     127.1889
   21077     127.4715
   21078     124.9154
   21079     128.8123
   21080     123.7158
   21081     126.5594
   21082     125.4122
   21083     125.5403
   21084     123.7909
   21085     126.7144
   21086     127.3575
   21087     125.8270
   21088     126.7322
   21089     122.0313
   21090     125.6965
   21091     127.1195
   21092     131.5677
   21093     131.6778
   21094     129.3991
   21095     129.8254
   21096     128.4270
   21097     128.1917
   21098     124.5603
   21099     130.1700
   21100     127.8595
   21101     126.1867
   21102     126.2000
   21103     125.4172
   21104     124.0926
   21105     124.2927
   21106     124.9550
   21107     123.5337
   21108     124.1251
   21109     123.7573
   21110     127.2280
   21111     125.3876
   21112     126.4036
   21113     127.4632
   21114     123.7998
   21115     125.4845
   21116     119.8481
   21117     124.6189
   21118     121.5896
   21119     127.2679
   21120     122.8962
   21121     126.2882
   21122     119.0363
   21123     121.9155
   21124     122.5198
   21125     126.3963
   21126     127.2334
   21127     124.6658
   21128     124.2408
   21129     126.1695
   21130     127.7368
   21131     127.7507
   21132     127.4736
   21133     128.5371
   21134     127.2356
   21135     125.0451
   21136     128.2974
   21137     127.0144
   21138     123.6840
   21139     125.3258
   21140     127.5467
   21141     126.7221
   21142     125.9615
   21143     128.2899
   21144     122.6689
   21145     127.4291
   21146     127.3083
   21147     125.5832
   21148     124.8644
   21149     123.1919
   21150     126.5219
   21151     131.1487
   21152     128.8677
   21153     126.1023
   21154     125.6843
   21155     125.5503
   21156     127.3773
   21157     127.0562
   21158     122.8966
   21159     125.6207
   21160     123.0913
   21161     127.1343
   21162     123.7336
   21163     125.3467
   21164     125.6968
   21165     125.7429
   21166     126.0743
   21167     123.1169
   21168     125.2202
   21169     124.3264
   21170     126.4005
   21171     125.3772
   21172     126.6524
   21173     125.2714
   21174     121.4955
   21175     125.0700
   21176     125.0682
   21177     123.9172
   21178     121.6180
   21179     124.4111
   21180     123.3974
   21181     125.5116
   21182     126.9578
   21183     124.6815
   21184     125.1762
   21185     124.2792
   21186     126.3540
   21187     130.1473
   21188     128.1620
   21189     122.1141
   21190     122.1195
   21191     123.6244
   21192     123.9352
   21193     123.1689
   21194     117.9382
   21195     120.7995
   21196     124.0067
   21197     123.5177
   21198     123.8588
   21199     124.8570
   21200     124.9775
   21201     122.6192
   21202     129.4691
   21203     125.6425
   21204     127.5723
   21205     124.7635
   21206     124.7151
   21207     123.8430
   21208     129.2841
   21209     127.6764
   21210     123.4018
   21211     123.9434
   21212     126.5984
   21213     126.3980
   21214     128.6136
   21215     125.0921
   21216     127.9071
   21217     129.3179
   21218     127.5168
   21219     124.9180
   21220     124.1674
   21221     122.5218
   21222     124.9117
   21223     125.8852
   21224     123.8410
   21225     122.9625
   21226     116.6612
   21227     123.7119
   21228     127.6079
   21229     120.6135
   21230     119.3602
   21231     123.2705
   21232     120.5625
   21233     129.0990
   21234     130.4663
   21235     124.7664
   21236     126.3750
   21237     127.7029
   21238     126.7024
   21239     126.2029
   21240     129.8271
   21241     129.8568
   21242     126.7086
   21243     125.5947
   21244     124.6820
   21245     123.8969
   21246     121.2692
   21247     121.4449
   21248     120.9697
   21249     119.9966
   21250     121.8641
   21251     120.6446
   21252     118.5194
   21253     122.6861
   21254     118.8416
   21255     117.1749
   21256     116.4490
   21257     115.1176
   21258     116.2206
   21259     115.9327
   21260     116.3199
   21261     116.5936
   21262     117.6503
   21263     121.5057
   21264     120.7648
   21265     119.1428
   21266     120.6361
   21267     116.8286
   21268     115.8235
   21269     116.7063
   21270     121.8344
   21271     123.1747
   21272     123.2361
   21273     122.1642
   21274     121.2501
   21275     118.6184
   21276     124.0549
   21277     123.6918
   21278     122.4784
   21279     125.2399
   21280     128.2317
   21281     122.6712
   21282     124.3855
   21283     128.7688
   21284     124.6651
   21285     121.3326
   21286     125.7586
   21287     125.3261
   21288     122.4732
   21289     123.2228
   21290     123.9411
   21291     127.3828
   21292     125.6462
   21293     122.5857
   21294     119.8004
   21295     120.9814
   21296     121.1811
   21297     122.2838
   21298     123.3847
   21299     122.4770
   21300     122.4257
   21301     122.8839
   21302     127.0736
   21303     126.9663
   21304     126.2173
   21305     124.7146
   21306     127.9380
   21307     123.9838
   21308     122.7496
   21309     125.8483
   21310     127.2743
   21311     122.8827
   21312     123.8548
   21313     128.4590
   21314     131.4978
   21315     126.4780
   21316     128.7690
   21317     128.3048
   21318     125.8182
   21319     127.7064
   21320     126.6631
   21321     128.5657
   21322     131.1047
   21323     130.9854
   21324     129.0542
   21325     129.0286
   21326     129.1916
   21327     130.6144
   21328     129.7266
   21329     133.5544
   21330     128.7601
   21331     121.9256
   21332     124.9978
   21333     122.0203
   21334     119.4924
   21335     123.5596
   21336     129.1781
   21337     127.1610
   21338     124.1151
   21339     122.6869
   21340     120.5838
   21341     123.0009
   21342     121.2103
   21343     118.6180
   21344     120.6872
   21345     121.7144
   21346     121.2451
   21347     123.1465
   21348     126.2070
   21349     125.8988
   21350     125.9390
   21351     132.4034
   21352     132.3390
   21353     131.2163
   21354     131.2228
   21355     133.3205
   21356     130.8789
   21357     134.0258
   21358     131.7691
   21359     125.2376
   21360     129.0370
   21361     129.8527
   21362     128.5772
   21363     128.9857
   21364     126.5485
   21365     130.9903
   21366     125.2484
   21367     127.6312
   21368     126.2961
   21369     127.6643
   21370     129.4016
   21371     126.5178
   21372     121.7904
   21373     122.9572
   21374     125.3326
   21375     121.2644
   21376     118.3005
   21377     114.0262
   21378     119.2234
   21379     122.8813
   21380     122.3643
   21381     122.4000
   21382     128.7576
   21383     124.0675
   21384     124.3091
   21385     126.5511
   21386     126.8100
   21387     126.3293
   21388     128.6204
   21389     129.6940
   21390     133.7022
   21391     132.5595
   21392     130.9918
   21393     132.2875
   21394     129.2256
   21395     132.4634
   21396     126.1909
   21397     127.5705
   21398     131.6710
   21399     130.1783
   21400     127.8360
   21401     130.7859
   21402     128.0763
   21403     130.6450
   21404     130.9721
   21405     129.3080
   21406     126.9908
   21407     128.7728
   21408     125.6366
   21409     130.8559
   21410     128.1247
   21411     126.1116
   21412     126.5154
   21413     127.9328
   21414     126.0359
   21415     127.8896
   21416     130.6704
   21417     129.8590
   21418     129.3254
   21419     130.4734
   21420     128.5436
   21421     130.6942
   21422     131.0394
   21423     131.5076
   21424     133.1755
   21425     134.5028
   21426     128.5099
   21427     128.0735
   21428     128.9416
   21429     128.4572
   21430     132.7651
   21431     128.5067
   21432     128.2997
   21433     128.2442
   21434     125.7455
   21435     128.2431
   21436     127.9316
   21437     127.3392
   21438     130.8434
   21439     128.3326
   21440     127.8790
   21441     124.7750
   21442     126.2946
   21443     127.8737
   21444     129.1077
   21445     127.1905
   21446     130.3462
   21447     126.1880
   21448     130.9990
   21449     129.5507
   21450     129.4515
   21451     128.6401
   21452     129.1140
   21453     127.7211
   21454     128.1252
   21455     129.8038
   21456     130.7125
   21457     130.8906
   21458     128.0593
   21459     126.5526
   21460     123.2222
   21461     125.1186
   21462     127.9953
   21463     124.3532
   21464     128.5390
   21465     125.3878
   21466     131.5087
   21467     130.3212
   21468     130.9819
   21469     128.0729
   21470     127.4592
   21471     128.9320
   21472     126.9954
   21473     128.3056
   21474     127.6061
   21475     131.5081
   21476     124.9117
   21477     128.7672
   21478     131.2397
   21479     130.8162
   21480     128.8160
   21481     129.0406
   21482     132.0246
   21483     125.6112
   21484     130.3038
   21485     131.1307
   21486     129.6184
   21487     135.4882
   21488     130.3312
   21489     128.2650
   21490     128.4115
   21491     132.9567
   21492     130.7739
   21493     131.3765
   21494     128.2958
   21495     129.6024
   21496     129.2657
   21497     131.8017
   21498     135.3804
   21499     131.4017
   21500     131.1639
   21501     132.5321
   21502     133.1118
   21503     127.3062
   21504     130.4270
   21505     127.5120
   21506     131.2201
   21507     129.6285
   21508     127.2573
   21509     134.9537
   21510     132.5350
   21511     133.2790
   21512     138.0960
   21513     133.0629
   21514     135.6737
   21515     132.3974
   21516     129.7167
   21517     130.3206
   21518     125.3296
   21519     127.7705
   21520     131.2222
   21521     126.3236
   21522     125.2444
   21523     129.9468
   21524     128.0657
   21525     129.6710
   21526     133.3278
   21527     132.4084
   21528     129.0403
   21529     126.6807
   21530     126.1191
   21531     127.1031
   21532     128.6784
   21533     126.0954
   21534     127.8708
   21535     131.8401
   21536     129.5460
   21537     123.6693
   21538     124.5694
   21539     124.7475
   21540     129.2305
   21541     129.6665
   21542     126.0473
   21543     129.4812
   21544     128.5597
   21545     127.1808
   21546     129.0453
   21547     127.3654
   21548     123.7360
   21549     121.6149
   21550     127.8422
   21551     125.1820
   21552     123.7999
   21553     119.2906
   21554     119.9744
   21555     126.2788
   21556     122.6109
   21557     122.5802
   21558     122.7479
   21559     127.9171
   21560     125.1113
   21561     124.7323
   21562     123.2191
   21563     129.7840
   21564     127.6784
   21565     124.5547
   21566     125.8510
   21567     121.2650
   21568     124.2296
   21569     123.0600
   21570     120.1989
   21571     123.0904
   21572     125.4624
   21573     127.0600
   21574     126.5364
   21575     125.1909
   21576     126.5874
   21577     126.4956
   21578     125.4988
   21579     125.6242
   21580     124.2027
   21581     126.7429
   21582     125.4299
   21583     125.3611
   21584     127.3533
   21585     124.0028
   21586     124.1248
   21587     119.4223
   21588     121.3961
   21589     119.3587
   21590     119.0665
   21591     121.6886
   21592     119.9195
   21593     122.9964
   21594     121.2940
   21595     124.2657
   21596     123.6230
   21597     120.6433
   21598     126.5519
   21599     123.7322
   21600     122.7300
   21601     124.1952
   21602     126.8828
   21603     125.5344
   21604     121.3961
   21605     121.5901
   21606     119.4366
   21607     120.4379
   21608     119.1706
   21609     121.6543
   21610     126.3874
   21611     124.5899
   21612     127.7817
   21613     127.8476
   21614     129.5107
   21615     128.4964
   21616     128.2142
   21617     124.9820
   21618     120.7961
   21619     122.4345
   21620     123.7510
   21621     123.2119
   21622     126.3602
   21623     126.4281
   21624     126.6642
   21625     124.2121
   21626     124.2754
   21627     124.1915
   21628     125.8688
   21629     125.3522
   21630     125.2931
   21631     124.2014
   21632     121.9770
   21633     123.0398
   21634     120.5516
   21635     126.4308
   21636     126.2492
   21637     125.3061
   21638     124.8064
   21639     126.6310
   21640     124.9485
   21641     124.2813
   21642     124.2286
   21643     125.7849
   21644     125.9878
   21645     122.5240
   21646     124.2401
   21647     122.2350
   21648     121.7375
   21649     127.1853
   21650     126.6333
   21651     126.6044
   21652     129.6305
   21653     133.0501
   21654     125.0048
   21655     126.8801
   21656     130.4280
   21657     126.0412
   21658     120.9512
   21659     122.8199
   21660     124.4438
   21661     123.6940
   21662     121.6669
   21663     120.0123
   21664     123.5150
   21665     123.2747
   21666     124.7753
   21667     121.8745
   21668     121.0984
   21669     119.9811
   21670     118.2216
   21671     120.7378
   21672     121.8423
   21673     123.5058
   21674     125.3480
   21675     124.8966
   21676     124.3801
   21677     121.1941
   21678     125.6771
   21679     119.0908
   21680     117.5045
   21681     116.1405
   21682     119.7774
   21683     123.2985
   21684     122.0908
   21685     115.9471
   21686     115.8980
   21687     117.9244
   21688     115.1068
   21689     116.4011
   21690     113.4942
   21691     121.8588
   21692     116.2461
   21693     115.2763
   21694     119.6707
   21695     117.0928
   21696     121.4374
   21697     122.0257
   21698     125.2407
   21699     125.0644
   21700     118.8334
   21701     114.7860
   21702     120.6656
   21703     119.3617
   21704     120.8071
   21705     122.7923
   21706     120.6640
   21707     122.4704
   21708     128.3600
   21709     121.7419
   21710     120.7871
   21711     120.0519
   21712     121.7963
   21713     121.0156
   21714     115.2506
   21715     114.8265
   21716     116.2029
   21717     117.3451
   21718     115.7396
   21719     119.9010
   21720     117.8235
   21721     120.3943
   21722     121.1531
   21723     117.2148
   21724     120.5932
   21725     117.6380
   21726     118.5626
   21727     119.0076
   21728     115.7917
   21729     120.3440
   21730     117.8196
   21731     117.0778
   21732     118.6964
   21733     120.0215
   21734     113.9127
   21735     116.4656
   21736     121.8980
   21737     118.6967
   21738     123.6031
   21739     126.1942
   21740     125.7570
   21741     124.7871
   21742     121.3559
   21743     124.5844
   21744     123.9754
   21745     124.0277
   21746     125.2611
   21747     121.2154
   21748     121.3539
   21749     123.2315
   21750     116.3357
   21751     121.3859
   21752     122.4773
   21753     125.4517
   21754     130.6312
   21755     133.5493
   21756     129.4515
   21757     128.7630
   21758     126.0379
   21759     122.9844
   21760     112.8548
   21761     115.5397
   21762     123.7297
   21763     123.5022
   21764     121.2707
   21765     123.1170
   21766     120.7951
   21767     121.4110
   21768     119.8019
   21769     124.1025
   21770     116.5201
   21771     117.4551
   21772     121.1114
   21773     120.2265
   21774     115.3054
   21775     111.6378
   21776     109.9785
   21777     116.8332
   21778     116.0205
   21779     118.3162
   21780     116.2541
   21781     119.6685
   21782     116.8481
   21783     117.4599
   21784     119.0237
   21785     118.0945
   21786     119.1660
   21787     122.5693
   21788     122.0262
   21789     122.8230
   21790     120.2493
   21791     115.6923
   21792     114.8784
   21793     112.9027
   21794     115.1064
   21795     113.0698
   21796     114.1167
   21797     114.6482
   21798     116.0012
   21799     117.9957
   21800     113.4285
   21801     120.9665
   21802     121.8698
   21803     119.4791
   21804     113.4670
   21805     113.6850
   21806     116.3771
   21807     114.5093
   21808     115.4108
   21809     114.0437
   21810     116.9579
   21811     114.9228
   21812     116.2939
   21813     117.7287
   21814     113.3569
   21815     114.7716
   21816     113.8889
   21817     113.5175
   21818     114.8338
   21819     114.0958
   21820     118.5069
   21821     119.0880
   21822     117.4385
   21823     115.5227
   21824     113.0244
   21825     116.7576
   21826     116.0830
   21827     117.4570
   21828     118.8372
   21829     117.7897
   21830     118.4759
   21831     122.2879
   21832     119.7705
   21833     121.9280
   21834     119.6091
   21835     120.0038
   21836     120.0542
   21837     119.0543
   21838     113.9056
   21839     119.5389
   21840     118.3447
   21841     114.8294
   21842     115.3112
   21843     114.7554
   21844     115.0350
   21845     115.0841
   21846     113.7454
   21847     114.7837
   21848     114.9810
   21849     118.4214
   21850     116.3615
   21851     116.6612
   21852     116.4524
   21853     112.0275
   21854     113.8980
   21855     114.4039
   21856     113.1710
   21857     113.9351
   21858     113.7396
   21859     114.8150
   21860     115.1456
   21861     111.6250
   21862     117.6379
   21863     115.1537
   21864     113.2570
   21865     114.3183
   21866     114.6252
   21867     115.9802
   21868     120.3750
   21869     114.0760
   21870     113.3144
   21871     113.2322
   21872     110.1960
   21873     115.0853
   21874     117.0397
   21875     116.6194
   21876     123.2941
   21877     121.8029
   21878     120.6234
   21879     119.7200
   21880     119.0989
   21881     117.6409
   21882     120.8384
   21883     126.3751
   21884     121.4198
   21885     122.1974
   21886     120.9755
   21887     116.5124
   21888     119.2260
   21889     120.1904
   21890     125.5980
   21891     119.9531
   21892     123.1665
   21893     119.3622
   21894     117.4203
   21895     117.5195
   21896     115.4373
   21897     118.9177
   21898     120.7070
   21899     119.8589
   21900     117.0316
   21901     118.2031
   21902     120.9472
   21903     120.4057
   21904     122.1924
   21905     121.8599
   21906     112.4090
   21907     114.8280
   21908     116.4934
   21909     114.3796
   21910     118.3365
   21911     116.5280
   21912     116.4038
   21913     116.5866
   21914     119.8819
   21915     119.4493
   21916     120.9484
   21917     116.6005
   21918     116.8340
   21919     116.9695
   21920     121.1095
   21921     119.4079
   21922     118.7713
   21923     116.4732
   21924     116.3658
   21925     118.3528
   21926     122.0298
   21927     122.3319
   21928     123.9482
   21929     125.4931
   21930     121.4366
   21931     124.0891
   21932     119.9469
   21933     116.8654
   21934     115.0557
   21935     123.9335
   21936     130.2692
   21937     128.7076
   21938     126.4654
   21939     129.7622
   21940     130.9465
   21941     131.5830
   21942     128.4982
   21943     124.1760
   21944     124.7332
   21945     122.5400
   21946     123.6613
   21947     124.5927
   21948     124.0317
   21949     122.2156
   21950     127.7644
   21951     123.9492
   21952     125.3624
   21953     132.0193
   21954     119.3076
   21955     119.0936
   21956     123.0823
   21957     124.3344
   21958     128.1832
   21959     128.7938
   21960     128.1269
   21961     125.7367
   21962     124.7049
   21963     123.5057
   21964     123.4739
   21965     118.6993
   21966     118.5313
   21967     120.4929
   21968     122.2947
   21969     125.1752
   21970     122.9441
   21971     119.1837
   21972     119.6978
   21973     121.9500
   21974     120.5965
   21975     125.9156
   21976     123.5178
   21977     122.3052
   21978     126.5880
   21979     122.6484
   21980     115.0389
   21981     123.2574
   21982     121.7401
   21983     125.6104
   21984     125.7064
   21985     123.7152
   21986     124.0319
   21987     120.3225
   21988     121.0387
   21989     125.6952
   21990     128.5063
   21991     128.6569
   21992     125.3121
   21993     127.9045
   21994     131.0019
   21995     127.9203
   21996     126.5129
   21997     126.4905
   21998     129.6743
   21999     128.4969
   22000     122.7499
   22001     126.8816
   22002     130.9060
   22003     126.0969
   22004     128.9355
   22005     127.4881
   22006     128.4383
   22007     126.5615
   22008     121.0216
   22009     120.5717
   22010     125.4279
   22011     124.0589
   22012     121.9468
   22013     123.7458
   22014     122.2381
   22015     123.3914
   22016     124.1500
   22017     121.6718
   22018     124.7336
   22019     125.2696
   22020     128.1264
   22021     128.4544
   22022     129.4658
   22023     128.0608
   22024     121.8154
   22025     122.7524
   22026     126.0858
   22027     131.6375
   22028     130.8849
   22029     127.9205
   22030     127.9073
   22031     127.0919
   22032     130.1845
   22033     126.5948
   22034     127.9234
   22035     128.3031
   22036     127.0388
   22037     126.6154
   22038     128.4514
   22039     124.5055
   22040     126.4137
   22041     127.0657
   22042     126.0739
   22043     122.2792
   22044     127.1611
   22045     126.1897
   22046     125.5049
   22047     125.4918
   22048     126.8828
   22049     125.6237
   22050     126.2493
   22051     126.4236
   22052     124.1528
   22053     126.7619
   22054     125.2322
   22055     123.3235
   22056     126.2216
   22057     124.4954
   22058     122.6496
   22059     125.8989
   22060     123.7540
   22061     123.6223
   22062     126.8547
   22063     128.4125
   22064     124.8680
   22065     123.7548
   22066     124.6104
   22067     126.0684
   22068     127.3034
   22069     128.4595
   22070     132.3328
   22071     130.8451
   22072     127.1391
   22073     126.0520
   22074     128.4878
   22075     125.4854
   22076     128.0499
   22077     126.3013
   22078     127.9837
   22079     127.2630
   22080     127.6161
   22081     132.0242
   22082     130.8420
   22083     134.8050
   22084     132.5895
   22085     131.0424
   22086     129.7777
   22087     128.6413
   22088     123.2846
   22089     125.5790
   22090     128.4872
   22091     126.3066
   22092     124.8740
   22093     124.0463
   22094     125.7468
   22095     129.0277
   22096     126.5005
   22097     123.5509
   22098     119.3489
   22099     120.1238
   22100     118.0708
   22101     124.5369
   22102     126.1046
   22103     125.4411
   22104     125.1214
   22105     125.6256
   22106     121.5971
   22107     123.1808
   22108     120.9824
   22109     126.2086
   22110     126.9241
   22111     129.2998
   22112     126.5072
   22113     128.2388
   22114     129.2818
   22115     127.6987
   22116     125.4471
   22117     128.1618
   22118     124.4718
   22119     126.4411
   22120     126.4646
   22121     124.3652
   22122     126.1576
   22123     120.8390
   22124     122.0835
   22125     121.1374
   22126     124.8269
   22127     129.0585
   22128     123.4513
   22129     119.8937
   22130     121.4202
   22131     122.1914
   22132     118.3121
   22133     119.5171
   22134     117.8485
   22135     122.6621
   22136     125.4331
   22137     123.0690
   22138     121.9774
   22139     129.5414
   22140     127.6272
   22141     128.8964
   22142     131.7566
   22143     131.5667
   22144     130.2239
   22145     125.6754
   22146     126.0005
   22147     123.6314
   22148     124.4171
   22149     118.6801
   22150     123.1457
   22151     126.9257
   22152     127.0789
   22153     125.6507
   22154     130.9077
   22155     132.3801
   22156     133.8704
   22157     133.4964
   22158     131.0145
   22159     126.3074
   22160     125.5879
   22161     123.2056
   22162     123.7511
   22163     124.6363
   22164     125.6996
   22165     124.0793
   22166     122.8492
   22167     124.3709
   22168     124.4225
   22169     129.2213
   22170     126.8818
   22171     121.9901
   22172     123.2444
   22173     125.5391
   22174     124.3972
   22175     121.9936
   22176     120.6681
   22177     121.9758
   22178     122.3541
   22179     123.6925
   22180     120.8420
   22181     123.7603
   22182     125.8579
   22183     128.2930
   22184     128.4511
   22185     122.5334
   22186     118.2764
   22187     127.1034
   22188     126.4573
   22189     125.3947
   22190     128.2312
   22191     128.1898
   22192     128.6318
   22193     130.7065
   22194     129.9646
   22195     124.2891
   22196     130.8285
   22197     131.2720
   22198     127.7166
   22199     129.8536
   22200     128.0189
   22201     129.7388
   22202     133.3082
   22203     128.1071
   22204     129.3571
   22205     128.3267
   22206     130.3959
   22207     128.9814
   22208     130.9559
   22209     129.6093
   22210     127.1753
   22211     125.5931
   22212     133.3051
   22213     129.6658
   22214     127.7659
   22215     131.5796
   22216     128.2195
   22217     125.4311
   22218     128.2277
   22219     124.9838
   22220     128.1661
   22221     123.8853
   22222     126.3627
   22223     126.2328
   22224     125.0649
   22225     120.4670
   22226     118.6483
   22227     122.2309
   22228     121.7728
   22229     122.8118
   22230     119.6875
   22231     121.5542
   22232     125.2362
   22233     123.0272
   22234     125.5968
   22235     125.1775
   22236     129.6416
   22237     123.9780
   22238     128.4402
   22239     130.7886
   22240     129.7904
   22241     132.0491
   22242     127.5917
   22243     131.2712
   22244     124.8232
   22245     129.7762
   22246     124.8363
   22247     125.9389
   22248     128.0283
   22249     125.2683
   22250     117.9279
   22251     126.1214
   22252     123.5738
   22253     122.1212
   22254     123.1510
   22255     119.6038
   22256     125.1317
   22257     123.6429
   22258     122.6733
   22259     121.9341
   22260     124.1875
   22261     121.7777
   22262     121.2118
   22263     121.6916
   22264     121.3341
   22265     119.3196
   22266     120.6906
   22267     122.6249
   22268     120.1167
   22269     120.3878
   22270     124.7280
   22271     123.0435
   22272     123.1385
   22273     121.6117
   22274     119.9798
   22275     120.1348
   22276     118.1037
   22277     125.6533
   22278     123.7107
   22279     126.8807
   22280     129.9531
   22281     130.5914
   22282     135.8148
   22283     132.3046
   22284     133.2599
   22285     131.8621
   22286     132.7749
   22287     132.9201
   22288     124.8644
   22289     126.5312
   22290     128.6441
   22291     124.0305
   22292     127.8300
   22293     130.5140
   22294     130.9678
   22295     128.3906
   22296     128.8172
   22297     130.9831
   22298     128.7775
   22299     131.6664
   22300     129.0702
   22301     129.1297
   22302     127.9759
   22303     126.6002
   22304     125.7033
   22305     125.1452
   22306     127.2727
   22307     125.8384
   22308     123.5196
   22309     126.1528
   22310     125.8551
   22311     126.6655
   22312     124.9257
   22313     127.1405
   22314     123.4149
   22315     120.8126
   22316     124.9869
   22317     126.0412
   22318     120.4690
   22319     120.2426
   22320     124.4756
   22321     125.4340
   22322     122.8998
   22323     123.5130
   22324     124.4786
   22325     124.5488
   22326     125.3256
   22327     126.3719
   22328     133.4661
   22329     132.6589
   22330     131.1119
   22331     129.9792
   22332     127.1953
   22333     128.8164
   22334     130.0857
   22335     121.3643
   22336     127.4831
   22337     127.1955
   22338     131.6553
   22339     134.4661
   22340     134.1976
   22341     133.0496
   22342     131.4153
   22343     134.4794
   22344     131.3983
   22345     132.2869
   22346     130.1059
   22347     134.9521
   22348     130.9293
   22349     129.4501
   22350     128.6787
   22351     131.8497
   22352     135.0389
   22353     135.1339
   22354     130.6900
   22355     134.6727
   22356     138.1019
   22357     132.5560
   22358     134.9268
   22359     131.5687
   22360     131.7046
   22361     134.3555
   22362     135.3574
   22363     133.0824
   22364     132.9445
   22365     129.5377
   22366     129.5505
   22367     130.1859
   22368     133.3639
   22369     133.3343
   22370     134.2824
   22371     130.8972
   22372     126.6568
   22373     128.1074
   22374     129.1663
   22375     129.8169
   22376     127.9717
   22377     130.4530
   22378     124.7340
   22379     134.9523
   22380     129.1756
   22381     126.6163
   22382     132.3208
   22383     132.7940
   22384     133.2837
   22385     134.5322
   22386     130.5128
   22387     130.7783
   22388     125.6345
   22389     126.6755
   22390     129.1065
   22391     126.2556
   22392     131.5953
   22393     128.0950
   22394     131.1342
   22395     128.3138
   22396     133.8642
   22397     132.4617
   22398     130.5310
   22399     127.8434
   22400     130.1811
   22401     132.1414
   22402     134.0364
   22403     137.3706
   22404     131.9850
   22405     135.4019
   22406     133.5200
   22407     128.7150
   22408     130.7182
   22409     132.5469
   22410     128.9357
   22411     129.3938
   22412     132.5580
   22413     133.2446
   22414     134.0000
   22415     132.2546
   22416     128.5665
   22417     124.5951
   22418     127.1054
   22419     124.7861
   22420     127.8976
   22421     127.9699
   22422     126.5986
   22423     127.6318
   22424     125.5288
   22425     128.9096
   22426     129.7462
   22427     129.9598
   22428     126.1350
   22429     129.2915
   22430     129.9598
   22431     125.6338
   22432     124.1048
   22433     125.3491
   22434     123.2222
   22435     123.1163
   22436     122.3380
   22437     127.2143
   22438     124.1090
   22439     122.8231
   22440     127.7014
   22441     125.1371
   22442     122.5668
   22443     126.7021
   22444     124.6392
   22445     125.2969
   22446     126.7942
   22447     124.6343
   22448     124.8083
   22449     122.7982
   22450     128.2401
   22451     122.9080
   22452     122.7017
   22453     122.9201
   22454     124.7389
   22455     122.4198
   22456     124.4710
   22457     128.9043
   22458     130.1935
   22459     130.9499
   22460     127.1234
   22461     128.0431
   22462     130.3525
   22463     124.8379
   22464     124.5942
   22465     124.9787
   22466     123.5039
   22467     122.3381
   22468     120.8782
   22469     119.0599
   22470     119.1064
   22471     123.1219
   22472     123.0215
   22473     125.7013
   22474     128.4559
   22475     126.6419
   22476     125.0150
   22477     124.6682
   22478     127.6932
   22479     128.8231
   22480     126.6155
   22481     124.5627
   22482     123.5882
   22483     123.7378
   22484     125.3513
   22485     123.9883
   22486     124.6594
   22487     123.8935
   22488     120.9963
   22489     119.1888
   22490     120.3960
   22491     124.2652
   22492     122.6848
   22493     123.5218
   22494     121.9511
   22495     121.8513
   22496     123.4762
   22497     119.2137
   22498     117.5780
   22499     121.0809
   22500     125.4467
   22501     122.5211
   22502     126.0475
   22503     124.2568
   22504     128.1584
   22505     130.5731
   22506     129.4179
   22507     125.5591
   22508     124.0676
   22509     121.7098
   22510     120.5396
   22511     121.5877
   22512     119.8621
   22513     122.2762
   22514     122.9607
   22515     121.1943
   22516     124.2622
   22517     122.0723
   22518     121.6124
   22519     127.1544
   22520     125.8013
   22521     124.9537
   22522     123.5517
   22523     126.3101
   22524     121.2437
   22525     125.4027
   22526     127.7719
   22527     129.7037
   22528     125.2792
   22529     126.4457
   22530     126.7602
   22531     127.3551
   22532     124.1303
   22533     125.0198
   22534     119.8307
   22535     126.9083
   22536     124.5774
   22537     119.7053
   22538     118.6882
   22539     119.6166
   22540     120.4352
   22541     119.0806
   22542     122.4281
   22543     127.5622
   22544     121.9672
   22545     124.3494
   22546     125.6577
   22547     124.4390
   22548     123.5511
   22549     123.8780
   22550     126.6543
   22551     128.9123
   22552     124.8822
   22553     122.1357
   22554     121.9525
   22555     120.1538
   22556     123.6741
   22557     121.4413
   22558     126.2368
   22559     123.8571
   22560     124.8754
   22561     131.5714
   22562     126.7485
   22563     127.5219
   22564     127.3583
   22565     129.8591
   22566     125.0028
   22567     127.9954
   22568     125.4395
   22569     123.7628
   22570     123.5117
   22571     123.1039
   22572     123.3036
   22573     119.2727
   22574     120.8038
   22575     122.2127
   22576     120.3290
   22577     126.2338
   22578     120.1897
   22579     124.9987
   22580     124.7776
   22581     128.2999
   22582     123.6849
   22583     123.3652
   22584     124.0555
   22585     128.7882
   22586     127.9094
   22587     128.4909
   22588     123.9871
   22589     126.1635
   22590     128.6881
   22591     126.6894
   22592     123.8623
   22593     123.0433
   22594     127.2680
   22595     124.6692
   22596     125.4517
   22597     125.5909
   22598     127.0909
   22599     127.6199
   22600     129.9730
   22601     129.8797
   22602     126.0852
   22603     124.4196
   22604     127.0309
   22605     130.1739
   22606     132.8321
   22607     130.8175
   22608     128.2471
   22609     128.5423
   22610     128.7804
   22611     130.1602
   22612     129.1724
   22613     127.0840
   22614     130.3139
   22615     127.2718
   22616     127.7334
   22617     128.9723
   22618     124.8729
   22619     128.0466
   22620     129.0533
   22621     126.1020
   22622     131.1405
   22623     128.7103
   22624     130.8796
   22625     129.9717
   22626     127.6498
   22627     125.9866
   22628     123.9538
   22629     125.3157
   22630     129.7562
   22631     126.5963
   22632     128.0382
   22633     128.8814
   22634     124.4876
   22635     124.4486
   22636     127.1196
   22637     126.6929
   22638     128.5289
   22639     126.8759
   22640     130.1509
   22641     127.1643
   22642     128.2486
   22643     125.1845
   22644     126.0097
   22645     126.1413
   22646     124.8224
   22647     129.5061
   22648     127.7432
   22649     127.1801
   22650     128.3759
   22651     128.6630
   22652     128.8820
   22653     125.7678
   22654     124.0834
   22655     128.0352
   22656     126.0042
   22657     126.7208
   22658     129.9083
   22659     132.1271
   22660     129.9310
   22661     125.4114
   22662     127.2055
   22663     129.4045
   22664     128.0272
   22665     132.3793
   22666     135.4506
   22667     134.1810
   22668     130.7011
   22669     129.7141
   22670     127.6971
   22671     128.9669
   22672     128.9956
   22673     130.2886
   22674     131.1028
   22675     128.3663
   22676     128.6756
   22677     125.6620
   22678     128.2671
   22679     128.0784
   22680     126.8473
   22681     126.1033
   22682     122.6666
   22683     127.5871
   22684     124.6570
   22685     127.7286
   22686     129.6504
   22687     127.0760
   22688     128.0745
   22689     126.4076
   22690     131.6570
   22691     128.6914
   22692     127.2581
   22693     127.9024
   22694     128.3177
   22695     128.7658
   22696     128.8963
   22697     127.8311
   22698     131.0080
   22699     128.7201
   22700     128.2607
   22701     132.9801
   22702     127.9628
   22703     131.4863
   22704     125.7588
   22705     126.8981
   22706     129.2338
   22707     132.2050
   22708     127.0696
   22709     127.5037
   22710     128.7835
   22711     133.0932
   22712     133.0908
   22713     133.3648
   22714     132.2771
   22715     129.7310
   22716     128.1245
   22717     129.3181
   22718     132.3240
   22719     126.5221
   22720     130.4947
   22721     130.8542
   22722     128.3015
   22723     129.0719
   22724     128.3615
   22725     129.5282
   22726     126.3652
   22727     125.6644
   22728     129.3540
   22729     125.3587
   22730     130.2253
   22731     129.2756
   22732     131.5578
   22733     129.0825
   22734     127.9964
   22735     127.9061
   22736     131.6771
   22737     129.7880
   22738     128.5084
   22739     129.2436
   22740     126.6235
   22741     123.4797
   22742     128.0731
   22743     126.4089
   22744     131.0661
   22745     128.1560
   22746     130.9182
   22747     125.7554
   22748     129.9868
   22749     124.4814
   22750     126.5170
   22751     131.4533
   22752     127.9703
   22753     120.7161
   22754     126.4916
   22755     127.8309
   22756     129.8882
   22757     133.4850
   22758     132.9789
   22759     132.5233
   22760     132.9349
   22761     132.9140
   22762     131.6163
   22763     128.0821
   22764     128.9046
   22765     134.3102
   22766     130.5348
   22767     129.8019
   22768     132.2581
   22769     132.0287
   22770     130.1258
   22771     127.1761
   22772     126.9663
   22773     128.6881
   22774     130.9654
   22775     131.7629
   22776     131.2173
   22777     129.8241
   22778     131.3725
   22779     129.6314
   22780     131.6689
   22781     136.9781
   22782     133.4518
   22783     128.2291
   22784     131.7936
   22785     128.1026
   22786     127.5388
   22787     129.0234
   22788     124.9108
   22789     127.8377
   22790     127.5877
   22791     124.6474
   22792     125.4626
   22793     129.9712
   22794     127.7093
   22795     125.5185
   22796     126.9497
   22797     127.7437
   22798     126.0135
   22799     124.3141
   22800     127.8951
   22801     128.3434
   22802     127.0299
   22803     129.4346
   22804     126.1194
   22805     131.5781
   22806     132.3794
   22807     132.6520
   22808     128.8498
   22809     130.9898
   22810     128.8326
   22811     125.0789
   22812     125.3826
   22813     126.6309
   22814     123.2217
   22815     124.4892
   22816     128.7202
   22817     124.6833
   22818     127.3530
   22819     131.1999
   22820     128.1042
   22821     128.9333
   22822     130.1381
   22823     132.1690
   22824     133.8924
   22825     134.0356
   22826     132.6578
   22827     134.8729
   22828     130.5049
   22829     132.1659
   22830     129.4907
   22831     131.1971
   22832     128.7128
   22833     126.5232
   22834     127.0033
   22835     125.0589
   22836     126.4089
   22837     129.9032
   22838     126.7939
   22839     129.9415
   22840     127.7904
   22841     121.0565
   22842     123.0915
   22843     126.8473
   22844     127.6087
   22845     128.8947
   22846     125.4033
   22847     127.9555
   22848     131.8176
   22849     128.7854
   22850     130.9801
   22851     129.2416
   22852     126.9648
   22853     133.4108
   22854     131.1190
   22855     129.4136
   22856     131.1126
   22857     126.8167
   22858     125.4053
   22859     123.6708
   22860     124.2509
   22861     123.0864
   22862     126.5822
   22863     124.8736
   22864     130.1410
   22865     135.9831
   22866     130.8922
   22867     130.9660
   22868     129.9812
   22869     136.9678
   22870     131.6367
   22871     133.6439
   22872     130.0862
   22873     128.4262
   22874     128.9153
   22875     127.8687
   22876     130.7439
   22877     130.0127
   22878     134.4391
   22879     126.6383
   22880     126.1136
   22881     122.6231
   22882     120.3017
   22883     124.1964
   22884     132.2443
   22885     129.1325
   22886     123.2513
   22887     125.2372
   22888     127.0882
   22889     127.0228
   22890     126.0666
   22891     124.2718
   22892     124.7781
   22893     130.9207
   22894     124.3023
   22895     127.6091
   22896     121.6512
   22897     120.1895
   22898     125.6128
   22899     127.0233
   22900     124.7321
   22901     123.6390
   22902     120.8633
   22903     125.0921
   22904     125.7351
   22905     119.5171
   22906     125.8846
   22907     124.2240
   22908     120.7906
   22909     123.9516
   22910     127.1683
   22911     125.5054
   22912     121.0313
   22913     122.6039
   22914     123.5027
   22915     123.9048
   22916     116.9920
   22917     119.5162
   22918     119.6398
   22919     124.9100
   22920     124.6979
   22921     126.9741
   22922     126.3694
   22923     127.8430
   22924     124.6474
   22925     121.0880
   22926     122.7790
   22927     123.2493
   22928     123.4655
   22929     124.0610
   22930     123.1646
   22931     120.7288
   22932     126.4536
   22933     130.7667
   22934     125.2794
   22935     123.0583
   22936     124.6046
   22937     119.6226
   22938     121.9385
   22939     119.5074
   22940     119.1962
   22941     119.2973
   22942     119.1721
   22943     114.2371
   22944     118.2667
   22945     122.3223
   22946     120.2990
   22947     120.0542
   22948     121.9964
   22949     120.3593
   22950     125.3602
   22951     123.4284
   22952     120.2190
   22953     121.1082
   22954     120.6475
   22955     122.6100
   22956     122.2381
   22957     118.6720
   22958     118.1539
   22959     116.5028
   22960     121.8130
   22961     118.6221
   22962     120.5368
   22963     125.7390
   22964     124.3758
   22965     124.4696
   22966     121.4621
   22967     127.4272
   22968     124.5411
   22969     122.3894
   22970     125.4431
   22971     126.1518
   22972     124.9159
   22973     126.9944
   22974     129.9425
   22975     124.4589
   22976     129.6284
   22977     125.4528
   22978     127.1450
   22979     121.3928
   22980     120.0364
   22981     115.5897
   22982     122.9032
   22983     120.6418
   22984     115.8550
   22985     125.2648
   22986     126.4500
   22987     125.2824
   22988     125.8937
   22989     127.0847
   22990     128.7492
   22991     129.2900
   22992     125.2325
   22993     126.2937
   22994     126.6640
   22995     123.9911
   22996     124.7422
   22997     125.5381
   22998     121.6223
   22999     118.4080
   23000     121.8234
   23001     122.9803
   23002     121.4164
   23003     123.2435
   23004     130.7129
   23005     127.0579
   23006     130.4138
   23007     129.9394
   23008     129.6250
   23009     133.5185
   23010     124.7298
   23011     122.3748
   23012     125.1210
   23013     125.5327
   23014     124.8941
   23015     127.6469
   23016     130.4389
   23017     126.8523
   23018     120.7139
   23019     123.7213
   23020     124.0941
   23021     127.1240
   23022     122.5575
   23023     125.9747
   23024     123.9006
   23025     126.0321
   23026     129.1938
   23027     127.4508
   23028     125.6632
   23029     123.6927
   23030     124.8899
   23031     120.9460
   23032     122.9019
   23033     129.5963
   23034     124.8601
   23035     125.4216
   23036     126.3272
   23037     123.7794
   23038     125.2173
   23039     125.4554
   23040     121.8369
   23041     120.3091
   23042     126.0124
   23043     122.6811
   23044     122.9732
   23045     121.3540
   23046     119.8603
   23047     121.4051
   23048     116.6342
   23049     121.7202
   23050     119.9047
   23051     121.3588
   23052     121.4521
   23053     123.3074
   23054     123.3883
   23055     124.1482
   23056     121.6418
   23057     122.0509
   23058     124.7916
   23059     126.4013
   23060     124.8374
   23061     122.2786
   23062     122.9555
   23063     117.7168
   23064     120.1149
   23065     115.5597
   23066     120.4262
   23067     120.8320
   23068     117.7832
   23069     118.4161
   23070     124.1144
   23071     121.5875
   23072     117.5129
   23073     111.0325
   23074     114.2990
   23075     114.8548
   23076     121.3024
   23077     117.6443
   23078     118.6189
   23079     119.1533
   23080     112.2726
   23081     116.4215
   23082     114.6893
   23083     114.0595
   23084     109.8840
   23085     113.3932
   23086     112.7486
   23087     116.3687
   23088     121.7856
   23089     122.7771
   23090     119.6800
   23091     119.6715
   23092     119.9310
   23093     124.4156
   23094     123.6583
   23095     123.7425
   23096     121.5933
   23097     124.7358
   23098     119.8708
   23099     124.0966
   23100     123.0397
   23101     118.8685
   23102     121.4216
   23103     124.1740
   23104     121.3463
   23105     120.5762
   23106     119.7230
   23107     121.3673
   23108     121.7141
   23109     121.4179
   23110     121.8083
   23111     126.7945
   23112     118.2157
   23113     120.2829
   23114     120.4468
   23115     124.3693
   23116     123.8880
   23117     120.7569
   23118     121.2312
   23119     120.5588
   23120     124.1625
   23121     125.5485
   23122     125.0298
   23123     122.7731
   23124     129.1172
   23125     125.4164
   23126     125.1970
   23127     127.3369
   23128     126.9311
   23129     127.6884
   23130     128.8430
   23131     121.3057
   23132     122.5409
   23133     123.9198
   23134     122.6775
   23135     121.6941
   23136     121.3830
   23137     119.5612
   23138     122.8121
   23139     120.4817
   23140     121.1935
   23141     122.8510
   23142     120.9225
   23143     119.8552
   23144     121.7026
   23145     124.0512
   23146     124.7625
   23147     121.6608
   23148     122.8150
   23149     124.9435
   23150     122.6415
   23151     119.7371
   23152     122.9142
   23153     124.5010
   23154     123.4628
   23155     125.4897
   23156     125.9357
   23157     123.1669
   23158     126.1629
   23159     128.4197
   23160     128.9349
   23161     129.1594
   23162     126.8303
   23163     130.2728
   23164     128.1016
   23165     130.1572
   23166     129.9578
   23167     129.9069
   23168     128.6565
   23169     130.9205
   23170     124.9678
   23171     124.6561
   23172     121.1852
   23173     120.9063
   23174     118.0453
   23175     118.7427
   23176     115.5273
   23177     115.3048
   23178     115.7490
   23179     117.0783
   23180     118.4891
   23181     118.6505
   23182     117.9213
   23183     115.7950
   23184     119.7710
   23185     119.0387
   23186     113.5088
   23187     116.3287
   23188     120.3226
   23189     115.7400
   23190     116.2333
   23191     118.3435
   23192     118.3270
   23193     120.9625
   23194     122.4277
   23195     124.5993
   23196     120.4702
   23197     121.0430
   23198     123.9734
   23199     118.5743
   23200     120.1839
   23201     123.5987
   23202     118.9201
   23203     117.4765
   23204     121.7586
   23205     121.9457
   23206     122.6236
   23207     121.8188
   23208     116.6873
   23209     116.2063
   23210     119.6284
   23211     119.1002
   23212     111.6693
   23213     109.2439
   23214     111.9684
   23215     115.2633
   23216     114.9138
   23217     115.9458
   23218     113.9477
   23219     117.8942
   23220     118.6215
   23221     121.9772
   23222     124.3912
   23223     125.6217
   23224     120.5745
   23225     129.5778
   23226     127.9449
   23227     128.9094
   23228     128.8339
   23229     125.3044
   23230     125.7161
   23231     123.9772
   23232     123.5685
   23233     126.2626
   23234     129.0760
   23235     122.9332
   23236     125.9540
   23237     123.8472
   23238     122.8190
   23239     122.7943
   23240     120.8364
   23241     120.8421
   23242     129.6351
   23243     128.4534
   23244     127.4615
   23245     127.0368
   23246     126.2416
   23247     125.0559
   23248     128.3492
   23249     131.4268
   23250     133.6258
   23251     132.1531
   23252     128.5618
   23253     123.8268
   23254     121.1317
   23255     123.9993
   23256     123.2991
   23257     124.8885
   23258     123.7686
   23259     126.8523
   23260     125.3693
   23261     126.0492
   23262     126.7003
   23263     125.3463
   23264     127.9854
   23265     122.9678
   23266     120.5354
   23267     118.5466
   23268     123.1276
   23269     123.0702
   23270     123.8339
   23271     124.3381
   23272     121.3282
   23273     124.0009
   23274     125.1337
   23275     118.6666
   23276     118.1781
   23277     117.8202
   23278     122.4104
   23279     124.0764
   23280     120.7615
   23281     124.9877
   23282     119.7484
   23283     121.6181
   23284     120.5486
   23285     116.3214
   23286     125.0195
   23287     120.8758
   23288     120.4931
   23289     120.9685
   23290     121.1518
   23291     123.2545
   23292     123.1568
   23293     126.4644
   23294     124.3598
   23295     125.3915
   23296     118.5031
   23297     119.6024
   23298     121.2665
   23299     127.1129
   23300     123.2452
   23301     123.8409
   23302     124.5756
   23303     122.1877
   23304     121.8148
   23305     128.6088
   23306     125.8353
   23307     126.1568
   23308     123.8358
   23309     121.7593
   23310     123.8772
   23311     119.5129
   23312     119.4059
   23313     121.8453
   23314     122.4165
   23315     122.1983
   23316     123.2640
   23317     123.3858
   23318     124.3399
   23319     122.5702
   23320     120.0618
   23321     121.7360
   23322     118.5909
   23323     116.8109
   23324     117.9549
   23325     116.5318
   23326     116.5185
   23327     117.2176
   23328     117.4064
   23329     123.7436
   23330     121.7118
   23331     118.6138
   23332     116.6406
   23333     119.1965
   23334     117.2573
   23335     117.9316
   23336     121.3255
   23337     117.5327
   23338     115.7437
   23339     115.1474
   23340     114.9851
   23341     118.9085
   23342     121.8489
   23343     118.9158
   23344     121.0452
   23345     120.9127
   23346     121.7425
   23347     120.7309
   23348     120.0611
   23349     121.7357
   23350     117.8132
   23351     117.9576
   23352     112.8873
   23353     111.7740
   23354     114.5985
   23355     115.8716
   23356     118.4347
   23357     112.7794
   23358     113.6306
   23359     117.3879
   23360     114.6829
   23361     113.6961
   23362     113.8566
   23363     115.7687
   23364     117.8466
   23365     117.3457
   23366     119.0390
   23367     115.3675
   23368     119.5461
   23369     121.3008
   23370     122.8277
   23371     126.1991
   23372     125.9779
   23373     128.3866
   23374     126.7532
   23375     129.9814
   23376     127.0027
   23377     130.2261
   23378     127.1909
   23379     123.6247
   23380     121.7139
   23381     123.9622
   23382     122.4062
   23383     124.9386
   23384     121.8623
   23385     122.3198
   23386     118.6969
   23387     120.2739
   23388     120.5810
   23389     127.9949
   23390     124.0328
   23391     122.3787
   23392     119.9152
   23393     124.2170
   23394     127.2048
   23395     126.6968
   23396     121.0463
   23397     126.9523
   23398     122.3617
   23399     119.4921
   23400     123.7532
   23401     119.7557
   23402     119.9582
   23403     120.3366
   23404     119.7722
   23405     115.2038
   23406     118.8803
   23407     119.5576
   23408     117.6147
   23409     120.2556
   23410     117.5309
   23411     116.4431
   23412     115.2809
   23413     116.0714
   23414     119.8597
   23415     116.7808
   23416     117.1641
   23417     120.9860
   23418     120.5824
   23419     116.5849
   23420     120.4056
   23421     117.8001
   23422     117.8149
   23423     115.3571
   23424     117.4032
   23425     121.6071
   23426     120.2026
   23427     117.2860
   23428     119.7951
   23429     121.1145
   23430     124.7243
   23431     118.4564
   23432     118.5568
   23433     123.4796
   23434     121.4907
   23435     123.3596
   23436     122.7822
   23437     122.5863
   23438     120.2713
   23439     120.3193
   23440     123.9500
   23441     123.0548
   23442     119.2361
   23443     117.1493
   23444     119.7837
   23445     119.2348
   23446     120.9008
   23447     120.5040
   23448     127.9756
   23449     121.9001
   23450     121.6350
   23451     117.2726
   23452     117.1307
   23453     117.3195
   23454     115.6383
   23455     120.3390
   23456     119.9324
   23457     117.5509
   23458     121.8468
   23459     126.9112
   23460     130.1649
   23461     124.0072
   23462     125.7608
   23463     120.2461
   23464     121.8876
   23465     121.0777
   23466     125.8322
   23467     124.3885
   23468     123.8252
   23469     118.1778
   23470     120.1767
   23471     122.8604
   23472     121.5997
   23473     122.7599
   23474     119.5923
   23475     124.2877
   23476     123.7290
   23477     125.3400
   23478     124.3436
   23479     125.7724
   23480     124.9091
   23481     123.8824
   23482     124.7470
   23483     128.3124
   23484     130.6849
   23485     131.9928
   23486     131.7128
   23487     129.9594
   23488     133.4396
   23489     129.3090
   23490     126.5825
   23491     129.6498
   23492     128.1700
   23493     124.6925
   23494     126.8282
   23495     126.2717
   23496     127.9505
   23497     130.8953
   23498     124.4675
   23499     127.2027
   23500     122.7824
   23501     126.2122
   23502     130.5108
   23503     128.8651
   23504     128.0489
   23505     129.2829
   23506     126.8051
   23507     128.5697
   23508     131.3157
   23509     126.8365
   23510     127.4053
   23511     127.5252
   23512     129.6294
   23513     128.7501
   23514     126.9621
   23515     129.0285
   23516     130.0055
   23517     129.1958
   23518     128.3064
   23519     127.3707
   23520     128.6576
   23521     124.4004
   23522     123.2433
   23523     125.3246
   23524     123.2149
   23525     124.9563
   23526     125.8530
   23527     123.8081
   23528     122.9303
   23529     122.1373
   23530     127.5270
   23531     122.4106
   23532     127.6284
   23533     123.7410
   23534     122.2389
   23535     120.4111
   23536     124.2820
   23537     128.3474
   23538     124.7523
   23539     121.0545
   23540     123.7596
   23541     123.4686
   23542     124.5952
   23543     125.5120
   23544     120.0256
   23545     120.7179
   23546     125.2742
   23547     125.6474
   23548     126.3574
   23549     125.9197
   23550     126.1655
   23551     125.3151
   23552     120.5356
   23553     124.4868
   23554     122.8391
   23555     123.7867
   23556     126.2105
   23557     124.5593
   23558     120.5947
   23559     121.6624
   23560     124.3869
   23561     126.8436
   23562     122.7834
   23563     126.0493
   23564     124.9660
   23565     121.7812
   23566     121.6688
   23567     120.0051
   23568     122.6369
   23569     119.4308
   23570     122.2484
   23571     125.0235
   23572     122.4638
   23573     124.1651
   23574     121.7161
   23575     125.2339
   23576     124.6191
   23577     129.0855
   23578     125.6682
   23579     125.0245
   23580     127.1032
   23581     124.6254
   23582     123.0386
   23583     126.1592
   23584     126.7286
   23585     130.2392
   23586     125.0865
   23587     127.3230
   23588     125.5361
   23589     127.3225
   23590     126.8185
   23591     129.6526
   23592     127.1511
   23593     124.0507
   23594     124.3709
   23595     125.7985
   23596     126.9118
   23597     125.2529
   23598     121.1771
   23599     121.0431
   23600     119.5013
   23601     118.2726
   23602     122.7318
   23603     123.9025
   23604     121.5476
   23605     120.2295
   23606     125.0378
   23607     122.9512
   23608     120.9896
   23609     120.7125
   23610     119.9165
   23611     119.6361
   23612     125.6108
   23613     124.4229
   23614     128.1870
   23615     123.0225
   23616     123.6200
   23617     128.4042
   23618     129.2510
   23619     124.1784
   23620     122.9916
   23621     124.8567
   23622     124.0482
   23623     125.8871
   23624     127.3965
   23625     122.6534
   23626     126.7192
   23627     128.9512
   23628     128.0998
   23629     125.3714
   23630     118.9190
   23631     120.6612
   23632     120.7317
   23633     120.9631
   23634     118.1295
   23635     118.8297
   23636     122.3333
   23637     117.0724
   23638     118.3933
   23639     124.6921
   23640     125.7495
   23641     125.8875
   23642     126.0421
   23643     125.5353
   23644     129.2041
   23645     128.0566
   23646     130.4574
   23647     124.5006
   23648     130.3718
   23649     129.2460
   23650     126.4452
   23651     129.7666
   23652     126.1276
   23653     123.2360
   23654     129.1201
   23655     125.4674
   23656     127.0158
   23657     122.2865
   23658     125.6649
   23659     126.7823
   23660     131.3552
   23661     126.8736
   23662     124.2161
   23663     125.0838
   23664     121.9514
   23665     127.8012
   23666     124.7538
   23667     125.9849
   23668     127.6498
   23669     125.4075
   23670     129.3987
   23671     125.0326
   23672     126.6663
   23673     123.8687
   23674     124.0941
   23675     127.1658
   23676     122.5465
   23677     125.6176
   23678     123.7657
   23679     123.7617
   23680     128.7731
   23681     126.5311
   23682     115.1844
   23683     122.7613
   23684     122.1594
   23685     120.5863
   23686     119.9997
   23687     120.1732
   23688     122.4103
   23689     122.5345
   23690     121.1211
   23691     121.1725
   23692     123.5435
   23693     124.2076
   23694     124.8462
   23695     124.2811
   23696     125.4221
   23697     121.3007
   23698     122.4907
   23699     125.7284
   23700     121.9048
   23701     124.3699
   23702     124.2607
   23703     122.7274
   23704     120.7341
   23705     116.1290
   23706     118.3165
   23707     124.0718
   23708     124.2428
   23709     121.9740
   23710     121.2033
   23711     122.1542
   23712     122.2559
   23713     122.8769
   23714     121.4892
   23715     124.3108
   23716     125.8734
   23717     126.5236
   23718     122.9094
   23719     122.1144
   23720     127.1782
   23721     126.6111
   23722     121.8647
   23723     120.9629
   23724     121.7861
   23725     122.4946
   23726     120.2041
   23727     122.3278
   23728     117.3160
   23729     116.7600
   23730     121.9191
   23731     122.7161
   23732     122.9972
   23733     123.1305
   23734     125.5664
   23735     128.0557
   23736     128.4422
   23737     122.3184
   23738     122.7601
   23739     124.8111
   23740     121.3780
   23741     124.2672
   23742     123.3590
   23743     120.6203
   23744     122.1437
   23745     122.6948
   23746     122.3532
   23747     123.2827
   23748     122.7334
   23749     122.0694
   23750     123.5093
   23751     120.1994
   23752     123.0754
   23753     119.7972
   23754     119.2376
   23755     121.9980
   23756     125.5265
   23757     127.4965
   23758     124.8633
   23759     119.2905
   23760     124.4289
   23761     128.3037
   23762     123.7692
   23763     121.5723
   23764     124.3100
   23765     118.1232
   23766     120.4119
   23767     117.5725
   23768     114.7031
   23769     112.9582
   23770     115.2195
   23771     118.5761
   23772     119.4182
   23773     119.9466
   23774     122.1796
   23775     126.0986
   23776     125.1523
   23777     124.2861
   23778     127.1559
   23779     129.1416
   23780     127.3896
   23781     124.2138
   23782     122.2690
   23783     120.5370
   23784     125.8296
   23785     124.8423
   23786     125.4111
   23787     122.6037
   23788     120.1921
   23789     124.1313
   23790     126.5704
   23791     126.3722
   23792     123.2314
   23793     129.5810
   23794     124.6309
   23795     125.2839
   23796     125.9845
   23797     125.4551
   23798     122.8248
   23799     121.0228
   23800     125.0439
   23801     122.1918
   23802     125.2046
   23803     123.4414
   23804     117.8515
   23805     122.8961
   23806     120.4820
   23807     119.3003
   23808     117.9503
   23809     119.4684
   23810     117.9203
   23811     125.6625
   23812     117.2810
   23813     121.3629
   23814     118.7476
   23815     128.8753
   23816     125.1614
   23817     122.3181
   23818     119.0947
   23819     122.3865
   23820     121.1981
   23821     124.4896
   23822     120.5805
   23823     123.4520
   23824     128.1554
   23825     121.4061
   23826     122.5382
   23827     127.0029
   23828     122.0079
   23829     119.3653
   23830     119.2672
   23831     121.9114
   23832     124.6838
   23833     128.8094
   23834     128.0257
   23835     122.3112
   23836     117.3019
   23837     117.0937
   23838     110.4761
   23839     116.1905
   23840     114.4773
   23841     115.1659
   23842     113.1605
   23843     106.6220
   23844     108.6500
   23845     111.6012
   23846     117.2750
   23847     112.2234
   23848     119.6646
   23849     119.8325
   23850     116.7382
   23851     115.1912
   23852     117.9752
   23853     115.4134
   23854     119.2849
   23855     117.4558
   23856     115.6152
   23857     113.9703
   23858     112.3886
   23859     111.5208
   23860     114.9553
   23861     113.7600
   23862     113.7305
   23863     115.4692
   23864     119.5460
   23865     118.3630
   23866     117.2281
   23867     112.3290
   23868     115.9309
   23869     117.2012
   23870     120.0789
   23871     122.5701
   23872     118.7907
   23873     115.4538
   23874     115.7883
   23875     118.0869
   23876     115.7956
   23877     113.8777
   23878     114.8712
   23879     115.1017
   23880     116.3798
   23881     118.5279
   23882     118.3499
   23883     122.1039
   23884     119.7424
   23885     123.6447
   23886     121.3434
   23887     117.0101
   23888     118.4641
   23889     115.0886
   23890     114.4737
   23891     116.2924
   23892     118.7807
   23893     117.1318
   23894     123.1830
   23895     124.5713
   23896     122.1375
   23897     117.6630
   23898     117.4087
   23899     115.8889
   23900     115.2596
   23901     114.4092
   23902     119.5188
   23903     118.6311
   23904     120.4670
   23905     119.2445
   23906     118.4856
   23907     121.8354
   23908     120.6408
   23909     122.7187
   23910     124.0503
   23911     124.4146
   23912     119.0136
   23913     121.2751
   23914     119.3622
   23915     120.5039
   23916     123.9050
   23917     123.6892
   23918     122.8431
   23919     124.7539
   23920     122.5156
   23921     127.3847
   23922     126.1388
   23923     127.2741
   23924     124.6692
   23925     121.5352
   23926     124.0104
   23927     128.5644
   23928     125.7156
   23929     127.6106
   23930     126.3483
   23931     122.2775
   23932     119.8592
   23933     125.1312
   23934     128.0738
   23935     129.4552
   23936     129.0118
   23937     126.4687
   23938     126.0801
   23939     126.2413
   23940     126.3217
   23941     126.4552
   23942     125.9694
   23943     127.0027
   23944     123.6271
   23945     121.6293
   23946     122.3280
   23947     121.7735
   23948     118.7374
   23949     115.5094
   23950     111.9493
   23951     112.6685
   23952     112.3398
   23953     111.9554
   23954     112.3119
   23955     115.7082
   23956     117.5145
   23957     114.5333
   23958     113.2873
   23959     113.3392
   23960     111.6650
   23961     113.4658
   23962     110.0581
   23963     110.6206
   23964     107.3813
   23965     108.6237
   23966     109.9280
   23967     107.2522
   23968     106.9530
   23969     113.4993
   23970     111.9882
   23971     111.0680
   23972     116.7848
   23973     118.2009
   23974     116.4841
   23975     124.4872
   23976     120.8856
   23977     119.6428
   23978     122.3892
   23979     116.3382
   23980     113.9538
   23981     110.6473
   23982     111.3504
   23983     113.4115
   23984     113.6902
   23985     112.4864
   23986     112.9991
   23987     116.3671
   23988     116.7428
   23989     120.7056
   23990     121.4846
   23991     119.0385
   23992     122.4690
   23993     119.3515
   23994     122.0887
   23995     124.5842
   23996     121.6339
   23997     118.5918
   23998     114.0019
   23999     119.2358
   24000     118.8669
   24001     118.4095
   24002     115.7842
   24003     117.9164
   24004     118.0933
   24005     120.5777
   24006     120.9826
   24007     118.6828
   24008     121.4927
   24009     121.3550
   24010     122.6081
   24011     119.5500
   24012     124.5834
   24013     118.2938
   24014     115.9594
   24015     114.2548
   24016     121.8803
   24017     119.7300
   24018     118.0469
   24019     111.6643
   24020     113.6615
   24021     115.4850
   24022     115.6797
   24023     120.0456
   24024     117.5679
   24025     116.1082
   24026     117.5227
   24027     116.6534
   24028     117.6848
   24029     116.5011
   24030     117.5577
   24031     120.4092
   24032     120.1823
   24033     121.7535
   24034     119.7871
   24035     114.2056
   24036     114.6561
   24037     121.8899
   24038     117.3020
   24039     119.9555
   24040     124.6952
   24041     118.7368
   24042     121.0277
   24043     119.8940
   24044     120.3539
   24045     113.5874
   24046     115.7456
   24047     119.3655
   24048     119.9714
   24049     119.0507
   24050     118.5301
   24051     122.1452
   24052     121.9055
   24053     121.5024
   24054     117.7535
   24055     117.6906
   24056     119.2859
   24057     120.6676
   24058     122.5079
   24059     117.5777
   24060     123.2996
   24061     126.9655
   24062     130.2829
   24063     126.9412
   24064     126.1269
   24065     125.2964
   24066     124.0130
   24067     126.5467
   24068     125.9929
   24069     122.9020
   24070     123.6984
   24071     127.3676
   24072     126.5348
   24073     119.5073
   24074     121.9264
   24075     119.1752
   24076     115.8546
   24077     115.7523
   24078     120.6598
   24079     122.5415
   24080     122.7952
   24081     120.3631
   24082     121.5915
   24083     121.9433
   24084     125.2363
   24085     124.0154
   24086     118.9283
   24087     119.5336
   24088     119.8521
   24089     125.3795
   24090     126.8815
   24091     122.6400
   24092     119.3126
   24093     120.8023
   24094     121.0672
   24095     121.4605
   24096     122.5631
   24097     121.4607
   24098     125.6295
   24099     121.1682
   24100     122.7864
   24101     121.8285
   24102     123.0570
   24103     120.2432
   24104     119.7914
   24105     120.8055
   24106     121.7557
   24107     119.0675
   24108     118.0415
   24109     118.9825
   24110     119.4293
   24111     121.3904
   24112     119.2286
   24113     118.5125
   24114     118.1681
   24115     116.5337
   24116     119.5743
   24117     112.5764
   24118     115.9093
   24119     117.0448
   24120     113.6898
   24121     112.9324
   24122     111.8920
   24123     111.0417
   24124     114.4820
   24125     114.3044
   24126     115.7542
   24127     118.7061
   24128     116.1355
   24129     118.2748
   24130     113.7048
   24131     116.1808
   24132     120.1352
   24133     117.8820
   24134     121.1558
   24135     124.9017
   24136     121.5422
   24137     123.7830
   24138     126.6019
   24139     122.1987
   24140     120.5449
   24141     118.6369
   24142     118.7627
   24143     119.1101
   24144     114.3136
   24145     116.4636
   24146     120.2370
   24147     115.9268
   24148     120.1037
   24149     114.8120
   24150     117.7506
   24151     120.0416
   24152     123.1499
   24153     125.0513
   24154     122.6679
   24155     124.8883
   24156     116.5079
   24157     119.4425
   24158     117.2147
   24159     115.6469
   24160     114.0175
   24161     118.1589
   24162     118.8810
   24163     118.8034
   24164     122.0882
   24165     119.5919
   24166     114.7749
   24167     119.7494
   24168     120.8435
   24169     117.2623
   24170     116.7637
   24171     116.7577
   24172     120.1039
   24173     118.1637
   24174     118.7832
   24175     119.6082
   24176     114.6640
   24177     114.5549
   24178     113.1838
   24179     115.5576
   24180     116.0350
   24181     116.3093
   24182     112.5964
   24183     116.0573
   24184     116.2085
   24185     114.0089
   24186     113.1441
   24187     112.4427
   24188     114.7420
   24189     111.0937
   24190     111.5836
   24191     111.6252
   24192     106.4555
   24193     114.4805
   24194     113.1804
   24195     118.4601
   24196     118.3027
   24197     113.4893
   24198     114.1917
   24199     123.1794
   24200     121.3288
   24201     115.7748
   24202     113.0085
   24203     121.5901
   24204     119.9489
   24205     115.7322
   24206     119.4244
   24207     120.3839
   24208     119.1764
   24209     122.4758
   24210     117.7628
   24211     117.6142
   24212     121.0438
   24213     114.6516
   24214     114.8473
   24215     119.1662
   24216     116.2583
   24217     115.2090
   24218     116.8812
   24219     120.1455
   24220     120.7909
   24221     120.7846
   24222     122.1357
   24223     120.5581
   24224     122.1055
   24225     119.9997
   24226     119.6378
   24227     119.8694
   24228     114.7499
   24229     121.0429
   24230     113.7869
   24231     116.3398
   24232     118.9691
   24233     122.4218
   24234     122.9066
   24235     123.6983
   24236     123.9356
   24237     120.2063
   24238     121.6016
   24239     120.8932
   24240     120.2947
   24241     121.1596
   24242     121.4972
   24243     123.5076
   24244     123.2083
   24245     120.3848
   24246     121.9728
   24247     121.6280
   24248     121.9931
   24249     123.1481
   24250     125.3153
   24251     121.6430
   24252     125.7805
   24253     124.8640
   24254     124.8570
   24255     126.7029
   24256     130.7299
   24257     126.2208
   24258     129.0328
   24259     125.9424
   24260     127.0129
   24261     124.6144
   24262     125.2090
   24263     121.6138
   24264     123.3443
   24265     119.5246
   24266     120.6320
   24267     120.1029
   24268     116.6601
   24269     115.2338
   24270     118.5383
   24271     126.0655
   24272     126.0415
   24273     126.0586
   24274     130.8795
   24275     130.6595
   24276     127.4848
   24277     132.7003
   24278     127.2310
   24279     124.8468
   24280     121.5871
   24281     123.4398
   24282     126.0289
   24283     128.0593
   24284     126.5356
   24285     120.6723
   24286     124.0857
   24287     122.0696
   24288     116.7337
   24289     115.6964
   24290     122.0621
   24291     117.4738
   24292     119.8100
   24293     123.5308
   24294     120.7006
   24295     122.6774
   24296     123.6009
   24297     122.6275
   24298     116.2681
   24299     118.3950
   24300     119.7669
   24301     114.0941
   24302     118.2405
   24303     120.2813
   24304     121.8533
   24305     121.2922
   24306     120.4135
   24307     118.2272
   24308     118.7770
   24309     120.7240
   24310     118.7041
   24311     120.6419
   24312     120.1477
   24313     122.1403
   24314     126.8141
   24315     124.8786
   24316     126.3950
   24317     122.6371
   24318     120.5838
   24319     120.7471
   24320     121.7329
   24321     115.8009
   24322     119.6952
   24323     119.4863
   24324     120.4258
   24325     121.3676
   24326     118.5340
   24327     119.9037
   24328     118.6962
   24329     120.0521
   24330     119.8484
   24331     119.7797
   24332     117.7387
   24333     119.3326
   24334     119.5472
   24335     119.8122
   24336     117.6053
   24337     121.4175
   24338     121.9633
   24339     117.5598
   24340     119.2493
   24341     120.6208
   24342     118.8210
   24343     124.3822
   24344     126.3335
   24345     125.0282
   24346     124.6143
   24347     121.2384
   24348     116.0513
   24349     118.8674
   24350     117.5103
   24351     113.5414
   24352     117.6869
   24353     121.1505
   24354     120.5584
   24355     121.6643
   24356     120.6013
   24357     119.2437
   24358     121.4657
   24359     122.8478
   24360     126.0424
   24361     125.2074
   24362     126.1685
   24363     123.6007
   24364     124.2851
   24365     120.4852
   24366     120.4342
   24367     120.8462
   24368     121.3731
   24369     119.6819
   24370     120.7012
   24371     120.9304
   24372     121.2623
   24373     121.2456
   24374     124.1972
   24375     122.2696
   24376     122.9414
   24377     120.8951
   24378     118.3270
   24379     118.7400
   24380     114.5699
   24381     123.8255
   24382     126.2591
   24383     120.2557
   24384     119.6746
   24385     116.0800
   24386     118.0479
   24387     120.5875
   24388     121.4109
   24389     115.0093
   24390     117.7896
   24391     119.5562
   24392     118.8114
   24393     117.5558
   24394     115.6518
   24395     113.8524
   24396     115.2344
   24397     119.9952
   24398     118.7317
   24399     122.6874
   24400     118.1063
   24401     119.6921
   24402     115.0540
   24403     115.5611
   24404     116.5736
   24405     117.2576
   24406     122.0328
   24407     113.9494
   24408     115.6988
   24409     122.3852
   24410     122.5964
   24411     122.5389
   24412     121.3345
   24413     123.6883
   24414     122.2770
   24415     119.2949
   24416     120.3164
   24417     124.9550
   24418     123.3705
   24419     123.8060
   24420     122.2152
   24421     121.4937
   24422     120.4509
   24423     122.5450
   24424     125.0649
   24425     123.7481
   24426     123.2029
   24427     123.3372
   24428     122.1170
   24429     116.7066
   24430     115.1503
   24431     122.9289
   24432     120.6205
   24433     122.7454
   24434     124.0801
   24435     122.8262
   24436     125.5423
   24437     122.2929
   24438     125.7975
   24439     127.0163
   24440     122.9353
   24441     123.3923
   24442     122.7817
   24443     125.7895
   24444     122.7566
   24445     124.3909
   24446     121.1525
   24447     119.1125
   24448     121.3492
   24449     121.9548
   24450     123.0008
   24451     118.8795
   24452     119.0591
   24453     122.9932
   24454     117.7893
   24455     121.8116
   24456     122.1728
   24457     122.6819
   24458     124.1422
   24459     126.6449
   24460     123.1751
   24461     126.1332
   24462     126.3479
   24463     124.2412
   24464     125.2052
   24465     122.7904
   24466     124.6265
   24467     123.1441
   24468     125.9327
   24469     123.6565
   24470     122.4189
   24471     122.1204
   24472     120.7708
   24473     122.3206
   24474     121.7543
   24475     119.8032
   24476     126.0215
   24477     123.4308
   24478     126.1360
   24479     123.4828
   24480     124.4955
   24481     122.8806
   24482     120.6216
   24483     123.2096
   24484     124.0744
   24485     119.1212
   24486     120.0915
   24487     122.6003
   24488     124.0509
   24489     122.5656
   24490     120.6538
   24491     124.7475
   24492     122.8332
   24493     123.6849
   24494     125.5260
   24495     126.4444
   24496     120.9569
   24497     122.6963
   24498     119.9004
   24499     119.8140
   24500     121.4347
   24501     123.3404
   24502     119.5471
   24503     122.2775
   24504     121.4561
   24505     123.1020
   24506     122.8520
   24507     124.5004
   24508     121.8509
   24509     119.3635
   24510     123.9455
   24511     124.4055
   24512     122.7254
   24513     123.5726
   24514     121.8387
   24515     122.4593
   24516     122.8073
   24517     121.2074
   24518     120.1454
   24519     118.8596
   24520     121.5638
   24521     121.3341
   24522     121.7584
   24523     125.7848
   24524     127.9681
   24525     125.6270
   24526     125.1455
   24527     122.9169
   24528     124.2623
   24529     125.0556
   24530     124.8334
   24531     123.7432
   24532     125.3175
   24533     127.8677
   24534     128.8284
   24535     124.8401
   24536     124.1385
   24537     126.5627
   24538     125.3707
   24539     126.5953
   24540     123.7941
   24541     123.1790
   24542     123.7180
   24543     125.6993
   24544     121.5635
   24545     121.1867
   24546     125.4663
   24547     123.5611
   24548     122.3167
   24549     122.4149
   24550     118.6977
   24551     125.0018
   24552     127.7142
   24553     124.4961
   24554     122.2368
   24555     121.6488
   24556     124.8409
   24557     121.2803
   24558     121.0202
   24559     122.8937
   24560     120.5974
   24561     118.1660
   24562     120.0958
   24563     117.7923
   24564     119.8131
   24565     121.1005
   24566     117.0982
   24567     121.5040
   24568     119.5598
   24569     120.9679
   24570     122.0481
   24571     121.8738
   24572     127.7680
   24573     127.3248
   24574     122.5196
   24575     119.6834
   24576     119.1369
   24577     119.9277
   24578     122.0537
   24579     121.9002
   24580     125.2594
   24581     123.4118
   24582     122.4192
   24583     124.9127
   24584     119.9321
   24585     122.6509
   24586     123.6474
   24587     121.9755
   24588     124.7453
   24589     122.8521
   24590     122.8348
   24591     120.7045
   24592     116.1102
   24593     122.6811
   24594     119.5012
   24595     115.8570
   24596     122.8474
   24597     122.7978
   24598     121.4235
   24599     125.0735
   24600     126.4987
   24601     122.4989
   24602     125.4362
   24603     126.0109
   24604     128.4040
   24605     119.3961
   24606     122.7524
   24607     121.9232
   24608     119.9962
   24609     118.7922
   24610     116.8853
   24611     118.0260
   24612     120.0557
   24613     122.6733
   24614     118.9127
   24615     119.8082
   24616     123.1175
   24617     119.2020
   24618     117.8876
   24619     117.2481
   24620     119.0063
   24621     121.7295
   24622     125.1125
   24623     125.2001
   24624     124.7852
   24625     120.7590
   24626     125.5285
   24627     124.7332
   24628     123.4238
   24629     123.3996
   24630     127.7650
   24631     125.1941
   24632     122.3387
   24633     118.6223
   24634     120.9350
   24635     123.1137
   24636     122.3087
   24637     121.9441
   24638     121.0278
   24639     121.7458
   24640     119.9845
   24641     120.0595
   24642     121.0882
   24643     121.9178
   24644     120.7313
   24645     121.9648
   24646     122.6337
   24647     120.7582
   24648     119.2766
   24649     122.0920
   24650     126.7054
   24651     124.3647
   24652     125.6517
   24653     119.0581
   24654     120.6495
   24655     127.2225
   24656     126.5301
   24657     120.5268
   24658     123.2091
   24659     125.3508
   24660     124.5874
   24661     127.0216
   24662     122.9401
   24663     125.7111
   24664     126.9302
   24665     123.7669
   24666     124.8047
   24667     125.3510
   24668     120.5402
   24669     116.5821
   24670     117.9276
   24671     122.3936
   24672     121.1694
   24673     124.5935
   24674     122.4560
   24675     119.0951
   24676     115.8317
   24677     122.2865
   24678     114.8166
   24679     120.7329
   24680     120.2700
   24681     122.0417
   24682     121.3949
   24683     125.0470
   24684     123.7103
   24685     123.2686
   24686     123.9081
   24687     124.3617
   24688     124.3636
   24689     121.9971
   24690     123.5459
   24691     121.4490
   24692     126.2880
   24693     128.2467
   24694     127.2471
   24695     126.4200
   24696     124.0121
   24697     124.6677
   24698     121.5016
   24699     119.6964
   24700     114.0847
   24701     119.8092
   24702     112.3924
   24703     117.2872
   24704     119.2730
   24705     118.3395
   24706     116.6522
   24707     121.4455
   24708     120.1108
   24709     122.2745
   24710     118.6444
   24711     120.8171
   24712     119.2482
   24713     118.7966
   24714     118.9681
   24715     119.5439
   24716     114.0710
   24717     113.2957
   24718     117.5354
   24719     120.6344
   24720     116.6469
   24721     118.8280
   24722     118.0635
   24723     119.6579
   24724     123.0360
   24725     121.2359
   24726     114.7474
   24727     117.1123
   24728     117.0652
   24729     119.6211
   24730     118.0545
   24731     119.4366
   24732     120.2905
   24733     119.7379
   24734     121.8556
   24735     120.3270
   24736     119.4568
   24737     125.3631
   24738     121.9398
   24739     124.7397
   24740     123.2077
   24741     124.9216
   24742     121.0486
   24743     122.3959
   24744     119.6658
   24745     121.2487
   24746     121.5440
   24747     122.1854
   24748     119.0842
   24749     117.6665
   24750     123.3928
   24751     124.2402
   24752     120.2279
   24753     124.1773
   24754     125.2876
   24755     126.2615
   24756     120.4674
   24757     127.6040
   24758     127.6286
   24759     129.2549
   24760     125.0999
   24761     129.8212
   24762     128.5836
   24763     123.5811
   24764     123.2068
   24765     122.3437
   24766     122.4946
   24767     123.6898
   24768     120.3807
   24769     118.6310
   24770     119.6781
   24771     119.6321
   24772     116.5894
   24773     116.3779
   24774     118.2734
   24775     116.0749
   24776     114.6229
   24777     113.5127
   24778     113.9768
   24779     121.6159
   24780     121.5949
   24781     117.3573
   24782     119.0901
   24783     124.5151
   24784     122.2367
   24785     120.4903
   24786     124.7278
   24787     119.7506
   24788     123.1699
   24789     126.0764
   24790     124.5911
   24791     125.6323
   24792     122.4097
   24793     124.3715
   24794     122.8566
   24795     122.8459
   24796     122.4686
   24797     115.5409
   24798     118.4609
   24799     115.6153
   24800     115.8848
   24801     119.8815
   24802     123.0437
   24803     123.2412
   24804     121.4279
   24805     123.2562
   24806     116.5810
   24807     116.9724
   24808     115.8174
   24809     115.4464
   24810     115.6390
   24811     118.5654
   24812     117.5426
   24813     117.7673
   24814     122.5797
   24815     125.0980
   24816     119.7183
   24817     123.8957
   24818     125.6177
   24819     127.8496
   24820     128.1876
   24821     124.9450
   24822     122.4756
   24823     118.5304
   24824     120.7162
   24825     120.2089
   24826     122.5308
   24827     117.3120
   24828     116.3918
   24829     121.6394
   24830     121.7322
   24831     119.3448
   24832     118.4377
   24833     118.7768
   24834     118.8005
   24835     121.4403
   24836     117.2646
   24837     119.1231
   24838     115.0105
   24839     111.2951
   24840     117.6443
   24841     116.6288
   24842     118.4035
   24843     120.0360
   24844     114.8311
   24845     118.9252
   24846     121.8668
   24847     123.9000
   24848     119.9289
   24849     117.7170
   24850     120.7501
   24851     119.8516
   24852     120.1048
   24853     119.5788
   24854     122.7105
   24855     123.4307
   24856     116.2175
   24857     118.3972
   24858     120.5065
   24859     124.8827
   24860     122.9634
   24861     122.0433
   24862     122.7788
   24863     119.6107
   24864     123.9130
   24865     122.3223
   24866     126.1922
   24867     123.6805
   24868     124.6060
   24869     122.1603
   24870     126.2119
   24871     126.5715
   24872     122.1981
   24873     124.4620
   24874     122.1102
   24875     120.8819
   24876     122.5715
   24877     121.0363
   24878     129.9027
   24879     121.0264
   24880     125.0101
   24881     125.3539
   24882     123.1137
   24883     121.2430
   24884     122.5172
   24885     123.8492
   24886     118.6827
   24887     115.8368
   24888     116.8296
   24889     120.8716
   24890     122.8066
   24891     118.2785
   24892     119.4405
   24893     119.7920
   24894     111.9721
   24895     118.4875
   24896     123.3897
   24897     123.6083
   24898     125.0557
   24899     120.1039
   24900     120.1986
   24901     120.0353
   24902     119.2737
   24903     116.8106
   24904     112.3768
   24905     114.7084
   24906     121.6028
   24907     118.7220
   24908     123.4704
   24909     122.1885
   24910     122.5278
   24911     123.5244
   24912     119.7127
   24913     123.8092
   24914     122.8891
   24915     124.7340
   24916     119.1812
   24917     122.8540
   24918     118.2340
   24919     125.1202
   24920     121.1162
   24921     124.3059
   24922     129.2830
   24923     131.4540
   24924     132.1165
   24925     127.3365
   24926     128.6579
   24927     127.7580
   24928     123.5955
   24929     126.6220
   24930     127.6319
   24931     130.4225
   24932     129.9527
   24933     123.6272
   24934     121.5182
   24935     124.1840
   24936     124.5716
   24937     124.2875
   24938     123.2459
   24939     123.6205
   24940     125.5747
   24941     132.1198
   24942     129.5806
   24943     124.8119
   24944     126.9984
   24945     124.1505
   24946     123.7340
   24947     126.8630
   24948     128.3416
   24949     131.8496
   24950     127.1358
   24951     125.6706
   24952     124.7370
   24953     120.8852
   24954     119.4064
   24955     121.8245
   24956     122.0667
   24957     123.3611
   24958     118.8732
   24959     118.5710
   24960     120.9185
   24961     119.7378
   24962     119.7168
   24963     118.3360
   24964     113.9836
   24965     122.0927
   24966     118.1328
   24967     122.7408
   24968     125.9836
   24969     123.5584
   24970     123.7373
   24971     125.4009
   24972     121.1230
   24973     121.8183
   24974     117.5855
   24975     121.1530
   24976     119.5476
   24977     117.6434
   24978     121.5079
   24979     114.6063
   24980     113.5530
   24981     121.3422
   24982     122.1726
   24983     117.7100
   24984     118.2632
   24985     120.8311
   24986     124.8804
   24987     122.6240
   24988     118.7972
   24989     118.1232
   24990     120.5365
   24991     118.4428
   24992     117.7416
   24993     117.8031
   24994     124.7363
   24995     120.3510
   24996     121.9835
   24997     120.9529
   24998     117.3392
   24999     115.8890
   25000     116.1629
