  # Gaussian Accelerated Molecular Dynamics log file
  # All energy terms stored in units of kcal/mol
  # ntwx,total_nstep,Unboosted-Potential-Energy, Unboosted-Dihedral-Energy,Total-Force-Weight,Dihedral-Force-Weight,Boost-Energy-Potential,Boost-Energy-Dihedral
      100000    100000  -288625.763979368610     5480.941399674863        0.959562304711        0.812114588486        6.088446608946        8.573464615107
      100000    200000  -288711.725269282935     5522.247576959431        0.947212425475        0.897152927707       10.375215505647        2.568940855856
      100000    300000  -288608.927817410091     5484.645345434546        0.961731637744        0.819740019273        5.452723352331        7.891669332838
      100000    400000  -288717.484942945186     5460.710209473036        0.947812331164        0.770463994596       10.140736706322       12.795930655105
      100000    500000  -288816.068686956773     5472.291350441985        0.934235309584        0.794306457371       16.103462683685       10.275703280290
      100000    600000  -288607.023066335591     5475.119533156045        0.962230554163        0.800128926958        5.311472493555        9.702197862552
      100000    700000  -288567.906245430233     5520.489379135892        0.966550263919        0.893533270001        4.165998432635        2.752948391669
      100000    800000  -288691.793718420435     5489.712443570606        0.950484656434        0.830171815157        9.128791852073        7.004703787229
      100000    900000  -288627.665747663705     5525.633296599612        0.958455410844        0.904123216274        6.426324448017        2.232529224710
      100000   1000000  -288613.716878621606     5471.227548974566        0.961438213002        0.792116375499        5.536662029267       10.495685278931
      100000   1100000  -288661.093127464876     5489.249416857027        0.954617958078        0.829218567354        7.668347346019        7.083559463129
      100000   1200000  -288468.376151412958     5484.060224597342        0.980620211377        0.818535412420        1.398401183533        7.997495623960
      100000   1300000  -288587.336683480535     5484.762606637552        0.964628225239        0.819981428636        4.658514084997        7.870545984620
      100000   1400000  -288576.049023238476     5505.883683318272        0.965695097404        0.863464060087        4.381734834912        4.527559931471
      100000   1500000  -288663.413799099158     5493.389071082696        0.954213751008        0.837741005000        7.805555976717        6.394223356317
      100000   1600000  -288616.229366663611     5500.192922103219        0.960408188044        0.851748309213        5.836392186404        5.337889133128
      100000   1700000  -288546.037904755212     5515.203913671896        0.969566342348        0.882651914363        3.448593561461        3.344431130856
      100000   1800000  -288606.749435304198     5498.679640116170        0.961711669938        0.848632867518        5.458415120764        5.564593017245
      100000   1900000  -288694.317033710191     5514.179180013947        0.949670569844        0.880542262632        9.431434166192        3.465762579472
      100000   2000000  -288554.475653211353     5512.064364928752        0.968484093162        0.876188425641        3.698224975254        3.722997384574
      100000   2100000  -288797.716796725523     5516.908366795629        0.935742500441        0.886160926149       15.373804532206        3.147407292778
      100000   2200000  -288597.150177808013     5491.335050948896        0.963157480528        0.833512328507        5.053966450178        6.731849492265
      100000   2300000  -288635.636621121084     5519.098433179781        0.957475060377        0.890669685379        6.733193918676        2.903029404946
      100000   2400000  -288699.660339767113     5478.117171724327        0.949711290943        0.806300260696        9.416178559488        9.112306339332
      100000   2500000  -288604.344791854499     5480.340485885739        0.962453849912        0.810877468181        5.248854509492        8.686739250986
      100000   2600000  -288635.028399538249     5510.113410106860        0.957699812137        0.872171932979        6.662209777294        3.968466170438
      100000   2700000  -288677.075194333913     5488.531223926693        0.952488305020        0.827740000756        8.404942747573        7.206744428726
      100000   2800000  -288722.813788969303     5492.974207079038        0.946246125354        0.836886911298       10.758538034590        6.461715938978
      100000   2900000  -288652.160040047253     5449.549544662237        0.956945896269        0.747487179443        6.901807098217       15.485923339602
      100000   3000000  -288740.063092038734     5502.560710335150        0.943732475826        0.856622950056       11.788249618689        4.992631582930
      100000   3100000  -288650.092317013303     5504.479283565655        0.955778014912        0.860572777707        7.281321020789        4.721341229837
      100000   3200000  -288701.858859593514     5508.872544556856        0.948746815392        0.869617323657        9.780823500494        4.128668578479
      100000   3300000  -288623.894547089469     5499.300432903692        0.959396726579        0.849910913349        6.138408781166        5.471022093949
      100000   3400000  -288599.241269415244     5483.910581441596        0.963050283009        0.818227337302        5.083419421917        8.024673608168
      100000   3500000  -288664.942850817461     5489.040316233411        0.954105789040        0.828788085258        7.842409692611        7.119314974234
      100000   3600000  -288650.952307558618     5511.799293099903        0.955532880323        0.875642713847        7.362269478124        3.755888671434
      100000   3700000  -288640.122610044898     5508.432900705375        0.957044959801        0.868712214895        6.870082791220        4.186189483224
      100000   3800000  -288714.244450876256     5509.845653635450        0.947066675537        0.871620694227       10.432587895160        4.002766761483
      100000   3900000  -288650.899089790182     5482.308566962369        0.956152731877        0.814929219207        7.158446628934        8.318517862209
      100000   4000000  -288481.279024742078     5491.577448140830        0.978712142022        0.834011359305        1.687320719554        6.691553830036
      100000   4100000  -288719.926365379011     5473.259243352339        0.947119436781        0.796299089249       10.411800914502       10.077578285807
      100000   4200000  -288653.224736042554     5452.486533630639        0.956704521596        0.753533651923        6.979411373942       14.753175182731
      100000   4300000  -288518.853963409085     5486.517409230582        0.973782617992        0.823594096474        2.559247898991        7.557818688242
      100000   4400000  -288807.896494069370     5505.266991727054        0.934572189337        0.862194457520       15.938905202010        4.612151974128
      100000   4500000  -288716.610005993163     5490.562627783045        0.947132844562        0.831922116400       10.406521793550        6.861062584890
      100000   4600000  -288729.640207080171     5484.882964531891        0.945515702254        0.820229213257       11.052904722707        7.848894239846
      100000   4700000  -288798.841508175014     5464.209879293106        0.936780963348        0.777668876017       14.880908917853       12.005237777406
      100000   4800000  -288720.738548113033     5490.043395866640        0.946590188807        0.830853157161       10.621254043254        6.948611505374
      100000   4900000  -288655.753673733445     5470.259150743484        0.955820351371        0.790122703301        7.267385970812       10.697964747484
      100000   5000000  -288561.994266990107     5479.743936917745        0.968156204891        0.809649333872        3.775577183941        8.799926423294
      100000   5100000  -288710.298275857698     5482.884281625040        0.948161888474        0.816114461270       10.005344681886        8.212311080692
      100000   5200000  -288614.800427147420     5517.833195989951        0.960291902454        0.888064901388        5.870726810849        3.043006019769
      100000   5300000  -288661.201355221216     5501.601759131998        0.954341229034        0.854648726754        7.762152041914        5.131069769384
      100000   5400000  -288634.341791387647     5450.723246381618        0.959299059155        0.749903516454        6.167975048714       15.190966637401
      100000   5500000  -288554.445114110829     5466.302389305085        0.969538527919        0.781976792845        3.454900032591       11.544514854045
      100000   5600000  -288742.067869597115     5474.579685936682        0.944110225640        0.799017526340       11.630501019980        9.810397698831
      100000   5700000  -288509.293910878710     5484.300224292092        0.975119618378        0.819029507415        2.304877168591        7.954003469657
      100000   5800000  -288685.436450457666     5475.856905469671        0.951680883679        0.801646978762        8.693039988928        9.555378151682
      100000   5900000  -288629.629149375949     5481.561225207523        0.959027674323        0.813390642998        6.250502647018        8.457403905420
      100000   6000000  -288668.320919741411     5489.017618565820        0.953652677802        0.828741356849        7.998029566055        7.123201615676
      100000   6100000  -288596.657352188602     5497.319805353880        0.963094809375        0.845833332500        5.071175224432        5.772330758380
      100000   6200000  -288620.680393833900     5477.565014082007        0.960331732226        0.805163516219        5.858955285730        9.219572961780
      100000   6300000  -288645.833235137863     5472.463990153745        0.957091075346        0.794661876229        6.855339583107       10.240223086084
      100000   6400000  -288657.363122105366     5492.570236775093        0.955044217195        0.836055244801        7.524971160703        6.527776767282
      100000   6500000  -288614.060881844256     5495.717019801959        0.960791266173        0.842533626973        5.723996331602        6.022071225809
      100000   6600000  -288612.237681602594     5483.647490023635        0.961311456063        0.817685702643        5.573121117643        8.072567685459
      100000   6700000  -288648.933911120752     5504.567251033150        0.955931928618        0.860753879127        7.230724249722        4.709084135709
      100000   6800000  -288691.885099393083     5477.229068175890        0.950778620157        0.804471893711        9.020721600758        9.285143654744
      100000   6900000  -288602.593006671406     5483.761022385210        0.962603839666        0.817919435322        5.207001915316        8.051882380843
      100000   7000000  -288712.970361137530     5499.308441181667        0.947434777399        0.849927400245       10.287994583657        5.469820204838
      100000   7100000  -288697.590315741021     5491.223384756595        0.949672101901        0.833282437770        9.430859978449        6.750453372118
      100000   7200000  -288710.716806682292     5490.222754587419        0.947931916024        0.831222408656       10.094316192978        6.918306658257
      100000   7300000  -288540.161030350486     5495.504040185362        0.970719618472        0.842095159071        3.192178541685        6.055655045926
      100000   7400000  -288607.259141277522     5502.210154338740        0.961573181805        0.855901249291        5.497972490073        5.043019765801
      100000   7500000  -288699.240004537161     5514.876000389457        0.948998364258        0.881976828873        9.685051211936        3.383021811555
      100000   7600000  -288770.072817193810     5502.923554608598        0.939695570399        0.857369949087       13.540420109380        4.940743563575
      100000   7700000  -288726.982248406159     5471.245018651709        0.946227577341        0.792152340878       10.765963878240       10.492053933280
      100000   7800000  -288665.701594826998     5511.097457556054        0.953564020698        0.874197822720        8.028657455811        3.843674072967
      100000   7900000  -288613.864999649115     5498.441845431924        0.960760978450        0.848143312049        5.732843022537        5.600645523563
      100000   8000000  -288655.051938101416     5478.028280245140        0.955703964691        0.806117256984        7.305726748574        9.129532729413
      100000   8100000  -288727.616531760432     5509.845371425152        0.945270974178        0.871620113231       11.152420772950        4.002802991527
      100000   8200000  -288733.248834387865     5504.711317930371        0.944606778951        0.861050474224       11.424756441314        4.689044743893
      100000   8300000  -288729.015882109292     5472.036951005459        0.945932468074        0.793782717170       10.884457849605       10.328098221237
      100000   8400000  -288729.994464906864     5475.034557741135        0.945719287450        0.799953985372       10.970458813378        9.719189422779
      100000   8500000  -288607.109999137465     5505.673345964402        0.961527852509        0.863031031896        5.510951249309        4.556324080782
      100000   8600000  -288651.127590802265     5489.769323857501        0.955944321149        0.830288916410        7.226658068996        6.995047241729
      100000   8700000  -288611.801595838508     5473.516276115552        0.961632243444        0.796828250763        5.481084819496       10.025288483771
      100000   8800000  -288581.767930118833     5506.387286786921        0.964917919889        0.864500844544        4.582520147617        4.459061022660
      100000   8900000  -288678.713190646609     5502.268701163121        0.951976648138        0.856021781498        8.586944366643        5.034586769939
      100000   9000000  -288624.136492240475     5516.013814767823        0.959065989190        0.884319283475        6.238817921006        3.250065989729
      100000   9100000  -288595.380547180073     5504.208853965625        0.963130207081        0.860016035700        5.061451828866        4.759121757555
      100000   9200000  -288706.413264344214     5489.337538003922        0.948530000441        0.829399985158        9.863749632667        7.068518000788
      100000   9300000  -288596.768472080585     5509.861705793999        0.962841979928        0.871653741315        5.140896271605        4.000706261751
      100000   9400000  -288531.419107092777     5534.767216152512        0.971274085079        0.922927506587        3.072426136547        1.442676832652
      100000   9500000  -288616.054704619106     5490.266476855613        0.960642882983        0.831312421079        5.767402578045        6.910929286916
      100000   9600000  -288630.377714956412     5492.559234383516        0.958668268178        0.836032593828        6.360641476253        6.529580676283
      100000   9700000  -288696.566136632813     5513.728800315410        0.949375795844        0.879615051641        9.542235463309        3.519772717719
      100000   9800000  -288682.151853818679     5501.574268727563        0.951528371077        0.854592131385        8.748003349232        5.135066312585
      100000   9900000  -288605.925964823691     5474.151983664371        0.962403980078        0.798137002087        5.262807116497        9.896546660622
      100000  10000000  -288619.707003233256     5484.344135013409        0.960291429332        0.819119907812        5.870866711094        7.946058909564
      100000  10100000  -288769.150292205159     5503.533262951300        0.939807827534        0.858625175019       13.490055848342        4.854163492475
      100000  10200000  -288573.594040422933     5522.756143413484        0.965754764849        0.898199929621        4.366505551083        2.516902520016
      100000  10300000  -288642.036408860469     5496.255955768749        0.957023140413        0.843643151567        6.877064001172        5.937505915180
      100000  10400000  -288799.865476892330     5497.718927195296        0.935798213191        0.846655017312       15.347157195357        5.710963450340
      100000  10500000  -288557.934483699733     5484.147764272057        0.968591495175        0.818715633129        3.673061808583        7.981618161222
      100000  10600000  -288757.676040957682     5499.550865088589        0.941426476260        0.850426486043       12.774279506444        5.433499514048
      100000  10700000  -288790.507139099063     5500.867463898845        0.936991457578        0.853137009834       14.781978883441        5.238355539725
      100000  10800000  -288608.838510317262     5511.232314202003        0.961197758833        0.874475456381        5.605925635236        3.826727533658
      100000  10900000  -288591.490142094437     5490.323157269508        0.963940318505        0.831429110847        4.841472662752        6.901371312136
      100000  11000000  -288682.513025521534     5502.986036888324        0.951452578783        0.857498583341        8.775382235974        4.931835731517
      100000  11100000  -288602.434694856871     5496.884915447794        0.962328012747        0.844938010836        5.284096887770        5.839570969108
      100000  11200000  -288696.022700732108     5514.106626904570        0.949442684316        0.880392895241        9.517036296287        3.474435028292
      100000  11300000  -288724.249933632324     5490.129363338463        0.946116701187        0.831030141126       10.810407452880        6.934077986360
      100000  11400000  -288653.030912816059     5500.178239095025        0.955466484743        0.851718080837        7.384271671878        5.340066135841
      100000  11500000  -288773.850549482508     5491.317775083706        0.939429177161        0.833476762134       13.660313240376        6.734726018054
      100000  11600000  -288577.399329956388     5488.073229342699        0.965884172879        0.826797112758        4.333567057023        7.285854494217
      100000  11700000  -288590.429515866796     5488.374377828091        0.964127387067        0.827417096710        4.791370273996        7.233788060673
      100000  11800000  -288775.265590635361     5518.300535847433        0.938736407228        0.889027028797       13.974575859922        2.990919106980
      100000  11900000  -288575.074606217444     5472.560308787040        0.966590435495        0.794860170459        4.155998100860       10.220454748353
      100000  12000000  -288531.711569121340     5487.444581780583        0.972034154368        0.825502896053        2.911988283856        7.395144870122
      100000  12100000  -288534.004283899209     5486.708607751876        0.971743591753        0.823987722943        2.972813225319        7.524127770740
      100000  12200000  -288560.677656264976     5503.606417817995        0.967801753943        0.858775781267        3.860096314046        4.843826744789
      100000  12300000  -288652.773012548219     5486.714307337999        0.955794275522        0.823999456862        7.275967260515        7.523124607047
      100000  12400000  -288677.241859237198     5486.558269270696        0.952512101223        0.823678216337        8.396525635247        7.550612454518
      100000  12500000  -288640.258312361548     5486.523003297858        0.957479372524        0.823605613158        6.731828459003        7.556831893963
      100000  12600000  -288713.699640938314     5516.767074086703        0.947027135277        0.885870042361       10.448179634662        3.163512473783
      100000  12700000  -288634.948298901320     5495.117748016492        0.957999064329        0.841299887113        6.568279757530        6.116806053069
      100000  12800000  -288712.761832520366     5505.388868764974        0.947345352568        0.862445369649       10.323028573414        4.595371933015
      100000  12900000  -288517.771072941367     5507.073921216652        0.973499483045        0.865914440655        2.614823642408        4.366507949204
      100000  13000000  -288601.548534016125     5497.771775155328        0.962428654977        0.846763817086        5.255901246285        5.702862355747
      100000  13100000  -288521.223836107412     5478.864614101127        0.973653756926        0.807839044058        2.584467646794        8.968102021748
      100000  13200000  -288578.618609354133     5500.183358086273        0.965459041225        0.851728619467        4.442244802836        5.339307108968
      100000  13300000  -288708.190414615208     5490.926265711896        0.948255302954        0.832670749355        9.969317060012        6.800079207081
      100000  13400000  -288649.375404093182     5468.781525033526        0.956718821774        0.787080668316        6.974801638896       11.010332331575
      100000  13500000  -288686.744566089008     5501.692039326765        0.950909328499        0.854834589459        8.972875805980        5.117955817986
      100000  13600000  -288725.422069869004     5495.413953403011        0.945843247658        0.841909694551       10.920409818421        6.069888538914
      100000  13700000  -288639.745993329445     5513.843125811778        0.957004196809        0.879850417172        6.883127966072        3.506023102883
      100000  13800000  -288499.013992064865     5492.500640820712        0.976310093364        0.835911965400        2.089586767647        6.539191644820
      100000  13900000  -288574.568447238533     5503.075835288502        0.965946492566        0.857683454160        4.317749185863        4.919047632830
      100000  14000000  -288703.994229906239     5459.551840696484        0.949659859115        0.768079224001        9.435448846374       13.063199218758
      100000  14100000  -288587.523998403456     5501.090635421686        0.964245205816        0.853596460136        4.759948742510        5.205631170673
      100000  14200000  -288680.703230319312     5473.299603274092        0.952385518272        0.796382179502        8.441348572483       10.069358609746
      100000  14300000  -288707.092189112213     5477.087620735168        0.948740211538        0.804180691372        9.783344135467        9.312821199880
      100000  14400000  -288584.478686325951     5549.619845205918        0.964025606093        0.953505085797        4.818597851152        0.525026398446
      100000  14500000  -288737.132214587880     5487.060764434747        0.944457698982        0.824712719092       11.486334165742        7.462271527226
      100000  14600000  -288609.046175584197     5472.912122491747        0.962018796404        0.795584460508        5.371197940031       10.148411152522
      100000  14700000  -288675.413835405605     5498.764173310250        0.952489167056        0.848806898690        8.404637757311        5.551804825763
      100000  14800000  -288645.295058431569     5527.591134992428        0.956063333477        0.908153880362        7.187666513749        2.048763671002
      100000  14900000  -288647.041400739690     5513.029142173007        0.956037738097        0.878174643199        7.196043328009        3.604504923809
      100000  15000000  -288622.234686787240     5526.834635886364        0.959169467779        0.906596451623        6.207315116202        2.118834275128
      100000  15100000  -288690.909699974582     5526.698948403820        0.949948961453        0.906317107493        9.327384887957        2.131526919218
      100000  15200000  -288717.124915026128     5526.341360840015        0.946433096344        0.905580930617       10.683825795576        2.165158380368
      100000  15300000  -288691.546076057479     5505.311342789792        0.950195800968        0.862285764461        9.235610975968        4.606042176648
      100000  15400000  -288646.481419990072     5484.922415181994        0.956681953825        0.820310431563        6.986689307589        7.841803767497
      100000  15500000  -288579.198503066786     5482.753662846982        0.965770205570        0.815845552243        4.362568840029        8.236347547348
      100000  15600000  -288552.148784364341     5509.280884493142        0.968843913238        0.870457986054        3.614261073516        4.075599762743
      100000  15700000  -288616.734824883519     5528.045534581877        0.959893046127        0.909089367231        5.989258642452        2.007241374371
      100000  15800000  -288755.493019043468     5496.479502230883        0.941782624307        0.844103373769       12.619407373016        5.902604335405
      100000  15900000  -288682.015241446206     5471.251644710079        0.952265909146        0.792165982155        8.483811724077       10.490676767752
      100000  16000000  -288625.523955457611     5496.225101670250        0.959241208065        0.843579631254        6.185521457342        5.942331144714
      100000  16100000  -288774.341255802428     5500.276235981844        0.939174045607        0.851919830141       13.775633349156        5.325544854793
      100000  16200000  -288651.288770614890     5501.069601134397        0.955682793679        0.853553156181        7.312711870005        5.208711120224
      100000  16300000  -288574.791400650749     5476.822520530783        0.966513563310        0.803634921160        4.175145204808        9.364805280517
      100000  16400000  -288597.355151870288     5474.927972467616        0.963533982938        0.799734554884        4.951198895779        9.740523075994
      100000  16500000  -288655.445089998888     5486.101356823929        0.955449987182        0.822737556169        7.389743732125        7.631390971780
      100000  16600000  -288693.111189323012     5494.224126445130        0.950207657293        0.839460159999        9.231214263474        6.259445907239
      100000  16700000  -288674.622128503630     5481.807811548002        0.952979498952        0.813898298130        8.232054110343        8.411451177388
      100000  16800000  -288595.918673498789     5496.973061713390        0.963201199996        0.845119480353        5.041978908204        5.825910831758
      100000  16900000  -288607.315796022536     5508.088373231702        0.961456602528        0.868002925241        5.531382589589        4.231543917036
      100000  17000000  -288591.949919635663     5489.754200353287        0.963891500253        0.830257781172        4.854590483613        6.997614103453
      100000  17100000  -288519.880404757801     5502.875451364554        0.973294260143        0.857270917411        2.655479417205        4.947606913594
      100000  17200000  -288744.542535471264     5492.379270322621        0.943341302048        0.835662096100       11.952723993945        6.559122254690
      100000  17300000  -288648.432849073550     5495.675517046824        0.956176410984        0.842448183933        7.150717077771        6.028608287192
      100000  17400000  -288585.845766944578     5492.010951720178        0.964660475932        0.834903826894        4.650023031381        6.619790604110
      100000  17500000  -288718.042233641492     5488.463790607639        0.946988495329        0.827601173640       10.463427606097        7.218365173002
      100000  17600000  -288586.767312639626     5489.701945575885        0.964588652207        0.830150202602        4.668943567124        7.006486756061
      100000  17700000  -288655.534283758141     5480.582791008055        0.955573584201        0.811376309433        7.348797242458        8.640974328676
      100000  17800000  -288658.024459513603     5504.953372863121        0.954703980121        0.861548800403        7.639304063935        4.655471636930
      100000  17900000  -288688.557235206012     5495.052589310333        0.950801431833        0.841165742815        9.012362221289        6.127151117426
      100000  18000000  -288666.777520802571     5474.850534967147        0.954213494819        0.799575131842        7.805643325933        9.756037304155
      100000  18100000  -288552.894985784311     5490.328626663424        0.969123050158        0.831440370862        3.549788644209        6.900449362334
      100000  18200000  -288543.477403190453     5505.359662970528        0.970078711849        0.862385242752        3.333452601475        4.599390203301
      100000  18300000  -288620.326430799905     5514.397038950585        0.959603110780        0.880990775745        6.076164988010        3.439786500131
      100000  18400000  -288665.199624781031     5504.729624814354        0.953744610462        0.861088163188        7.966331903193        4.686501356028
      100000  18500000  -288649.462080745259     5510.329031397589        0.955757851156        0.872615839380        7.287962615429        3.940951575472
      100000  18600000  -288630.918370611267     5495.665622697212        0.958528599676        0.842427814121        6.403701964592        6.030167260715
      100000  18700000  -288723.249903270509     5514.024956829846        0.945787718112        0.880224758464       10.942815751566        3.484210215346
      100000  18800000  -288636.097520848969     5532.832268074155        0.957237603830        0.918943967517        6.808599311786        1.595662076310
      100000  18900000  -288628.937433999497     5500.110798290931        0.958703286568        0.851579238312        6.349867910637        5.350071069527
      100000  19000000  -288582.508921093773     5508.601948536001        0.964778794185        0.869060239034        4.618938199287        4.164024984327
      100000  19100000  -288602.151360818883     5491.360950485803        0.962485304126        0.833565648706        5.240063758000        6.727538229157
      100000  19200000  -288740.456867889501     5495.968071930110        0.943812537680        0.843050475964       11.754726989520        5.982603835768
      100000  19300000  -288637.811859107111     5482.657500475645        0.957901531097        0.815647579714        6.598820475829        8.254065794490
      100000  19400000  -288716.918841776205     5495.302233719267        0.946987500240        0.841679693689       10.463820431505        6.087563185654
      100000  19500000  -288632.404669012176     5523.510740517639        0.957846982744        0.899753442648        6.615932166651        2.440670619920
      100000  19600000  -288640.373599077808     5489.828758035786        0.957387096131        0.830411275441        6.761078398102        6.984964239084
      100000  19700000  -288639.536705937469     5518.671503440477        0.956957620146        0.889790751564        6.898048807658        2.949893389158
      100000  19800000  -288526.432898684172     5475.055755613372        0.973054536222        0.799997626105        2.703367180649        9.714949335465
      100000  19900000  -288606.530068167252     5465.927085339092        0.962555165866        0.781204142649        5.220565313531       11.626484817710
      100000  20000000  -288705.547790832352     5501.735221554525        0.948383444827        0.854923490083        9.920001662490        5.111689171629
      100000  20100000  -288702.495290418388     5484.498994499445        0.949170220966        0.819438721954        9.619891076541        7.918072597150
      100000  20200000  -288563.613296950702     5479.769630543888        0.967938132370        0.809702230156        3.827466028412        8.795036303991
      100000  20300000  -288769.987019691383     5482.739319182001        0.940150005830        0.815816022484       13.337116232167        8.238989208834
      100000  20400000  -288563.936421478866     5508.185979182832        0.967280190930        0.868203869713        3.986164643185        4.218670023696
      100000  20500000  -288702.059011445614     5498.125642043538        0.948924067876        0.847492334089        9.713289066138        5.648766043560
      100000  20600000  -288724.225631338079     5487.997556081042        0.946168964828        0.826641321810       10.789446699973        7.298967216228
      100000  20700000  -288607.089920005063     5496.217305033468        0.961716836395        0.843563580070        5.456942151617        5.943550760087
      100000  20800000  -288550.515182283008     5501.429479852319        0.969208389395        0.854294049929        3.530193598724        5.156141333773
      100000  20900000  -288544.398385904497     5511.747344601899        0.969842631182        0.875535765825        3.386262380602        3.762351623560
      100000  21000000  -288662.812080055708     5492.630895986222        0.954311154117        0.836180125846        7.772381093629        6.517835795356
      100000  21100000  -288667.659413173329     5501.128027711064        0.953483268904        0.853673440830        8.056605276426        5.200158246386
      100000  21200000  -288781.093519363320     5504.427362344228        0.938187134930        0.860465885839       14.226283499129        4.728583236497
      100000  21300000  -288586.881687386893     5501.106686156243        0.964331144772        0.853629504294        4.737094553268        5.203281551508
      100000  21400000  -288765.545757222455     5468.238271938637        0.941134143907        0.785962255914       12.902107020142       11.126305207973
      100000  21500000  -288636.474536448019     5489.056002412923        0.957928373390        0.828820378894        6.590408245821        7.116629566687
      100000  21600000  -288513.407573629403     5501.139878952876        0.974197163550        0.853697839358        2.478954813242        5.198424239527
      100000  21700000  -288685.381468231557     5487.665798744187        0.951392997348        0.825958322443        8.796935212214        7.356593524650
      100000  21800000  -288686.472335804021     5523.654955723323        0.950584420630        0.900050343073        9.092043279112        2.426234950811
      100000  21900000  -288657.357602212345     5480.246632479131        0.955337265391        0.810684249191        7.427186548520        8.704498111993
      100000  22000000  -288615.931746814633     5520.321724964306        0.960103429807        0.893188115033        5.926589337499        2.770826916424
      100000  22100000  -288706.938973067328     5486.208172816783        0.948532450055        0.822957461646        9.862810763537        7.612468252557
      100000  22200000  -288597.498435624642     5503.924277689308        0.962851161371        0.859430169480        5.138356038552        4.799041234673
      100000  22300000  -288583.283701251959     5504.451124276035        0.964750118799        0.860514805283        4.626462288895        4.725268217602
      100000  22400000  -288595.540933262324     5495.640563672408        0.963279885336        0.842376224311        5.020439854263        6.034116512425
      100000  22500000  -288576.633568464313     5490.623980627395        0.965928576643        0.832048425449        4.322293611127        6.850754403369
      100000  22600000  -288648.091435628477     5498.920964038000        0.956155049785        0.849129688742        7.157689812027        5.528124454621
      100000  22700000  -288667.224134122953     5485.618784561753        0.953879725651        0.821744069325        7.919859465203        7.717172624895
      100000  22800000  -288684.352259572130     5482.004549371079        0.951667950498        0.814303328535        8.697694201177        8.374877776091
      100000  22900000  -288550.708962404635     5514.660453421995        0.968947681570        0.881533075484        3.590225880432        3.408509173030
      100000  23000000  -288543.035200032406     5537.054517540149        0.969691236342        0.927636446607        3.420346884234        1.271774194041
      100000  23100000  -288654.866093208548     5492.641072199680        0.955377978704        0.836201075940        7.413651884527        6.516168835944
      100000  23200000  -288629.298119666753     5485.994672959670        0.958963745250        0.822517922709        6.270023168535        7.650313729949
      100000  23300000  -288539.556272606365     5490.748976821080        0.970904785103        0.832305759084        3.151932074078        6.829777178689
      100000  23400000  -288602.817121529952     5512.624444380403        0.961983158977        0.877341478999        5.381282163574        3.653975966646
      100000  23500000  -288552.396268728655     5485.351522269659        0.969306105123        0.821193847955        3.507823343841        7.764887240219
      100000  23600000  -288575.947364684427     5488.975086857565        0.966058290089        0.828653795470        4.289445417760        7.130487400390
      100000  23700000  -288601.755998725304     5500.801072582603        0.962339727426        0.853000327922        5.280811057817        5.248110504196
      100000  23800000  -288668.630819235463     5488.480373533443        0.953623457529        0.827635313436        8.008117668960        7.215506579125
      100000  23900000  -288728.592747662449     5483.790100467391        0.945682911126        0.817979299293       10.985167488606        8.046588697584
      100000  24000000  -288594.247433856362     5526.045655704103        0.962937794289        0.904972153061        5.114418185425        2.193168593438
      100000  24100000  -288548.134086698527     5468.031549081206        0.970335808637        0.785536669001        3.276413746368       11.170595691300
      100000  24200000  -288774.764685704140     5518.924320861697        0.938794430559        0.890311234819       13.948117488074        2.922096364791
      100000  24300000  -288773.831752097700     5502.115180700086        0.939206365099        0.855705724045       13.760998044060        5.056714633353
      100000  24400000  -288689.461328720441     5492.889029118232        0.950726817873        0.836711552724        9.039719031657        6.475617047597
      100000  24500000  -288686.409834877122     5469.385470965877        0.951728334709        0.788324030991        8.675974645579       10.882116029201
      100000  24600000  -288792.705099041108     5494.464667567052        0.936828240734        0.839955369647       14.858660321424        6.220889033154
      100000  24700000  -288752.026633909671     5476.992547087371        0.942708568814        0.803984960233       12.221177561027        9.331447760297
      100000  24800000  -288681.290777100949     5502.962554474361        0.951617161174        0.857450239350        8.715983602077        4.935182576390
      100000  24900000  -288543.128465756541     5458.797161705792        0.971285737993        0.766525542391        3.069933930052       13.238811221344
      100000  25000000  -288733.835621980252     5505.911442265846        0.944505786301        0.863521208314       11.466453537969        4.523770630660
      100000  25100000  -288727.975828241790     5489.337100098841        0.945634422978        0.829399083629       11.004788870678        7.068592707599
      100000  25200000  -288576.759390401654     5483.189853334799        0.966086987893        0.816743551455        4.282195009729        8.156216978304
      100000  25300000  -288646.062364079058     5462.601596285589        0.957345700927        0.774357852704        6.774220528190       12.365471677415
      100000  25400000  -288792.862044645008     5486.685805598274        0.936982712853        0.823940779425       14.786082241651        7.528141764924
      100000  25500000  -288780.166004054248     5492.157468556426        0.938562409397        0.835205465759       14.054068385577        6.595623332736
      100000  25600000  -288626.229358989047     5514.784900667146        0.958804242217        0.881789278981        6.318859561001        3.393782232542
      100000  25700000  -288699.845714652212     5498.592342311516        0.949211758581        0.848453144755        9.604174932609        5.577814880309
      100000  25800000  -288715.000180553412     5520.853135938756        0.946792172663        0.894282147685       10.541071573667        2.714356599029
      100000  25900000  -288787.132447334239     5504.191805332899        0.937380602545        0.859980937138       14.599953746218        4.761508591941
      100000  26000000  -288625.297273258213     5490.986615080386        0.959385478167        0.832794992517        6.141810325424        6.789984741472
      100000  26100000  -288694.060430831276     5477.926059168763        0.950468266106        0.805906811207        9.134836388659        9.149362388091
      100000  26200000  -288618.046655021608     5491.584587610327        0.960345769947        0.834026057558        5.854809310474        6.690368811667
      100000  26300000  -288600.715914142318     5504.051412370056        0.962416695862        0.859691905686        5.259247729117        4.781186572021
      100000  26400000  -288718.186381289270     5502.570317199454        0.946670064430        0.856642728013       10.589509130618        4.991254274069
      100000  26500000  -288547.884951801971     5504.006445648149        0.969512092751        0.859599331267        3.460899118382        4.787497848464
      100000  26600000  -288575.999444833258     5508.998903163709        0.965645978786        0.869877462134        4.394291573197        4.112210040506
      100000  26700000  -288652.610769659514     5507.282848444767        0.955388411983        0.866344565776        7.410185450129        4.338538757385
      100000  26800000  -288540.498652215116     5490.730261754245        0.970778656595        0.832267229781        3.179318720659        6.832915948155
      100000  26900000  -288758.038863147842     5507.817453571595        0.941221158178        0.867445174332       12.863991965089        4.267380072508
      100000  27000000  -288686.690173184266     5490.158645789139        0.951159851382        0.831090425837        8.881527498763        6.929131017444
      100000  27100000  -288694.457016431727     5477.225710369647        0.950433331455        0.804464980888        9.147726503193        9.285800211846
      100000  27200000  -288591.212605132489     5508.235492711887        0.963616458496        0.868305804788        4.928827870233        4.212146855753
      100000  27300000  -288684.307209185557     5459.753210515715        0.952297318319        0.768493790444        8.472650650853       13.016539114604
      100000  27400000  -288663.550397592830     5493.587908904068        0.954191080418        0.838150358739        7.813287571666        6.362000828756
      100000  27500000  -288623.050772689749     5517.371187584475        0.959190956569        0.887113750008        6.200783112588        3.094940696162
      100000  27600000  -288609.176351958420     5517.816384167410        0.961047399422        0.888030290355        5.649455945925        3.044888143720
      100000  27700000  -288575.442858800059     5497.835298806429        0.965933019908        0.846894595244        4.321166341354        5.693132387681
      100000  27800000  -288597.819411422592     5484.690992131829        0.963222255565        0.819833993579        5.036210711320        7.883443204873
      100000  27900000  -288552.337836830877     5509.764581009746        0.968810143818        0.871453787437        3.622100161057        4.013181574674
      100000  28000000  -288704.224708307069     5512.862793684937        0.948361447454        0.877832176283        9.928458657174        3.624798872148
      100000  28100000  -288603.348666889826     5495.087140260264        0.962243159222        0.841236873953        5.307927816267        6.121664471783
      100000  28200000  -288632.544422300765     5485.368704736233        0.958542779958        0.821229222044        6.399323488381        7.761815213395
      100000  28300000  -288643.898693373660     5493.320804338902        0.956835878153        0.837600462086        6.937125170856        6.405305046760
      100000  28400000  -288574.146855078405     5491.834321138449        0.966235416389        0.834540191905        4.244792915507        6.648983751737
      100000  28500000  -288646.199570044177     5513.862556231208        0.956137247271        0.879890419193        7.163503514291        3.503688934723
      100000  28600000  -288599.651046860963     5500.777392317541        0.962622864140        0.852951576608        5.201705367492        5.251592072616
      100000  28700000  -288519.059737178497     5503.306260733865        0.973396234154        0.858157838344        2.635238608189        4.886308934465
      100000  28800000  -288754.166970499558     5473.673562867567        0.942510034276        0.797152061996       12.306025497669        9.993357724841
      100000  28900000  -288559.482475507306     5478.803353573196        0.968517672892        0.807712925064        3.690348366356        8.979877766415
      100000  29000000  -288674.143143151421     5490.985366426408        0.952826105811        0.832792421873        8.285851934633        6.790193524275
      100000  29100000  -288708.523872081423     5491.763888590969        0.948191799090        0.834395190182        9.993801835146        6.660642613947
      100000  29200000  -288618.197111508111     5506.288982255384        0.960027718331        0.864298461883        5.949104385156        4.472391151227
      100000  29300000  -288687.877071168739     5519.404505975544        0.950455328838        0.891299807166        9.139608895330        2.869662801457
      100000  29400000  -288601.481691487134     5483.505193240941        0.962759340018        0.817392751736        5.163788537211        8.098531266398
      100000  29500000  -288625.597354505910     5491.438657779247        0.959335059211        0.833725627179        6.157068703846        6.714611281929
      100000  29600000  -288626.138053823262     5513.328884856775        0.958839909583        0.878791732983        6.307922536283        3.568081148484
      100000  29700000  -288741.352179431822     5486.637662370689        0.943900993649        0.823841665433       11.717745169791        7.536620209882
      100000  29800000  -288699.222141928505     5505.214654020965        0.949166788990        0.862086708222        9.621190171338        4.619367219783
      100000  29900000  -288763.157908927882     5506.952174480073        0.940549239085        0.865663796781       13.159777494538        4.382847686014
      100000  30000000  -288711.770385304000     5472.961510573514        0.948222841326        0.795686137320        9.981829328686       10.138317971955
      100000  30100000  -288673.097002376104     5501.396085867658        0.952747810087        0.854225300672        8.313379242197        5.161008183940
      100000  30200000  -288623.746322302613     5526.146817656234        0.958975166361        0.905180418385        6.266533538829        2.183565925198
      100000  30300000  -288679.840976497158     5486.341393018141        0.952168213363        0.823231726307        8.518574334760        7.588900878745
      100000  30400000  -288698.363690470811     5504.816168515943        0.949289470403        0.861266333455        9.574806444779        4.674487121233
      100000  30500000  -288639.777242679615     5481.917545248754        0.957655998437        0.814124210385        6.676018095734        8.391041944019
      100000  30600000  -288556.020650608698     5518.653818910010        0.968173062387        0.889754343859        3.771580805464        2.951842709896
      100000  30700000  -288655.608635002282     5506.506980401464        0.954999844199        0.864747261591        7.539833333556        4.442857386249
      100000  30800000  -288703.130391299259     5492.153717816807        0.948907429030        0.835197743992        9.719618632158        6.596241448606
      100000  30900000  -288603.778725637356     5506.410138834268        0.961961724650        0.864547890780        5.387351930256        4.455965127095
      100000  31000000  -288599.351836168906     5457.776611943729        0.963767770907        0.764424504179        4.887916953353       13.478155630528
      100000  31100000  -288600.887550473446     5524.194430081174        0.962070205531        0.901160976069        5.356667504237        2.372614252834
      100000  31200000  -288617.525840341579     5505.615958400071        0.960130188964        0.862912886294        5.918641920079        4.564187786295
      100000  31300000  -288776.728071711957     5499.490476064384        0.938869236001        0.850302161240       13.914043547086        5.442535866530
      100000  31400000  -288689.422444380354     5505.804782087915        0.950471886940        0.863301623618        9.133500900643        4.538339193337
      100000  31500000  -288686.154053983046     5483.851135330275        0.951380415078        0.818104953704        8.801490100519        8.035482923725
      100000  31600000  -288794.334863944678     5508.781703799032        0.936330015467        0.869430306903       15.093960178638        4.140521133977
      100000  31700000  -288706.789256527089     5502.683475567959        0.948198381649        0.856875690740        9.991262445494        4.975045379899
      100000  31800000  -288681.498466829304     5504.684540776536        0.951556717446        0.860995347247        8.737774618434        4.692766154791
      100000  31900000  -288594.481501473580     5490.681259834208        0.963530527040        0.832166347972        4.952137394351        6.841137647650
      100000  32000000  -288702.346879994031     5476.067689284682        0.949404412315        0.802080926097        9.531450585549        9.513614279684
      100000  32100000  -288707.587659837911     5505.721894621849        0.948034044121        0.863130980559       10.054756363287        4.549676847456
      100000  32200000  -288611.232323406264     5507.175276678056        0.960946961425        0.866123104363        5.678627378263        4.352928220073
      100000  32300000  -288675.825657974929     5489.971210257150        0.952623078694        0.830704546354        8.357326749516        6.960826837099
      100000  32400000  -288670.811341403984     5504.801466866396        0.952989686405        0.861236066702        8.228487386151        4.676526957465
      100000  32500000  -288678.641548156505     5515.578403347172        0.951753419727        0.883422888153        8.666959815546        3.300629845234
      100000  32600000  -288552.489602318266     5483.582491713576        0.969336481183        0.817551888557        3.500883779681        8.084422155532
      100000  32700000  -288722.621957537020     5482.398165748455        0.946519005987        0.815113679074       10.649584217694        8.301944008600
      100000  32800000  -288661.133384000976     5507.961698913947        0.954231809055        0.867742136800        7.799400185044        4.248281074026
      100000  32900000  -288570.891302622855     5494.038777586073        0.966624287547        0.839078576416        4.147580284442        6.289237146458
      100000  33000000  -288582.544541321695     5480.730753321201        0.965371465300        0.811680924147        4.464799294173        8.613087666854
      100000  33100000  -288673.974706383422     5516.823185567744        0.952360846535        0.885985560850        8.450098712390        3.157111713786
      100000  33200000  -288499.353649755940     5492.280153481290        0.976269346668        0.835458041110        2.096781137942        6.575421021279
      100000  33300000  -288591.102879462764     5509.571970735677        0.963607804713        0.871057254548        4.931172780960        4.037979084060
      100000  33400000  -288719.208052715519     5488.565309240483        0.946829591308        0.827810173274       10.526250674465        7.200874088525
      100000  33500000  -288584.720160537167     5508.211122770794        0.964488745126        0.868255633617        4.695325988315        4.215356846867
      100000  33600000  -288784.183399136411     5507.681652133353        0.937712687987        0.867165595597       14.445510359780        4.285400192077
      100000  33700000  -288705.832661471330     5484.881377679296        0.948712801529        0.820225946353        9.793809775713        7.849179512178
      100000  33800000  -288663.561883841408     5494.325435625389        0.954173583431        0.839668728427        7.819257373950        6.243192312598
      100000  33900000  -288693.914108073805     5506.787062678486        0.949850813410        0.865323875871        9.364001996978        4.405056241023
      100000  34000000  -288658.277887166711     5476.534883936867        0.955309949813        0.803042754568        7.436274210980        9.421372227350
      100000  34100000  -288637.418863675324     5501.216539035551        0.957542465130        0.853855661905        6.711865748334        5.187214753141
      100000  34200000  -288635.516349238111     5496.415983216837        0.957895347814        0.843972605157        6.600759043739        5.912510888543
      100000  34300000  -288577.391793591203     5482.211125192232        0.966026281934        0.814728612740        4.297539410266        8.336561260415
      100000  34400000  -288595.398593810620     5472.229750180617        0.963870294837        0.794179638956        4.860294062498       10.288377962301
      100000  34500000  -288551.110282887705     5509.582532939501        0.968978136363        0.871078999292        3.583187052324        4.036617279337
      100000  34600000  -288636.811041529989     5496.079071486369        0.957728561396        0.843278994276        6.653156933178        5.965195190961
      100000  34700000  -288635.729410813423     5507.371436931193        0.957653782210        0.866526945707        6.676716941414        4.326706503145
      100000  34800000  -288647.410497632110     5489.964341960847        0.956439041880        0.830690406374        7.065266664757        6.961989656996
      100000  34900000  -288695.768481487874     5498.704393669963        0.949757002310        0.848683828446        9.399068127671        5.560846773521
      100000  35000000  -288785.925694679609     5499.999421155080        0.937623912899        0.851349942665       14.486716675599        5.366614518011
      100000  35100000  -288563.950658735353     5516.690354974940        0.967137760972        0.885712098289        4.020943878796        3.172274481423
      100000  35200000  -288646.480516756419     5514.248379697092        0.956093317115        0.880684726218        7.177859722838        3.457501071114
      100000  35300000  -288720.398597192951     5462.646484282799        0.947361897960        0.774450265050       10.316542091402       12.355345127440
      100000  35400000  -288635.423095086357     5477.516485555097        0.958353238553        0.805063608999        6.457972356756        9.229030513501
      100000  35500000  -288543.637585880002     5489.086471444927        0.970394535338        0.828883106458        3.263453844205        7.111414844957
      100000  35600000  -288715.873307140777     5483.346300904639        0.947401850848        0.817065635037       10.300887300761        8.127572146869
      100000  35700000  -288773.682068762369     5491.226977175102        0.939453833617        0.833289833596       13.649194145551        6.749854466146
      100000  35800000  -288745.422378853196     5471.298088314012        0.943749813449        0.792261597078       11.780986148710       10.481026427295
      100000  35900000  -288673.840904175071     5496.879725556821        0.952739143933        0.844927326243        8.316428905581        5.840375751652
      100000  36000000  -288625.558225815417     5476.376407141797        0.959707993479        0.802716493356        6.044654775302        9.452611232787
      100000  36100000  -288563.347720482387     5490.094682757743        0.967724679271        0.830958743113        3.878598672769        6.939939197253
      100000  36200000  -288653.786555729108     5492.024761239067        0.955536556323        0.834932256989        7.361052282845        6.617510901692
      100000  36300000  -288723.313874874031     5485.247213124298        0.946356475980        0.820979103404       10.714411251205        7.783549557034
      100000  36400000  -288648.427442558343     5485.314717627130        0.956411181871        0.821118077068        7.074306931193        7.771469531087
      100000  36500000  -288603.504890968092     5492.047964044847        0.962288252080        0.834980025342        5.295256909232        6.613681421091
      100000  36600000  -288776.356027364032     5496.370759736747        0.938983256691        0.843879502142       13.862187192319        5.919569095548
      100000  36700000  -288643.766027404228     5494.753193630837        0.956822739255        0.840549367420        6.941349051709        6.174797677848
      100000  36800000  -288582.796804869315     5482.676528431475        0.965288906165        0.815686753172        4.486114049726        8.250558317475
      100000  36900000  -288604.743222914636     5512.174553462304        0.961731945589        0.876415274275        5.452635625166        3.709367266818
      100000  37000000  -288661.439368138323     5512.367331777699        0.954115155444        0.876812153117        7.839208954434        3.685581066402
      100000  37100000  -288628.189349399181     5490.319578085095        0.959012146734        0.831421742267        6.255241144315        6.901974671622
      100000  37200000  -288697.596169969998     5506.539882109500        0.949360836514        0.864814997382        9.547875711393        4.438408454451
      100000  37300000  -288678.810861582635     5481.974754935130        0.952412835287        0.814241989784        8.431665539509        8.380411417452
      100000  37400000  -288675.019482162781     5498.929189858027        0.952538777224        0.849146623499        8.387094903374        5.526883492245
      100000  37500000  -288551.121510006720     5481.721334526315        0.969566277354        0.813720265138        3.448608290946        8.427552396178
      100000  37600000  -288539.442849743413     5552.494778680615        0.970056558111        0.959423802660        3.338390609119        0.399864571820
      100000  37700000  -288651.532682272606     5485.167713587172        0.955997720583        0.820815435181        7.209149970577        7.797788141224
      100000  37800000  -288684.100647656247     5476.595014010556        0.951840680363        0.803166546261        8.635637367520        9.409532895470
      100000  37900000  -288664.952154987492     5522.300573504530        0.953492748697        0.897262033378        8.053321848599        2.563493207463
      100000  38000000  -288573.334030657774     5482.473789103329        0.966564664202        0.815269367277        4.162412237263        8.287968171574
      100000  38100000  -288710.373686641222     5463.425977209583        0.948684594592        0.776055031898        9.804585538540       12.180156156612
      100000  38200000  -288568.230303843739     5496.181454513222        0.966935958872        0.843489773465        4.070479540139        5.949160410129
      100000  38300000  -288714.450036421651     5519.447565763257        0.946886277687        0.891388455719       10.503818010545        2.864984102823
      100000  38400000  -288666.597196863964     5481.207044804469        0.954072212463        0.812661480552        7.853889031426        8.523626410221
      100000  38500000  -288664.456838448066     5475.661879884079        0.954503387929        0.801245473394        7.707114781583        9.594101217712
      100000  38600000  -288633.884069201071     5463.739410446957        0.958946798438        0.776700306860        6.275202922055       12.110065485576
      100000  38700000  -288743.399870418245     5514.019837197848        0.943081907359        0.880214218515       12.062418375145        3.484823447486
      100000  38800000  -288636.000830735778     5519.274691546336        0.957423568018        0.891032554077        6.749509894814        2.883791001598
      100000  38900000  -288682.239891894860     5488.745025441051        0.951789810147        0.828180160724        8.653890480238        7.169962033459
      100000  39000000  -288697.609676069580     5495.404746734537        0.949578306014        0.841890740490        9.466045241564        6.071344111197
      100000  39100000  -288594.244152740343     5488.352675164118        0.963615631228        0.827372416747        4.929052010291        7.237534054268
      100000  39200000  -288585.689841986867     5516.646897044033        0.964219122896        0.885622630066        4.766895986915        3.177243141212
      100000  39300000  -288576.627521810587     5491.656174069270        0.965906255990        0.834173434875        4.327958652876        6.678492599961
      100000  39400000  -288604.160679104505     5493.985189636238        0.962157777327        0.838968253201        5.331961255029        6.297863551629
      100000  39500000  -288575.525247574318     5495.506072454154        0.965970595355        0.842099342968        4.311639215077        6.055334145097
      100000  39600000  -288705.741671034833     5517.817262070253        0.948079849903        0.888032097721       10.037038494332        3.044789845987
      100000  39700000  -288691.290699715028     5471.955044942908        0.951000765829        0.793614094557        8.939480797019       10.344995572511
      100000  39800000  -288649.888889688300     5464.119879534468        0.956786158730        0.777483590655        6.953115696870       12.025255862721
      100000  39900000  -288616.112767839339     5474.454640461132        0.961027825875        0.798760091248        5.655135036540        9.835545743374
      100000  40000000  -288608.620840958087     5481.019711784087        0.961862442622        0.812275812113        5.415511211329        8.558757225120
      100000  40100000  -288703.588178120553     5497.604992098175        0.948729419906        0.846420455509        9.787463909231        5.728448188247
      100000  40200000  -288598.082056542393     5491.619282942265        0.963025997182        0.834097485940        5.090103944917        6.684611529757
      100000  40300000  -288728.440892950166     5500.132764311507        0.945340756410        0.851624460456       11.123999120556        5.346811352697
      100000  40400000  -288649.957155124983     5527.052725125104        0.955443951866        0.907045438866        7.391746086630        2.098512926010
      100000  40500000  -288582.642128647771     5474.814925841056        0.965512803200        0.799501822203        4.428427120743        9.763175563803
      100000  40600000  -288617.724015546031     5498.875349091366        0.960233945771        0.849035779802        5.887876771744        5.535008537644
      100000  40700000  -288657.009169148747     5497.403953237459        0.954988560501        0.846006570420        7.543615003507        5.759365248394
      100000  40800000  -288555.354607090354     5488.986425448209        0.968823383630        0.828677138587        3.619025716170        7.128544708257
      100000  40900000  -288805.207361820387     5466.531560067087        0.935857535595        0.782448593972       15.318808774309       11.494604371039
      100000  41000000  -288637.281303457450     5482.713444327936        0.957971393676        0.815762753100        6.576937110229        8.243755631542
      100000  41100000  -288607.764530507149     5485.628298372962        0.961864192398        0.821763655710        5.415014288426        7.715476824794
      100000  41200000  -288747.609265554929     5496.129024682567        0.942848669798        0.843381834508       12.161479087427        5.957369044413
      100000  41300000  -288574.077961676521     5517.888770098798        0.965759594470        0.888179313571        4.365274017227        3.036788505593
      100000  41400000  -288598.230273320572     5492.449193476699        0.962987699393        0.835806049118        5.100654097504        6.547636262940
      100000  41500000  -288548.732575337635     5483.710875939578        0.969837860558        0.817816197241        3.387333817757        8.061015662492
      100000  41600000  -288692.529942509485     5488.829199133441        0.950406041549        0.828353451779        9.157802198296        7.155506616435
      100000  41700000  -288803.915877009975     5485.801407854073        0.935519336505        0.822120041697       15.480775280173        7.684653270616
      100000  41800000  -288661.517153319437     5505.077915489674        0.954232640851        0.861805200264        7.799116693280        4.638244527239
      100000  41900000  -288544.755946457852     5511.449340925552        0.969799608306        0.874922256190        3.395931040159        3.799533836981
      100000  42000000  -288825.680812753504     5495.489454635419        0.932378127813        0.842065131336       17.025822139519        6.057958393856
      100000  42100000  -288750.053226623219     5501.685508621857        0.942407880272        0.854821144489       12.349797541645        5.118903894348
      100000  42200000  -288557.155693618814     5508.409116539173        0.968186817063        0.868663249677        3.768321574823        4.189312636023
      100000  42300000  -288744.489512037020     5479.122198974714        0.943665281070        0.808369342220       11.816421518526        8.918672564596
      100000  42400000  -288646.283252427122     5494.567665797658        0.956488684180        0.840167415376        7.049172609302        6.204415639578
      100000  42500000  -288700.223869726760     5461.987581529655        0.950091133297        0.773093761023        9.274470577353       12.504407370888
      100000  42600000  -288567.292178715812     5522.759614547715        0.966600980025        0.898207075755        4.153375131564        2.516549170709
      100000  42700000  -288609.632040268742     5488.285502376035        0.961550784738        0.827234125994        5.504383343252        7.249134575023
      100000  42800000  -288736.925131933298     5487.878131963313        0.944466360034        0.826395459586       11.482752175927        7.319685104361
      100000  42900000  -288647.944823596859     5492.705833405256        0.956305996285        0.836334401891        7.108490603886        6.505565337325
      100000  43000000  -288686.780460273847     5490.570320425555        0.951138412559        0.831937953488        8.889326462867        6.859769682732
      100000  43100000  -288685.063635498285     5496.413058984093        0.951241817090        0.843966584946        8.851741765233        5.912967157762
      100000  43200000  -288813.028572473908     5504.554400805384        0.933896271349        0.860727423955       16.269927781225        4.710873650055
      100000  43300000  -288564.858456734568     5500.503586491570        0.967300498816        0.852387883857        3.981218070656        5.291931958821
      100000  43400000  -288496.846309825545     5508.994450869970        0.976275350446        0.869868296056        2.095720314655        4.112789404672
      100000  43500000  -288681.309260162758     5479.279715468176        0.952145562861        0.808693626428        8.526644100806        8.888513115398
      100000  43600000  -288658.342457720544     5497.537251709029        0.954806762141        0.846280996218        7.604674431006        5.738856449869
      100000  43700000  -288619.550303379539     5510.861592475325        0.959765564622        0.873712239787        6.027393333251        3.873403679696
      100000  43800000  -288647.475479181623     5492.401349378750        0.956375728326        0.835707550954        7.085819574637        6.555494330686
      100000  43900000  -288640.177222239552     5522.600198918954        0.956815596518        0.897878881736        6.943645831526        2.532802713359
      100000  44000000  -288676.334864925360     5494.957313411869        0.952444779486        0.840969595297        8.420349362350        6.142293538052
      100000  44100000  -288502.156121107750     5485.431779660285        0.976050813683        0.821359076394        2.135577008049        7.750543355430
      100000  44200000  -288582.210102465237     5479.948862654157        0.965436234025        0.810071220994        4.448113117994        8.760961900626
      100000  44300000  -288613.522274034331     5496.015867744572        0.960857287553        0.843148874725        5.704735930459        5.975104656962
      100000  44400000  -288600.148237099405     5473.719039654359        0.963191619984        0.797245686501        5.044604456112        9.984134981284
      100000  44500000  -288654.399490637705     5471.663128618151        0.955962904370        0.793013117147        7.220562770135       10.405330705068
      100000  44600000  -288747.850827385671     5511.175961388275        0.942531062370        0.874359441053       12.297024798791        3.833804463778
      100000  44700000  -288633.876387949567     5471.442863343284        0.958725034148        0.792559650029        6.343181765945       10.450972669243
      100000  44800000  -288718.328150145477     5501.082769736648        0.946679969448        0.853580266801       10.585575897560        5.206782798492
      100000  44900000  -288775.218745992053     5490.520830189809        0.939263354270        0.831836066367       13.735210466575        6.868089634243
      100000  45000000  -288635.086681535700     5485.974349413067        0.958186896929        0.822476081978        6.509663046178        7.653921220394
      100000  45100000  -288660.490385059733     5491.882117631845        0.954639479114        0.834638592064        7.661076115119        6.641077704704
      100000  45200000  -288672.402739723213     5483.650631819852        0.953231950797        0.817692170759        8.143896038271        8.071994901250
      100000  45300000  -288654.006427228684     5519.298947442323        0.955005282702        0.891082490461        7.538010987253        2.881148504190
      100000  45400000  -288647.205485185143     5476.493594111875        0.956797929714        0.802957749894        6.949328305542        9.429506312459
      100000  45500000  -288557.418298947625     5501.368205050938        0.968282585066        0.854167901549        3.745667982359        5.165073301782
      100000  45600000  -288657.111762440763     5508.239638602361        0.954766937737        0.868314340065        7.618082855733        4.211600883736
      100000  45700000  -288491.836546330480     5484.791973747313        0.977452010898        0.820041887638        1.892994462991        7.865260247229
      100000  45800000  -288582.508065557340     5487.514525385574        0.965211170489        0.825646891175        4.506229900989        7.382944949380
      100000  45900000  -288568.403229608200     5467.916850479320        0.967617216808        0.785300535346        3.904469687712       11.195207877622
      100000  46000000  -288696.300971866585     5504.212800761685        0.949577759379        0.860024161094        9.466250490370        4.758569285430
      100000  46100000  -288572.028935929295     5487.008562732488        0.966630270626        0.824605249789        4.146093390433        7.471424626714
      100000  46200000  -288702.216303768102     5493.936225158162        0.948991170440        0.838867448475        9.687783571811        6.305750854990
      100000  46300000  -288683.601169271162     5480.638601676561        0.951803132954        0.811491208629        8.649108164269        8.630450320710
      100000  46400000  -288669.982553200098     5505.372103575617        0.953090394082        0.862410854621        8.193270252802        4.597678351765
      100000  46500000  -288581.297533154488     5515.388023429550        0.964828510728        0.883030946969        4.605907664954        3.322861095049
      100000  46600000  -288630.271760132629     5477.305731560104        0.959050522734        0.804629723055        6.243533346400        9.270159858272
      100000  46700000  -288641.018331574276     5479.177106674761        0.957558777195        0.808482382446        6.706709379105        8.908153669308
      100000  46800000  -288668.892149085877     5483.096492626704        0.953716988720        0.816551346800        7.975849050125        8.173334902285
      100000  46900000  -288577.864554307889     5477.221232703887        0.966090384685        0.804455762576        4.281337226834        9.286675772944
      100000  47000000  -288592.978753651958     5493.064531499520        0.963679398594        0.837072865051        4.911789804601        6.446991241851
      100000  47100000  -288638.829813791905     5507.099763954990        0.957242315782        0.865967643921        6.807098926996        4.363043498638
      100000  47200000  -288544.917214046465     5493.517163946293        0.970123598186        0.838004713847        3.323458764024        6.373456026613
      100000  47300000  -288712.643480721163     5497.778993168846        0.947509819600        0.846778677040       10.258641234196        5.701756348537
      100000  47400000  -288598.204154751031     5484.561509152874        0.963173724301        0.819567422857        5.049510870870        7.906788894277
      100000  47500000  -288676.442100128857     5481.131666188128        0.952752059977        0.812506296200        8.311883889119        8.537753577395
      100000  47600000  -288587.339073515730     5513.405211227946        0.964048894560        0.878948868508        4.812361113069        3.558835758099
      100000  47700000  -288523.228385977447     5478.054921275936        0.973405555130        0.806172103720        2.633392351240        9.124368223872
      100000  47800000  -288730.622055276297     5504.187781299464        0.944969329793        0.859972652733       11.275694876174        4.762072049999
      100000  47900000  -288682.390206054319     5482.379590208642        0.951922097318        0.815075437020        8.606463658260        8.305378726999
      100000  48000000  -288716.125893525314     5506.726263942197        0.946869143511        0.865198707581       10.510596044001        4.413248184215
      100000  48100000  -288604.464133287780     5529.138028259389        0.961527676921        0.911338518666        5.511001553927        1.909150674713
      100000  48200000  -288620.560962503776     5502.078641097061        0.959789457853        0.855630498803        6.020236720417        5.061988463266
      100000  48300000  -288668.095726149157     5474.363081472926        0.954049628492        0.798571595850        7.861614882083        9.853979695030
      100000  48400000  -288648.509702535812     5492.538769138977        0.956233815625        0.835990461379        7.131995858975        6.532936740473
      100000  48500000  -288535.717109403573     5474.104157881811        0.971833463807        0.798038541629        2.953932697653        9.906203270942
      100000  48600000  -288694.420179649489     5502.695001782849        0.949859175240        0.856899420125        9.360879566844        4.973395835109
      100000  48700000  -288657.182207853999     5489.972352424636        0.955126639096        0.830706897770        7.497403900872        6.960633474679
      100000  48800000  -288620.406512481859     5454.726592883468        0.961038159422        0.758145333059        5.652136494429       14.206241178711
      100000  48900000  -288676.404578663874     5480.028726155870        0.952785036740        0.810235638522        8.300285357120        8.745800088738
      100000  49000000  -288564.769873254234     5486.820105523802        0.967609517296        0.824217266948        3.906326605522        7.504515590839
      100000  49100000  -288683.814015143551     5498.611271861009        0.951364233737        0.848492115620        8.807349616231        5.574946535462
      100000  49200000  -288530.611001864774     5528.900796530768        0.971448077689        0.910850122171        3.035319539753        1.930241922764
      100000  49300000  -288561.176641010214     5480.845894216560        0.968238001909        0.811917968365        3.756205478517        8.591418086589
      100000  49400000  -288691.711297995877     5479.054412687197        0.950754492007        0.808229788436        9.029567621377        8.931667225378
      100000  49500000  -288625.873213153100     5493.248813744634        0.959258049461        0.837452252763        6.180410839971        6.417001620842
      100000  49600000  -288615.351006674347     5471.964666991495        0.961198267235        0.793633903774        5.605778733946       10.343009812604
      100000  49700000  -288560.630110459169     5525.179644267075        0.967463342832        0.903189267808        3.941663753296        2.276235795233
      100000  49800000  -288519.552153983619     5500.665385401808        0.973381375176        0.852720984413        2.638183145273        5.268075426944
      100000  49900000  -288620.016606085701     5494.659055054188        0.960014011788        0.840355561342        5.953184994414        6.189817255760
      100000  50000000  -288665.775547710946     5503.248089359142        0.953695211286        0.858038079087        7.983356529854        4.894563571283
      100000  50100000  -288613.175702022621     5480.444929267280        0.961265316116        0.811092489088        5.586422049679        8.666997882992
      100000  50200000  -288617.823711270466     5487.224825593643        0.960475507505        0.825050477011        5.816561381708        7.433541399259
      100000  50300000  -288724.142421683995     5505.550115846097        0.945814104277        0.862777334137       10.932166184222        4.573218414528
      100000  50400000  -288507.412810671609     5498.596909509040        0.975053041146        0.848462547390        2.317228880607        5.577122757359
      100000  50500000  -288643.606015329249     5472.024944855832        0.957402296662        0.793757999728        6.756255743817       10.330574245171
      100000  50600000  -288636.600087457802     5497.616939633153        0.957724851338        0.846445052278        6.654324846231        5.726613438202
      100000  50700000  -288597.507321611280     5473.495602665469        0.963552353010        0.796785689675        4.946211733578       10.029489184729
      100000  50800000  -288589.836639542133     5503.327458661050        0.963891361753        0.858201479190        4.854627725005        4.883302637199
      100000  50900000  -288633.609369171783     5504.215474625118        0.957996421371        0.860029665862        6.569106416848        4.758195016513
      100000  51000000  -288660.515004640911     5515.858306019567        0.954183220876        0.883999132675        7.815968889189        3.268080246279
      100000  51100000  -288666.036145846825     5516.481152054854        0.953432150670        0.885281405592        8.074322158848        3.196228895277
      100000  51200000  -288653.810962525895     5498.150187197141        0.955402685655        0.847542865976        7.405444366480        5.645023339631
      100000  51300000  -288595.063210655935     5509.734692282975        0.963073166942        0.871392254566        5.077124780516        4.017024576868
      100000  51400000  -288699.367334893905     5465.907938236371        0.950088823812        0.781164723901        9.275328931709       11.630674501843
      100000  51500000  -288779.152001970448     5502.145612122491        0.938491331346        0.855768374181       14.086605912832        5.052324506558
      100000  51600000  -288494.204904105514     5517.250076143071        0.976495212196        0.886864414037        2.057057259918        3.108627611333
      100000  51700000  -288505.850079934578     5477.150326289237        0.975762906739        0.804309785288        2.187231637086        9.300546289088
      100000  51800000  -288635.062745369272     5466.385199614801        0.958710146643        0.782147277060        6.347758447205       11.526467343660
      100000  51900000  -288737.073784044478     5463.833412327804        0.945086869573        0.776893831518       11.227578896890       12.089083990270
      100000  52000000  -288696.281982463552     5516.477880859748        0.949370556692        0.885274671079        9.544210637207        3.196604173196
      100000  52100000  -288723.643715886166     5504.409468075261        0.945902273270        0.860429046339       10.896618413774        4.731080427074
      100000  52200000  -288666.528508181917     5509.204087311402        0.953485457934        0.870299881257        8.055847023157        4.085554295332
      100000  52300000  -288707.172301448649     5488.968741100281        0.948436538830        0.828640731258        9.899604264281        7.131574763266
      100000  52400000  -288620.597382084001     5470.001392386854        0.960548683374        0.789592047985        5.795043689924       10.752130764996
      100000  52500000  -288664.506677153986     5504.519093981013        0.953841598219        0.860654736674        7.932959505263        4.715792205616
      100000  52600000  -288572.025976872072     5514.487028445117        0.966087831462        0.881176039976        4.281981977369        3.429085256113
      100000  52700000  -288539.438203250756     5479.022578232922        0.971203718338        0.808164249834        3.087496946934        8.937773168602
      100000  52800000  -288621.468459016178     5502.484937000088        0.959659738156        0.856466953084        6.059142087165        5.003501650381
      100000  52900000  -288633.394881737884     5485.825120484456        0.958417645451        0.822168859643        6.438013237268        7.680435847713
      100000  53000000  -288608.611166347982     5506.454249442555        0.961311985133        0.864638702691        5.572968692622        4.449992255048
      100000  53100000  -288627.495859616203     5493.061959923245        0.959044231473        0.837067570866        6.245451940485        6.447410228213
      100000  53200000  -288761.626725872280     5502.430900378153        0.940839246312        0.856355706174       13.031701014337        5.011260697076
      100000  53300000  -288677.920077434741     5488.974644548260        0.952364617391        0.828652884874        8.448761037728        7.130563188612
      100000  53400000  -288673.404872073792     5500.881960750557        0.952716567892        0.853166854963        8.324376154043        5.236226705065
      100000  53500000  -288749.894725961145     5506.288260181434        0.942342359402        0.864296975326       12.377913532838        4.472489138309
      100000  53600000  -288697.909627348417     5514.491110808216        0.949183138191        0.881184444466        9.615002347624        3.428600190718
      100000  53700000  -288642.022457036655     5477.344730434939        0.957471525506        0.804710011277        6.734313354188        9.262542202870
      100000  53800000  -288672.561021787580     5494.411849405617        0.952963250233        0.839846631221        8.237744540784        6.229345167959
      100000  53900000  -288540.774581990670     5529.301756742410        0.970078455743        0.911675591695        3.333509665938        1.894661859100
      100000  54000000  -288697.730659087887     5515.565259717405        0.949190192370        0.883395828945        9.612333105912        3.302162269459
      100000  54100000  -288631.227551731747     5490.307821177877        0.958604419649        0.831397537948        6.380308268254        6.903956772841
      100000  54200000  -288527.218235481298     5471.070411027409        0.973058308494        0.791792870616        2.702610309422       10.528377102380
      100000  54300000  -288617.199152493617     5493.888237822801        0.960408968334        0.838768655423        5.836162137120        6.313485547186
      100000  54400000  -288609.262571515748     5478.534503038041        0.961839769601        0.807159433927        5.421952237389        9.031648652609
      100000  54500000  -288593.252435564063     5520.802215797827        0.963142122739        0.894177316774        5.058180816198        2.719742435970
      100000  54600000  -288668.403784208698     5514.203098466620        0.953150017367        0.880591504310        8.172455785233        3.462905924127
      100000  54700000  -288582.431425746996     5497.642433737405        0.964998511684        0.846497537801        4.561490076256        5.722699361392
      100000  54800000  -288691.764813055517     5506.652635374106        0.950141870996        0.865047126109        9.255623180606        4.423178990716
      100000  54900000  -288649.205138674006     5502.427440945059        0.955936151423        0.856348584130        7.229338553826        5.011757637219
      100000  55000000  -288642.911345303059     5498.222413428128        0.956864892402        0.847691560412        6.927802250898        5.634017305273
      100000  55100000  -288625.272427492775     5490.573848795146        0.959398106280        0.831945217454        6.137991621563        6.859176710533
      100000  55200000  -288640.418534747791     5517.679320534691        0.956854021503        0.887748113100        6.931294576779        3.060254456999
      100000  55300000  -288676.515330638504     5498.090859995224        0.952354982976        0.847420727181        8.452178963594        5.654071817882
      100000  55400000  -288507.516504772240     5491.350977700204        0.975193825876        0.833545117416        2.291148753801        6.729198145636
      100000  55500000  -288634.323438392952     5480.527440241538        0.958423342668        0.811262357051        6.436249208209        8.651417948208
      100000  55600000  -288662.414854845963     5477.430311146192        0.954730833598        0.804886199006        7.630248916618        9.245836685870
      100000  55700000  -288648.171439006226     5487.715555426665        0.956388684698        0.826060758106        7.081611234779        7.347936336592
      100000  55800000  -288642.041494142963     5473.465288204141        0.957572788000        0.796723280330        6.702282037919       10.035650463034
      100000  55900000  -288692.261064579710     5495.063603050075        0.950303818139        0.841188417151        9.195593356364        6.125401883120
      100000  56000000  -288768.584539999720     5491.646619858220        0.940128998869        0.834153765317       13.346480358344        6.680077035926
      100000  56100000  -288645.537522661500     5507.482038955204        0.956334692537        0.866754645607        7.099156597676        4.311956705224
      100000  56200000  -288615.045040304540     5495.526972966269        0.960663129464        0.842142371516        5.761470254701        6.052034390162
      100000  56300000  -288655.258113074349     5465.599080569111        0.956021240097        0.780528868811        7.201445351919       11.698361649093
      100000  56400000  -288603.249922861112     5476.219083094969        0.962707895939        0.802392605344        5.178064859236        9.483674150111
      100000  56500000  -288763.851000546245     5500.646563972346        0.940575412901        0.852682236138       13.148192587317        5.270847793196
      100000  56600000  -288605.523126953747     5471.820951600559        0.962522016332        0.793338032334        5.229812832647       10.372689057439
      100000  56700000  -288784.704322157195     5483.781074666418        0.938148036474        0.817960717590       14.244286276533        8.048231664059
      100000  56800000  -288572.271707227686     5531.336165050045        0.965825220912        0.915863892699        4.348556758332        1.719234306256
      100000  56900000  -288539.727969761472     5461.917490485124        0.971645897826        0.772949462363        2.993405216677       12.520316523211
      100000  57000000  -288681.550777934492     5499.308354179375        0.951654043275        0.849927221131        8.702700327408        5.469833261506
      100000  57100000  -288682.558035448659     5492.319230967201        0.951666384576        0.835538491172        8.698257807704        6.568992707092
      100000  57200000  -288604.143223039573     5497.348615988158        0.962088952520        0.845892645867        5.351373693853        5.767889973333
      100000  57300000  -288675.989494170062     5492.222508917563        0.952550596409        0.835339366416        8.382918176582        6.584909391190
      100000  57400000  -288636.661055773031     5505.382947334088        0.957564861587        0.862433179011        6.704786563653        4.596186489345
      100000  57500000  -288679.874195489567     5496.931204535998        0.951927875361        0.845033307652        8.604395118572        5.832395496616
      100000  57600000  -288497.528353691567     5518.093013550155        0.976036205444        0.888599796052        2.138183070211        3.013992803060
      100000  57700000  -288739.207981446525     5502.442905393429        0.943849576784        0.856380421281       11.739234527853        5.009536393487
      100000  57800000  -288628.123639337020     5532.444916644134        0.958312635175        0.918146514824        6.470570854571        1.627213693625
      100000  57900000  -288642.683616704075     5513.712027782574        0.956611827662        0.879580521495        7.009328661667        3.521792167797
      100000  58000000  -288568.722272139741     5501.878098187968        0.966754650771        0.855217634746        4.115243237936        5.090982141500
      100000  58100000  -288580.859103301307     5507.911231540143        0.965012555693        0.867638238014        4.557830302930        4.254958402796
      100000  58200000  -288620.496168486774     5483.694488328882        0.960201292372        0.817782459547        5.897550254783        8.064001496166
      100000  58300000  -288665.541724865092     5493.762201669626        0.953919885670        0.838509180791        7.906072763665        6.333822877220
      100000  58400000  -288708.796598405344     5498.624925390817        0.948009101882        0.848520224575       10.064410696234        5.572878109940
      100000  58500000  -288704.496220143512     5503.127558305860        0.948497800334        0.857789937979        9.876095198980        4.911689345491
      100000  58600000  -288550.403162321309     5501.042933584191        0.969231016319        0.853498254848        3.525007246123        5.212617230826
      100000  58700000  -288621.863172064070     5524.960744814016        0.959243347159        0.902738612551        6.184872220062        2.297476935655
      100000  58800000  -288659.928073048824     5512.571274097078        0.954314735822        0.877232015648        7.771162534135        3.660500665058
      100000  58900000  -288768.560793348355     5509.099462678656        0.939785598989        0.870084487202       13.500021252959        4.099135390385
      100000  59000000  -288578.005480860360     5515.717635393143        0.965265430553        0.883709529588        4.492184148561        3.284418530275
      100000  59100000  -288578.499059713911     5504.103713854216        0.965399161472        0.859799580413        4.457660187885        4.773851066223
      100000  59200000  -288702.942100277869     5476.992589765228        0.949300017692        0.803985048095        9.570823928912        9.331439394797
      100000  59300000  -288735.953256030334     5504.102422092110        0.944255021108        0.859796921021       11.570316042954        4.774032173530
      100000  59400000  -288728.511695435271     5500.050897383131        0.945332880632        0.851455918410       11.127205036148        5.358965301376
      100000  59500000  -288662.557311271550     5507.402806961909        0.954050562550        0.866591528186        7.861295270863        4.322520462310
      100000  59600000  -288752.030255559366     5503.444599349052        0.942108522541        0.858442640445       12.478517086033        4.866706385811
      100000  59700000  -288685.638303369284     5474.039974744432        0.951702630094        0.797906405765        8.685217001887        9.919170031417
      100000  59800000  -288586.230981368572     5510.062900802121        0.964253573441        0.872067947869        4.757721080235        3.974925303338
      100000  59900000  -288630.325318350689     5491.109683041461        0.958707512244        0.833048356437        6.348568479736        6.769422752611
      100000  60000000  -288666.524537759367     5506.797427156940        0.953528708870        0.865345213552        8.040872741213        4.403660503813
      100000  60100000  -288699.378346465994     5497.944616576657        0.949287760173        0.847119651210        9.575452283111        5.676407547531
      100000  60200000  -288753.759856447112     5470.967289838009        0.942639435928        0.791580571748       12.250689654306       10.549858615459
      100000  60300000  -288703.113964509452     5498.314993041568        0.948778527702        0.847882157003        9.768723704079        5.619925471492
      100000  60400000  -288682.783073493745     5470.903315280564        0.952172537225        0.791448865294        8.517034292886       10.563196369076
      100000  60500000  -288669.419137744932     5488.653473672457        0.953513593522        0.827991680190        8.046104373379        7.185701071487
      100000  60600000  -288721.677297974471     5486.366451312788        0.946549514487        0.823283314614       10.637437466329        7.584472013616
      100000  60700000  -288546.594253210351     5494.739297101274        0.969872012631        0.840520758193        3.379667320653        6.177013687062
      100000  60800000  -288540.126006700797     5491.354333953932        0.970814695263        0.833552027042        3.171481452072        6.728639492411
      100000  60900000  -288534.707075098297     5519.017962649465        0.971029841114        0.890504018142        3.124895260487        2.911833939009
      100000  61000000  -288607.821653169114     5519.081913202070        0.961210511524        0.890635675176        5.602241369067        2.904835820231
      100000  61100000  -288645.261790057877     5508.397777308710        0.956355450454        0.868639905243        7.092408509436        4.190802026058
      100000  61200000  -288581.093838806264     5488.630185973831        0.965375134330        0.827943737065        4.463853218061        7.189707307642
      100000  61300000  -288576.371947438223     5502.099461988546        0.965723096242        0.855673363434        4.374585220122        5.058983007788
      100000  61400000  -288606.549011220457     5470.429099908099        0.962423147360        0.790472583044        5.257442293576       10.662326007124
      100000  61500000  -288808.560129386373     5511.458422658965        0.934373794101        0.874940953043       16.035714102380        3.798397999156
      100000  61600000  -288759.266843659338     5488.643050638027        0.941448390916        0.827970221958       12.764722574867        7.187494031956
      100000  61700000  -288682.489391900366     5510.874626850709        0.951313397038        0.873739074069        8.825771062876        3.871757772507
      100000  61800000  -288590.309576116037     5505.344003346749        0.963790015650        0.862353003787        4.881916931611        4.601545451051
      100000  61900000  -288578.828321741894     5527.393180159852        0.964991446811        0.907746344461        4.563331689180        2.066985391088
      100000  62000000  -288626.488454050850     5513.602497496642        0.958788411952        0.879355028016        6.323716781711        3.534994096892
      100000  62100000  -288669.209283481585     5493.891940362751        0.953424566377        0.838776277960        8.076952428953        6.312888595802
      100000  62200000  -288504.437304324238     5528.937811777927        0.974962440851        0.910926326636        2.334090482507        1.926943428366
      100000  62300000  -288538.858282744652     5486.394899996929        0.971099187816        0.823341882823        3.109952862787        7.579445489546
      100000  62400000  -288629.326523278840     5520.105123220943        0.958307789163        0.892742190143        6.472075304961        2.794010850974
      100000  62500000  -288593.892695228802     5500.807357154787        0.963395548454        0.853013266170        4.988862327878        5.247186714801
      100000  62600000  -288639.762777318712     5484.379417688586        0.957597328358        0.819192545376        6.694530935549        7.939678257449
      100000  62700000  -288608.896511078347     5469.630065695383        0.962130477609        0.788827585930        5.339657079052       10.830402786260
      100000  62800000  -288720.982682421803     5520.107660210691        0.945999456188        0.892747413125       10.857503498705        2.793738745635
      100000  62900000  -288579.948011248838     5478.915699199773        0.965766503583        0.807944214574        4.363512523744        8.958288146681
      100000  63000000  -288581.252213179599     5500.304021124728        0.965102980065        0.851977032297        4.534301498788        5.321431220800
      100000  63100000  -288557.332287141122     5503.155360684730        0.968259578205        0.857847175619        3.751103943490        4.907736363139
      100000  63200000  -288540.410069202306     5496.777003056370        0.970659406836        0.844715848168        3.205320714441        5.856316066230
      100000  63300000  -288651.869751089020     5504.924155958928        0.955531025196        0.861488650634        7.362883785110        4.659517631059
      100000  63400000  -288661.413878408028     5516.981753383763        0.954045187143        0.886312009449        7.863134689562        3.139058575296
      100000  63500000  -288525.016666345065     5487.277637955733        0.972937113400        0.825159203498        2.726979961522        7.424304772755
      100000  63600000  -288689.655441991054     5528.020659876056        0.950101006634        0.909038156884        9.270801453208        2.009503386538
      100000  63700000  -288740.524054588517     5528.123865253292        0.943268717552        0.909250629072       11.983368473680        2.000126599341
      100000  63800000  -288718.124494508142     5470.818372130394        0.947428998355        0.791273990133       10.290256841260       10.580918786653
      100000  63900000  -288692.590647702804     5499.119025234133        0.950175344847        0.849537443617        9.243199234620        5.498283280522
      100000  64000000  -288651.031380908564     5474.744504428469        0.956330863334        0.799356843404        7.100401764968        9.777300033510
      100000  64100000  -288687.283769473201     5478.589478457347        0.951361057753        0.807272613569        8.808499918473        9.021050272679
      100000  64200000  -288611.322881775675     5469.159036260098        0.961818033882        0.787857862670        5.428130585368       10.930099593307
      100000  64300000  -288602.385255578440     5490.081216365099        0.962482723488        0.830931019422        5.240784711292        6.942215759860
      100000  64400000  -288724.990061096614     5508.671639936976        0.945644102308        0.869203714934       11.000870600590        4.154904608460
      100000  64500000  -288676.636631062720     5511.175427168608        0.952094263284        0.874358341238        8.544934889240        3.833871583730
      100000  64600000  -288770.251259068260     5494.526661464013        0.939842183817        0.840082998452       13.474660627044        6.210971198935
      100000  64700000  -288673.233863187023     5481.801711524837        0.953166078385        0.813885739818        8.166853415719        8.412586440383
      100000  64800000  -288617.220408065012     5499.426770692691        0.960290437330        0.850171008968        5.871160047562        5.452076600542
      100000  64900000  -288553.424309734721     5484.106242287904        0.969198167204        0.818630150501        3.532537893312        7.989147222535
      100000  65000000  -288679.615794800920     5513.698506340384        0.951652508430        0.879552684472        8.703252907592        3.523420601013
      100000  65100000  -288616.632364640245     5495.066377902403        0.960459764478        0.841194129827        5.821195901345        6.124961212355
      100000  65200000  -288698.241762796883     5509.555511924438        0.949220653609        0.871023370270        9.600811086099        4.040101607216
      100000  65300000  -288751.428523131181     5489.234026801772        0.942487376942        0.829186883358       12.315727249110        7.086188042623
      100000  65400000  -288682.826111265924     5490.657089331187        0.951667475845        0.832116587390        8.697865036336        6.845194872812
      100000  65500000  -288692.038835356012     5447.309123194776        0.951667328989        0.742874752604        8.697917892347       16.056825373641
      100000  65600000  -288620.199519939022     5473.764722751454        0.960497735428        0.797339735744        5.810020944870        9.974874684524
      100000  65700000  -288596.707018392393     5491.557765302248        0.963212018971        0.833970837620        5.039014625477        6.694821356448
      100000  65800000  -288499.663022167981     5529.747440831736        0.975593974538        0.912593135686        2.217827842084        1.855501542998
      100000  65900000  -288707.486194728408     5492.206586618908        0.948321328480        0.835306586674        9.943891867210        6.587531427939
      100000  66000000  -288590.414839411853     5488.092910218053        0.964135892113        0.826837630401        4.789098569226        7.282446108494
      100000  66100000  -288703.941134902183     5490.530235965736        0.948834849602        0.831855430337        9.747252607361        6.866508013031
      100000  66200000  -288670.133998568403     5506.697162535973        0.953045817038        0.865138795592        8.208849377616        4.417171963147
      100000  66300000  -288664.866927010240     5484.492421114817        0.954223407405        0.819425189119        7.802263913816        7.919259540358
      100000  66400000  -288678.630314910319     5487.338126950897        0.952307267395        0.825283734114        8.469116834779        7.413732595026
      100000  66500000  -288675.223971124273     5492.645874300972        0.952644060115        0.836210962179        8.349926109732        6.515382280657
      100000  66600000  -288651.181610145839     5509.099756002426        0.955548176504        0.870085091077        7.357205276465        4.099097283165
      100000  66700000  -288697.298315910855     5489.558756747283        0.949748964821        0.829855415212        9.402075549370        7.030828454719
      100000  66800000  -288591.791747532785     5506.286108550616        0.963573686766        0.864292545696        4.940423135580        4.472781125885
      100000  66900000  -288611.711674395017     5517.549436193891        0.960710960481        0.887480716082        5.747467644350        3.074851584675
      100000  67000000  -288653.781063807895     5506.090520629659        0.955252852606        0.863889882630        7.455287916391        4.499363242746
      100000  67100000  -288651.746114196256     5492.044545437209        0.955810124067        0.834972987346        7.270751066341        6.614245571667
      100000  67200000  -288653.624608933693     5488.905048548244        0.955628802470        0.828509605378        7.330540730914        7.142493248279
      100000  67300000  -288605.012340089306     5503.364501180127        0.961852746393        0.858277739800        5.418265279183        4.878051475229
      100000  67400000  -288748.587082386250     5485.908049051650        0.942946768288        0.822339587318       12.119765313332        7.665695645141
      100000  67500000  -288606.280679001473     5478.147649112158        0.962250239844        0.806363005462        5.305937188556        9.106403833403
      100000  67600000  -288688.142267243937     5512.501608056016        0.950527065275        0.877088591956        9.113161315385        3.669058420377
      100000  67700000  -288688.756337097846     5496.774154476821        0.950738384475        0.844709983707        9.035475483343        5.856758413842
      100000  67800000  -288597.301239352208     5485.897283136845        0.963262855752        0.822317423187        5.025097564591        7.667608441317
      100000  67900000  -288748.309913355159     5504.866212626919        0.942581374131        0.861369360856       12.275503114703        4.667546896186
      100000  68000000  -288712.861630716594     5500.420310526155        0.947427142049        0.852216440982       10.290983561774        5.304231638835
      100000  68100000  -288722.379979738267     5499.645096524619        0.946164412275        0.850620483293       10.791271729392        5.419414127356
      100000  68200000  -288676.404545406578     5524.766369962133        0.951921654560        0.902338446869        8.606622175908        2.316420994507
      100000  68300000  -288708.656772897346     5482.455975097604        0.948392923935        0.815232693017        9.916358484855        8.291259290780
      100000  68400000  -288561.247651534388     5489.857498159632        0.968012084643        0.830470443647        3.809829914238        6.980091088388
      100000  68500000  -288661.818799053086     5487.249240824953        0.954566934053        0.825100741423        7.685600421626        7.429270579796
      100000  68600000  -288571.535228970461     5502.510984110646        0.966364655705        0.856520577098        4.212359865174        4.999763727615
      100000  68700000  -288671.926404956961     5513.006697030738        0.952696354937        0.878128434672        8.331494766045        3.607239829852
      100000  68800000  -288602.579853084637     5482.415083374828        0.962638766246        0.815148507929        5.197280177040        8.298816465512
      100000  68900000  -288670.108742868993     5498.362733898684        0.953209748678        0.847980442622        8.151630150523        5.612665581404
      100000  69000000  -288569.834633074002     5504.006460392848        0.966564519869        0.859599361623        4.162448173958        4.787495778298
      100000  69100000  -288846.631889745127     5491.467187878676        0.929652198991        0.833784363001       18.426156864312        6.709868295409
      100000  69200000  -288676.778609542409     5499.631979796104        0.952288379351        0.850593479467        8.475826315366        5.421373675023
      100000  69300000  -288578.948645211756     5500.127828182653        0.965415827546        0.851614298291        4.453367008387        5.347543778560
      100000  69400000  -288578.660094649065     5492.813150402158        0.965607727364        0.836555338801        4.404082652879        6.488013091982
      100000  69500000  -288641.689077420160     5461.569370836951        0.957964404327        0.772232777386        6.579124779019       12.599482022551
      100000  69600000  -288670.845073670149     5498.739675500430        0.953103193114        0.848756464271        8.188799883735        5.555509343371
      100000  69700000  -288706.946511671646     5509.165596465580        0.948058487091        0.870220638930       10.045299775389        4.090548087658
      100000  69800000  -288627.450372064020     5510.491010465659        0.958710986072        0.872949310832        6.347500347900        3.920345015545
      100000  69900000  -288634.829075769987     5475.811082717031        0.958478053373        0.801552642006        6.419321438013        9.564469394494
      100000  70000000  -288811.070566167356     5485.969428190030        0.934554540011        0.822465950500       15.947505486116        7.654794880118
      100000  70100000  -288506.834462296218     5502.086592042819        0.975061375884        0.855646867668        2.315680774520        5.060840654267
      100000  70200000  -288692.212949525332     5518.938401257619        0.949879907437        0.890340222578        9.353140105966        2.920552107628
      100000  70300000  -288497.835210444871     5506.473127632402        0.976187492333        0.864677567820        2.111270973249        4.447437245631
      100000  70400000  -288648.257177254884     5461.906613946892        0.957072089878        0.772927070488        6.861407347510       12.522786168837
      100000  70500000  -288611.606149477884     5492.988696901128        0.961179628108        0.836916741955        5.611165705706        6.459352675463
      100000  70600000  -288613.126751402393     5497.655962463468        0.960876227605        0.846525389819        5.699216545388        5.720622857032
      100000  70700000  -288688.260812622029     5526.471289646812        0.950307545707        0.905848419179        9.194213937748        2.152908000579
      100000  70800000  -288634.016755707329     5495.107721971348        0.958124372822        0.841279246175        6.529145703116        6.118397291038
      100000  70900000  -288626.243847319856     5481.952786732465        0.959472487729        0.814196763147        6.115522988900        8.384492683841
      100000  71000000  -288688.581906981068     5513.003650096245        0.950459775448        0.878122161851        9.137968418036        3.607611174085
      100000  71100000  -288586.459363938076     5484.662013421766        0.964748471645        0.819774334188        4.626894668963        7.888665047763
      100000  71200000  -288702.119826589944     5457.416993453167        0.949978686379        0.763684146170        9.316309254119       13.563006057963
      100000  71300000  -288640.728673416656     5465.373520988971        0.957979020177        0.780064502138        6.574550427855       11.747917836472
      100000  71400000  -288655.467578385724     5470.711473928764        0.955846050493        0.791053915410        7.258933612145       10.603242984537
      100000  71500000  -288667.577728252858     5489.571752631105        0.953739777799        0.829882170251        7.967996600362        7.028617449315
      100000  71600000  -288659.024510612013     5499.733519503847        0.954670500965        0.850802522489        7.650600949102        5.406213593677
      100000  71700000  -288661.079207127914     5509.555616093799        0.954211126594        0.871023584727        7.806450812790        4.040088171814
      100000  71800000  -288649.459311015438     5501.108789511025        0.955927697166        0.853633834537        7.232112916453        5.202973686980
      100000  71900000  -288695.113195194164     5524.663936392404        0.949410657518        0.902127563625        9.529097725439        2.326435616781
      100000  72000000  -288696.543269501068     5488.094224934466        0.949884116869        0.826840337050        9.351569089101        7.282218450864
      100000  72100000  -288615.324318665080     5492.932748264633        0.960681549366        0.836801558720        5.756075780458        6.468480183558
      100000  72200000  -288658.805467495229     5471.569218675606        0.955373847314        0.792819781766        7.415024754076       10.424777909402
      100000  72300000  -288485.423690866213     5510.221891739406        0.977788026499        0.872395267562        1.836995128222        3.954611286893
      100000  72400000  -288681.040653927717     5496.470405625179        0.951780852953        0.844084646298        8.657106471697        5.904022550722
      100000  72500000  -288679.629646807909     5482.043805111200        0.952301160689        0.814384145574        8.471285790656        8.367589702081
      100000  72600000  -288700.231565024704     5491.890957373194        0.949302530469        0.834656790720        9.569875259857        6.639616033064
      100000  72700000  -288700.743767553475     5484.809576994739        0.949397911564        0.820078128003        9.533900030778        7.862092719024
      100000  72800000  -288595.946653870167     5482.911761288531        0.963517228353        0.816171034526        4.955749672123        8.207258745274
      100000  72900000  -288719.473314801464     5492.753705101088        0.946699546622        0.836432956872       10.577804048363        6.497732746591
      100000  73000000  -288711.507855135016     5507.565391201526        0.947474196666        0.866926245524       10.272570197496        4.300857557243
      100000  73100000  -288705.242587631801     5483.323821451515        0.948829978206        0.817019355872        9.749108753051        8.131684931516
      100000  73200000  -288798.978979428532     5473.688702475280        0.936491919495        0.797183230387       15.017294042204        9.990286922573
      100000  73300000  -288669.924989396706     5479.870344043709        0.953659205517        0.809909572237        7.995776785102        8.775881190656
      100000  73400000  -288607.060158471111     5495.082375379279        0.961744853078        0.841227064341        5.448957990538        6.122420982554
      100000  73500000  -288682.652946254937     5493.586058451794        0.951625882973        0.838146549154        8.712841487814        6.362300327317
      100000  73600000  -288687.794819839764     5473.304520766251        0.951433070443        0.796392303300        8.782436268148       10.068357345602
      100000  73700000  -288759.435644039186     5490.912990057841        0.941373996378        0.832643418344       12.797180399677        6.802300793744
      100000  73800000  -288619.889543169877     5492.683284997009        0.960073971512        0.836287980767        5.935344559991        6.509256259408
      100000  73900000  -288538.476672520163     5494.757397143170        0.970961716428        0.840558021324        3.139609215542        6.174127443336
      100000  74000000  -288554.301080950070     5490.556018305942        0.968929088874        0.831908509260        3.594526490887        6.862173536781
      100000  74100000  -288631.648158988217     5494.333339321427        0.958459034547        0.839685000017        6.425203432039        6.241925167265
      100000  74200000  -288632.581755819032     5477.837589561939        0.958726404051        0.805724676017        6.342760716513        9.166541792906
      100000  74300000  -288609.753903020406     5511.285739640705        0.961073932669        0.874585445029        5.641762115202        3.820024267944
      100000  74400000  -288752.875741454773     5496.931628875434        0.942124655526        0.845034181253       12.471563120231        5.832329738322
      100000  74500000  -288617.017041981220     5501.277322517708        0.960280986815        0.853980798791        5.873954945429        5.178335394502
      100000  74600000  -288749.134944016812     5484.142324184999        0.942915754153        0.818704433449       12.132945502984        7.982604394424
      100000  74700000  -288675.709787140135     5502.703863689676        0.952371580865        0.856917664414        8.446291091324        4.972127771943
      100000  74800000  -288573.074212701758     5469.821923090145        0.966935536728        0.789222568843        4.070583480291       10.789925687247
      100000  74900000  -288625.267030358315     5511.663224099204        0.958984372445        0.875362584274        6.263721400175        3.772828901566
      100000  75000000  -288677.179073921638     5512.526480066590        0.951998877047        0.877139796754        8.578996806961        3.666002003320
      100000  75100000  -288756.268210255308     5502.062237212434        0.941565959321        0.855596727605       12.713512321181        5.064356960897
      100000  75200000  -288599.905128004495     5514.601332548074        0.962342181783        0.881411361463        5.280122768879        3.415516639058
      100000  75300000  -288724.960066303145     5483.220389069989        0.946184706019        0.816806416343       10.783137554733        8.150622067732
      100000  75400000  -288648.309635807760     5519.979540337808        0.955760401306        0.892483648673        7.287122472733        2.807496830166
      100000  75500000  -288691.933537719073     5500.844272091053        0.950229139005        0.853089264122        9.223250809733        5.241762111620
      100000  75600000  -288602.383175131166     5517.958851629868        0.961957500278        0.888323592645        5.388548590486        3.028956996332
      100000  75700000  -288564.414206304355     5495.566401468590        0.967461393009        0.842223544226        3.942136191249        6.045811900550
      100000  75800000  -288588.490739715053     5480.829479052685        0.964570468567        0.811884173946        4.673739780497        8.594505761331
      100000  75900000  -288680.355996501865     5491.497910051607        0.951980323612        0.833847611715        8.585630011260        6.704762761435
      100000  76000000  -288620.412609767867     5473.282206023112        0.960482283853        0.796346363229        5.814567090862       10.072901311626
      100000  76100000  -288701.892990688561     5521.022820726968        0.948549902308        0.894631483149        9.856123089767        2.696447526106
      100000  76200000  -288738.438266793964     5496.672841990367        0.944068825663        0.844501408473       11.647737833357        5.872501797152
      100000  76300000  -288637.107498835539     5513.886037783697        0.957357822100        0.879938761411        6.770370982650        3.500869142872
      100000  76400000  -288463.928405996878     5502.214980450459        0.980820645753        0.855911184961        1.369624993678        5.042324353107
      100000  76500000  -288625.182139010867     5496.538062399253        0.959280549510        0.844223933448        6.173586368166        5.893478532722
      100000  76600000  -288739.084482300328     5501.535715050995        0.943883771353        0.854512759707       11.724940928410        5.140673850557
      100000  76700000  -288649.770210235845     5530.596549415030        0.955426555932        0.914341222498        7.397519104327        1.782025782029
      100000  76800000  -288659.514652531594     5507.116837916896        0.954464288722        0.866002794629        7.720367265662        4.360755335377
      100000  76900000  -288605.439713292988     5500.811230060644        0.961844849307        0.853021239445        5.420508845108        5.246617464459
      100000  77000000  -288678.340385957155     5500.959698948078        0.952052256998        0.853326897059        8.559926761505        5.224818381726
      100000  77100000  -288611.479449225590     5481.482026804239        0.961466941663        0.813227594730        5.528415438736        8.472189525113
      100000  77200000  -288565.404081322020     5486.294468938373        0.967536797029        0.823135122213        3.923886578334        7.597197833850
      100000  77300000  -288651.794398443075     5497.742552271113        0.955681853972        0.846703655006        7.313021992268        5.707341238033
      100000  77400000  -288628.753457180224     5509.635520259850        0.958550694728        0.871188085972        6.396880278753        4.029788991078
      100000  77500000  -288634.074531422229     5506.656478895806        0.957888897604        0.865055038890        6.602781601347        4.422660311623
      100000  77600000  -288652.711824022466     5467.509734500200        0.956307368747        0.784462392748        7.108044044720       11.282786071013
      100000  77700000  -288631.722300775815     5491.458192734979        0.958512118019        0.833765844413        6.408792923261        6.711363512237
      100000  77800000  -288683.685999897541     5453.176505518146        0.952591177520        0.754954118964        8.368585323728       14.583610372504
      100000  77900000  -288650.834546745522     5499.464915642515        0.955775704078        0.850249539188        7.282082016267        5.446362878962
      100000  78000000  -288674.817674573744     5468.951478008181        0.953297381956        0.787430555904        8.121124432115       10.974175790012
      100000  78100000  -288677.157919088611     5492.076211477630        0.952396929166        0.835038179229        8.437303089429        6.609020851798
      100000  78200000  -288642.551324389875     5498.482496346347        0.956907928623        0.848227001377        6.913985306071        5.594474111360
      100000  78300000  -288752.868924409617     5500.475963528268        0.942053549848        0.852331015585       12.502227083097        5.296010228323
      100000  78400000  -288647.435770725366     5490.133532291278        0.956431805226        0.831038723881        7.067614323770        6.933373576882
      100000  78500000  -288603.489012475125     5490.995916028507        0.962313850910        0.832814140674        5.288070481678        6.788429665420
      100000  78600000  -288586.264683860121     5491.092489163391        0.964624699815        0.833012958854        4.659442738024        6.772293603124
      100000  78700000  -288780.697722490178     5509.247914181091        0.938153171627        0.870390109026       14.241921160253        4.079871922330
      100000  78800000  -288667.030475572450     5502.624477555975        0.953538632020        0.856754229659        8.037439125929        4.983493012593
      100000  78900000  -288647.179461602587     5499.945978457108        0.956256895106        0.851239918485        7.124475927120        5.374561718123
      100000  79000000  -288683.962954140734     5505.369340475649        0.951213048999        0.862405166139        8.862190179008        4.598058532187
      100000  79100000  -288700.635134438053     5486.890838393942        0.949362812451        0.824362886954        9.547130611092        7.492087123670
      100000  79200000  -288708.556306594517     5507.015025634319        0.947880430381        0.865793190449       10.114288862174        4.374408566855
      100000  79300000  -288784.502576129045     5499.271869868971        0.937829616701        0.849852109722       14.391325664204        5.475309933548
      100000  79400000  -288690.004275003914     5506.104001564905        0.950388273864        0.863917636260        9.164365178768        4.497528538140
      100000  79500000  -288540.157025206834     5515.037660191767        0.970358695952        0.882309643043        3.271359882960        3.363969110379
      100000  79600000  -288701.509406918194     5514.724991875701        0.948696007887        0.881665942849        9.800224657726        3.400867788434
      100000  79700000  -288842.675916524837     5484.954308426008        0.930334673191        0.820376091198       18.070370985418        7.836073931294
      100000  79800000  -288520.843109223992     5490.752239660360        0.973417659632        0.832312476395        2.630995711820        6.829230030291
      100000  79900000  -288676.577400778420     5477.177671457641        0.952835605959        0.804366081654        8.282514966474        9.295195876928
      100000  80000000  -288597.802169494564     5497.132346525788        0.962944960231        0.845447405056        5.112440640878        5.801266833954
      100000  80100000  -288598.831412232481     5491.481304862536        0.962928444516        0.833813426084        5.116998964484        6.707522037086
      100000  80200000  -288733.224239406176     5492.252203161828        0.944864016617        0.835400498900       11.318893168471        6.580020825756
      100000  80300000  -288836.198849543463     5499.218125754967        0.930888526167        0.849741465007       17.784187165609        5.483382472131
      100000  80400000  -288693.328217642615     5489.959792424925        0.950272959494        0.830681040100        9.207016835440        6.962759958380
      100000  80500000  -288698.854575934587     5479.865339249372        0.949774445124        0.809899268708        9.392543129220        8.776832579935
      100000  80600000  -288751.255789535586     5494.511275576428        0.942393372512        0.840051323037       12.356020284158        6.213431907621
      100000  80700000  -288608.304228897672     5507.305872808211        0.961337823052        0.866391966764        5.565527326985        4.335461971780
      100000  80800000  -288702.400626004441     5498.232907109894        0.948875998048        0.847713164088        9.731580884946        5.632419142329
      100000  80900000  -288670.212853272213     5503.586274935864        0.953092904376        0.858734312476        8.192393376174        4.846671825231
      100000  81000000  -288624.516785831889     5485.871710322797        0.959608752399        0.822264775623        6.074467975598        7.672152957987
      100000  81100000  -288706.196594795678     5487.241088262759        0.948607732628        0.825083957485        9.833978820164        7.430696525295
      100000  81200000  -288643.637880904600     5483.682100223377        0.957093947778        0.817756955760        6.854421786290        8.066258984254
      100000  81300000  -288682.508231669199     5493.502937073819        0.951647123956        0.837975424533        8.705191583062        6.375760921239
      100000  81400000  -288712.160907286685     5481.159858917817        0.947954753151        0.812564337468       10.085463375366        8.532468436256
      100000  81500000  -288663.756256472087     5531.539210447110        0.953537681180        0.916281908707        8.037768104455        1.702193295054
      100000  81600000  -288756.550646794960     5500.119195680134        0.941566232099        0.851596526284       12.713393624701        5.348824795212
      100000  81700000  -288623.594193236902     5483.392474601977        0.959792668456        0.817160694294        6.019275389510        8.119127585487
      100000  81800000  -288587.219618868316     5506.878295016475        0.964176924051        0.865511698783        4.778146472751        4.392777991109
      100000  81900000  -288647.757728758501     5486.325987260789        0.956476965213        0.823200009985        7.052970248696        7.591624372184
      100000  82000000  -288560.292650481220     5499.807645040564        0.967927492763        0.850955127086        3.830006709363        5.395159906528
      100000  82100000  -288614.060726330383     5510.119356910698        0.960515411044        0.872184175853        5.804822624054        3.967706038402
      100000  82200000  -288598.773493584478     5507.062834360637        0.962622052487        0.865891615792        5.201931282329        4.367994663022
      100000  82300000  -288614.600601510610     5485.288301863708        0.960954345803        0.821063694097        5.676480084871        7.776195551928
      100000  82400000  -288712.424430530053     5490.956961659715        0.947686037004        0.832733944078       10.189877260699        6.794943847045
      100000  82500000  -288597.223891545553     5498.890155000612        0.962986560514        0.849066261198        5.100967999479        5.532773600752
      100000  82600000  -288773.830005038530     5499.730309673585        0.939253597437        0.850795914310       13.739623713557        5.406692502861
      100000  82700000  -288508.653193017002     5492.117749078199        0.975024124355        0.835123694007        2.322603937235        6.602170509617
      100000  82800000  -288698.608386944747     5503.945251013152        0.949272940911        0.859473347928        9.581049427478        4.796093470892
      100000  82900000  -288632.696910453029     5521.696129473858        0.957832621556        0.896017645253        6.620440922445        2.625968639598
      100000  83000000  -288722.388788698474     5509.265053519979        0.945983047004        0.870425394327       10.864103055883        4.077650796869
      100000  83100000  -288646.018629867118     5501.379035728052        0.956384436743        0.854190199008        7.082990868968        5.163493962159
      100000  83200000  -288676.066741834860     5508.884681199677        0.952210167546        0.869642309749        8.503637276589        4.127086322130
      100000  83300000  -288668.095827623736     5522.836400468834        0.953063239252        0.898365157370        8.202758767960        2.508738976479
      100000  83400000  -288615.963832653593     5488.645286200568        0.960692173576        0.827974824382        5.752965510429        7.187109453773
      100000  83500000  -288577.517663586186     5480.391435562633        0.966055110141        0.810982359899        4.290249198868        8.677106191196
      100000  83600000  -288519.814612742979     5507.897891007364        0.973210318162        0.867610773436        2.672199158124        4.256724362417
      100000  83700000  -288654.891363982577     5485.372810386121        0.955541761598        0.821237674476        7.359328887042        7.761081260522
      100000  83800000  -288760.406724898843     5501.478022062220        0.941021583672        0.854393985318       12.951495673375        5.149070870503
      100000  83900000  -288770.873918803176     5512.870002231561        0.939411158829        0.877847016747       13.668441664463        3.623918273184
      100000  84000000  -288737.461210664129     5467.056177178398        0.944939723252        0.783528639883       11.287830804098       11.380756486130
      100000  84100000  -288685.551328137051     5480.841620416380        0.951536116967        0.811909169757        8.745207666086        8.592221930411
      100000  84200000  -288573.806251324015     5479.683824758045        0.966571537544        0.809525579059        4.160701069145        8.811372532520
      100000  84300000  -288811.584384480258     5513.060118746012        0.933941129694        0.878238415654       16.247853552893        3.600732179476
      100000  84400000  -288721.615604877006     5502.849108395167        0.946204205522        0.857216684303       10.775324618765        4.951367535778
      100000  84500000  -288637.300576904556     5494.672152025625        0.957692706039        0.840382524493        6.664448362790        6.187726573674
      100000  84600000  -288598.768209439470     5487.822992343456        0.963020423744        0.826281941899        5.091638618662        7.329260722386
      100000  84700000  -288612.525980393635     5487.810812001117        0.961173208246        0.826256865841        5.613021735780        7.331376820522
      100000  84800000  -288557.802887170343     5506.579274441116        0.968132642526        0.864896095626        3.781166620831        4.433084799323
      100000  84900000  -288729.871694282861     5497.723558058962        0.945197423162        0.846664551018       11.182416668360        5.710253352706
      100000  85000000  -288736.299089303706     5479.579036060721        0.944753427013        0.809309847239       11.364344693947        8.831343402092
      100000  85100000  -288761.568053590367     5499.516707480885        0.940904513013        0.850356164691       13.002963484090        5.438609788465
      100000  85200000  -288559.189459348097     5499.729607230984        0.968077200543        0.850794468169        3.794334812286        5.406797310675
      100000  85300000  -288581.750856190454     5492.477193273604        0.965200065444        0.835863693190        4.509107254068        6.543039672673
      100000  85400000  -288623.751268248307     5515.386702337302        0.959127516281        0.883028227195        6.220077131885        3.323015623755
      100000  85500000  -288621.637678146129     5493.429388188757        0.959822892689        0.837824007107        6.010229297676        6.387683216408
      100000  85600000  -288675.251591846580     5480.067155523226        0.952938889616        0.810314754281        8.246279505694        8.738509084564
      100000  85700000  -288673.988764293958     5471.429398761131        0.953338809776        0.792531930066        8.106723043999       10.453765953496
      100000  85800000  -288698.479207478231     5474.269871419296        0.949972022598        0.798379701352        9.318791634888        9.872763790632
      100000  85900000  -288706.575769351795     5487.190991677344        0.948557991212        0.824980822053        9.853024205071        7.439461805126
      100000  86000000  -288593.169690372422     5492.044976126403        0.963676208795        0.834973874020        4.912652582648        6.614174496506
      100000  86100000  -288576.162847405300     5495.340077664703        0.965888497111        0.841757604222        4.332468554310        6.081573194841
      100000  86200000  -288760.469163150061     5489.482384618372        0.941267641695        0.829698185484       12.843653791204        7.043828762867
      100000  86300000  -288640.948715058621     5508.791450546123        0.956927720460        0.869450372841        6.907635690396        4.139248601989
      100000  86400000  -288774.426226062933     5497.020891118795        0.939228833683        0.845217948269       13.750828130649        5.818505343425
      100000  86500000  -288587.609044539044     5500.766674955375        0.964240168799        0.852929512434        4.761289968707        5.253168162061
      100000  86600000  -288655.478751566028     5517.026375603862        0.954841520814        0.886403874631        7.592981232901        3.133987614373
      100000  86700000  -288668.405929751694     5469.089026949368        0.954154476752        0.787713732278        7.825778991814       10.944956563353
      100000  86800000  -288660.243430935778     5484.530506554991        0.954843362809        0.819503596824        7.592361816692        7.912383762297
      100000  86900000  -288633.075952988118     5508.679642339237        0.957986897573        0.869220189734        6.572085683771        4.153857989892
      100000  87000000  -288770.268725114176     5485.502353472635        0.940044891646        0.821504368943       13.384005165042        7.737941111333
      100000  87100000  -288796.047949718544     5471.076690047048        0.936957604134        0.791805797433       14.797867374353       10.527069806309
      100000  87200000  -288749.299686641898     5490.349881059490        0.942747830071        0.831484127963       12.204433193598        6.896867194230
      100000  87300000  -288574.975684663281     5498.080118950456        0.965990730397        0.847398614251        4.306538370521        5.655710797440
      100000  87400000  -288629.377223526360     5502.511860813946        0.958597169371        0.856522381995        6.382543437354        4.999637939523
      100000  87500000  -288675.848103794269     5522.206410223618        0.952030856943        0.897068176441        8.567569406530        2.573176478577
      100000  87600000  -288597.894728993066     5520.950866173953        0.962516610379        0.894483348025        5.231321673782        2.704034600136
      100000  87700000  -288641.059821368661     5495.662661156617        0.957166790066        0.842421717103        6.831167820342        6.030633926169
      100000  87800000  -288537.835074928124     5483.697933695279        0.971301577673        0.817789552632        3.066547921996        8.063373702195
      100000  87900000  -288688.083427838283     5490.667945240624        0.950961238074        0.832138936795        8.953909599330        6.843372467000
      100000  88000000  -288702.832613611594     5504.488596065901        0.948695466495        0.860591949647        9.800431494900        4.720042903065
      100000  88100000  -288629.331082262099     5510.581140825525        0.958456893170        0.873134865067        6.425865869153        3.908902253244
      100000  88200000  -288775.062227651943     5515.065313827246        0.938813375470        0.882366574460       13.939484125152        3.360715331328
      100000  88300000  -288682.565043113194     5496.320205692202        0.951579294140        0.843775424925        8.729632143894        5.927464248913
      100000  88400000  -288650.056508675450     5481.167252982035        0.956294425003        0.812579559863        7.112256120111        8.531082581208
      100000  88500000  -288718.360970670357     5513.071131521836        0.946459709128        0.878261088005       10.673212685762        3.599391371286
      100000  88600000  -288531.951661800267     5490.649210566655        0.971928238973        0.832100367127        2.934087271572        6.846517650587
      100000  88700000  -288644.009048131993     5471.520144039765        0.957362190378        0.792718750254        6.768983935937       10.434947682207
      100000  88800000  -288469.472081556218     5507.626342866570        0.979975539627        0.867051728653        1.492984688976        4.292750314537
      100000  88900000  -288608.602564755362     5491.172081405297        0.961623212844        0.833176817931        5.483665283773        6.759009251106
      100000  89000000  -288669.213287268765     5508.489471325651        0.953137442230        0.868828678628        8.176843558104        4.178765745999
      100000  89100000  -288531.316257575061     5492.486106419004        0.971972616143        0.835882042965        2.924817915663        6.541576783682
      100000  89200000  -288689.092763602035     5493.010423013940        0.950773651798        0.836961470193        9.022542778761        6.455809996086
      100000  89300000  -288710.898700918304     5497.053593453951        0.947759120473        0.845285273605       10.161426294923        5.813444709741
      100000  89400000  -288666.584838455077     5481.691707884893        0.954061711720        0.813659271831        7.857480804770        8.433072142600
      100000  89500000  -288723.333934919676     5498.095393851399        0.946067726562        0.847430061175       10.830067579738        5.653380066563
      100000  89600000  -288631.757547000423     5539.643381716684        0.957752683922        0.932966223520        6.645565747864        1.091333817236
      100000  89700000  -288726.572157268878     5465.828423133120        0.946437887877        0.781001023632       10.681914555192       11.648081719739
      100000  89800000  -288663.809807348065     5499.941945164464        0.954023724503        0.851231615017        7.870481168857        5.375161727811
      100000  89900000  -288542.274467472453     5485.141164137982        0.970670395839        0.820760776987        3.202920171045        7.802546118295
      100000  90000000  -288653.360044464236     5508.022323921323        0.955274596852        0.867866947428        7.448044092349        4.240266723417
      100000  90100000  -288519.790874016006     5497.095178128220        0.973421690668        0.845370885295        2.630197826128        5.807012728306
      100000  90200000  -288694.641829910688     5501.014496129006        0.949862094401        0.853439709756        9.359789632121        5.216784200075
      100000  90300000  -288652.510666981107     5506.964199705049        0.955407587777        0.865688553494        7.403816448078        4.381232411800
      100000  90400000  -288563.880703558680     5500.747044929303        0.967426981298        0.852889099476        3.950478735448        5.256055556220
      100000  90500000  -288560.830705703003     5497.053179468028        0.967911417668        0.845284421319        3.833846954883        5.813508759636
      100000  90600000  -288678.296352092410     5494.434398936108        0.952192580921        0.839893054655        8.509897093198        6.225734308100
      100000  90700000  -288680.353759565856     5504.592558042146        0.951712155748        0.860805979470        8.681791382025        4.705560892127
      100000  90800000  -288641.850058521377     5501.373403863981        0.956944334955        0.854178604510        6.902307681770        5.164315175788
      100000  90900000  -288563.138270807685     5493.128165732138        0.967685217233        0.837203870867        3.888088956606        6.436627666873
      100000  91000000  -288790.113189403201     5513.110037410632        0.936823631600        0.878341184794       14.860828633851        3.594656568832
      100000  91100000  -288738.835543605965     5488.262382665649        0.944200877599        0.827186528712       11.592802794288        7.253129422212
      100000  91200000  -288684.676992448745     5513.451046027243        0.950976862784        0.879043230065        8.948204726316        3.553289566304
      100000  91300000  -288602.368607295677     5508.417439027689        0.962115131296        0.868680383448        5.343985660144        4.188219658725
      100000  91400000  -288651.123018863145     5524.452893769369        0.955320777807        0.901693083474        7.432671163844        2.347136719392
      100000  91500000  -288688.280455766013     5492.206732161343        0.950900420115        0.835306886307        8.976132680240        6.587507458080
      100000  91600000  -288692.199240776710     5483.767807993107        0.950570657076        0.817933405068        9.097108736541        8.050646900922
      100000  91700000  -288761.033497112570     5478.359736959450        0.941463328357        0.806799637450       12.758210441005        9.065382082245
      100000  91800000  -288593.821756785968     5472.687930616550        0.964069409985        0.795122909573        4.806870351938       10.194291193625
      100000  91900000  -288573.993245320395     5512.326773081906        0.965858766883        0.876728653641        4.340023859577        3.690579098124
      100000  92000000  -288696.482153048273     5461.722534114495        0.950601685787        0.772548099490        9.085691106963       12.564620596102
      100000  92100000  -288703.639695354970     5494.337204083800        0.948791372226        0.839692956526        9.763825021098        6.241305603260
      100000  92200000  -288521.950649072183     5501.954899582081        0.973034012896        0.855375748216        2.707486851064        5.079868725673
      100000  92300000  -288649.973280144855     5493.575481052510        0.956014590668        0.838124773126        7.203623181513        6.364012431059
      100000  92400000  -288655.643746502930     5489.991219551302        0.955332806684        0.830745740123        7.428669543055        6.957439766697
      100000  92500000  -288764.612999360077     5497.801958577707        0.940530479088        0.846825956656       13.168084077241        5.698238101107
      100000  92600000  -288828.325408871751     5509.774772646837        0.931748226707        0.871474769284       17.344492234050        4.011871585245
      100000  92700000  -288669.890954056755     5452.228869313374        0.954474990412        0.753003190208        7.716738848976       14.816749106565
      100000  92800000  -288497.500176768051     5489.397012353875        0.976583100156        0.829522426891        2.041702723148        7.058375316875
      100000  92900000  -288680.413577848580     5488.761762650684        0.952034675549        0.828214618150        8.566205410064        7.167086537150
      100000  93000000  -288669.940305991564     5493.036812696606        0.953345013940        0.837015799471        8.104567415746        6.451508177889
      100000  93100000  -288725.569588335231     5493.690614163876        0.945860434051        0.838361801319       10.913479835632        6.345388877433
      100000  93200000  -288641.073044923134     5500.772244141437        0.957060500216        0.852940977894        6.865112728293        5.252349131078
      100000  93300000  -288654.726064162562     5507.093749990687        0.955107752847        0.865955262782        7.503716226582        4.363849601673
      100000  93400000  -288620.076980493730     5479.780769527890        0.960355468531        0.809725162336        5.851945736082        8.792916707898
      100000  93500000  -288728.228512485977     5492.390104025602        0.945531835895        0.835684399788       11.046359820753        6.557341987467
      100000  93600000  -288495.388525600778     5490.032062410377        0.976852186490        0.830829824614        1.995049431919        6.950528655939
      100000  93700000  -288565.901780070039     5479.634503648616        0.967634272839        0.809424040124        3.900357797730        8.820769446285
      100000  93800000  -288683.641074689338     5500.102847727947        0.951357417975        0.851562870235        8.809818293527        5.351251163209
      100000  93900000  -288501.036185685778     5479.788300625980        0.976340992770        0.809740666847        2.084139310096        8.791483787815
      100000  94000000  -288584.766513961367     5518.710437791422        0.964312008221        0.889870906949        4.742178874969        2.945604024001
      100000  94100000  -288697.251649074256     5484.840528937988        0.949866112479        0.820141849751        9.358289495406        7.856524773609
      100000  94200000  -288629.137601127615     5495.457100561820        0.958772153487        0.841998522977        6.328707329794        6.063069307746
      100000  94300000  -288524.703872392187     5486.256085016765        0.973003247052        0.823056100014        2.713668388909        7.603988118045
      100000  94400000  -288787.521986776963     5481.506295911968        0.937825982439        0.813277558312       14.393008245987        8.467657331775
      100000  94500000  -288706.784831322264     5486.426436290145        0.948547966848        0.823406807592        9.856864643100        7.573875371107
      100000  94600000  -288669.470264325850     5496.135161405429        0.953341648884        0.843394468374        8.105736564269        5.956407960901
      100000  94700000  -288648.499629667029     5504.387871136889        0.955993605964        0.860384584036        7.210498277676        4.734095212484
      100000  94800000  -288718.377354780445     5514.612463063560        0.946432639589        0.881434276209       10.684007994575        3.414196813907
      100000  94900000  -288644.654301316477     5490.090613168664        0.956806296470        0.830950364920        6.946636874204        6.940627142753
      100000  95000000  -288695.206504329806     5511.713327684440        0.949591521850        0.875465734116        9.461083674500        3.766586704272
      100000  95100000  -288615.658344031079     5501.893501424231        0.960451413349        0.855249345878        5.823655102406        5.088752268748
      100000  95200000  -288581.922673724592     5494.720745239407        0.965128237022        0.840482564886        4.527740410614        6.179972678206
      100000  95300000  -288683.925330851227     5484.124715233222        0.951673033031        0.818668181340        8.695865021924        7.985797138494
      100000  95400000  -288580.873676189687     5456.333039806224        0.966295116154        0.761452576366        4.229795596983       13.820370948666
      100000  95500000  -288634.641230174573     5495.715197992511        0.958027616688        0.842529876356        6.559352521381        6.022358102952
      100000  95600000  -288582.511980877258     5503.402621584944        0.964873542992        0.858356219488        4.594120750541        4.872650461137
      100000  95700000  -288666.244476092281     5475.081657165661        0.954278863000        0.800050950454        7.783371415410        9.709769654111
      100000  95800000  -288560.529995664721     5485.211123162881        0.968217219410        0.820904803854        3.761122604822        7.790011755019
      100000  95900000  -288626.626485904679     5508.967544578016        0.958847937072        0.869812903218        6.305462296742        4.116291511499
      100000  96000000  -288772.810962368269     5488.109837003984        0.939641939454        0.826872478113       13.564514804874        7.279515321062
      100000  96100000  -288754.850878231926     5519.342193545774        0.941462479251        0.891171522587       12.758580572829        2.876440171451
      100000  96200000  -288673.552945862757     5501.168272427283        0.952691049270        0.853756293906        8.333363823348        5.194271042736
      100000  96300000  -288562.761480917921     5499.810651720501        0.967595898981        0.850961317034        3.909612062480        5.394711785605
      100000  96400000  -288698.745911553269     5509.948922961019        0.949146160147        0.871833298068        9.629000588457        3.989520094886
      100000  96500000  -288557.257109461119     5493.119974832051        0.968475164043        0.837187008001        3.700320842021        6.437961182762
      100000  96600000  -288561.430585056776     5494.556716836989        0.967883590252        0.840144874403        3.840499309546        6.206165763660
      100000  96700000  -288670.596063613426     5481.258645233698        0.953533916016        0.812767711995        8.039070869286        8.513962403000
      100000  96800000  -288591.013605798595     5519.309184969403        0.963464295208        0.891103566783        4.970140778045        2.880033566121
      100000  96900000  -288720.432986965869     5477.318864888512        0.946942632807        0.804656761055       10.481540155954        9.267594173814
      100000  97000000  -288687.589483445510     5478.134687686339        0.951331803117        0.806336321363        8.819099119385        9.108913817876
      100000  97100000  -288619.374013578286     5463.315464825369        0.960908058143        0.775827516542        5.689946716638       12.204917420602
      100000  97200000  -288624.944036250003     5475.051669466309        0.959825810126        0.799989213825        6.009356470804        9.715766591764
      100000  97300000  -288688.320357858902     5492.601165608503        0.950886359866        0.836118918973        8.981274261098        6.522707131944
      100000  97400000  -288659.066526806680     5524.045197772793        0.954259467393        0.900853746775        7.789976466935        2.387387152801
      100000  97500000  -288660.004378060577     5484.320285828784        0.954880566207        0.819070808738        7.579856664721        7.950373337764
      100000  97600000  -288569.179396529915     5470.848973859102        0.967429638026        0.791336990884        3.949834342130       10.574532373890
      100000  97700000  -288584.904393227072     5501.459517592564        0.964589753131        0.854355889579        4.668653260855        5.151765585054
      100000  97800000  -288642.870153480675     5508.007387679070        0.956683525430        0.867836197712        6.986182354158        4.242240524342
      100000  97900000  -288607.311890035402     5473.642369587906        0.962231717720        0.797087843400        5.311145239319        9.999686218894
      100000  98000000  -288844.589166625636     5459.990778780542        0.930766042222        0.768982879777       17.847279660023       12.961598682155
      100000  98100000  -288654.143230790272     5486.373622274958        0.955618340078        0.823298077701        7.333998110324        7.583204837883
      100000  98200000  -288601.140890060691     5468.787201859988        0.963195962274        0.787092355379        5.043414300993       11.009123658651
      100000  98300000  -288721.742353372509     5503.420908532105        0.946176266229        0.858393867407       10.786520033899        4.870060573040
      100000  98400000  -288768.064724705182     5487.753771096468        0.940287596544        0.826139433919       13.275864630319        7.341290635282
      100000  98500000  -288614.800041471608     5488.052356700413        0.960862202222        0.826754141586        5.703303473430        7.289470144587
      100000  98600000  -288643.336644364055     5520.635398682207        0.956418803073        0.893833885079        7.071833360891        2.737424115896
      100000  98700000  -288657.189844902139     5478.077104317024        0.955415599208        0.806217772651        7.401156361468        9.120069038223
      100000  98800000  -288766.266938402085     5508.386955153197        0.940106136158        0.868617625327       13.356675443813        4.192223745990
      100000  98900000  -288602.400285165524     5499.923605839722        0.962270635514        0.851193859267        5.300205289178        5.377890385742
      100000  99000000  -288744.747640455840     5496.609487717040        0.943222877763        0.844370979018       12.002741806553        5.882357429053
      100000  99100000  -288541.391042762203     5502.897165098228        0.970405229540        0.857315620164        3.261096594726        4.944508217639
      100000  99200000  -288519.613827770809     5488.973411868326        0.973623230739        0.828650347117        2.590460125364        7.130774406327
      100000  99300000  -288610.760616982589     5512.108121122234        0.960924986588        0.876278507907        5.685019814077        3.717581832200
      100000  99400000  -288576.717014065944     5507.282160168514        0.965580023572        0.866343148800        4.411180696894        4.338630749734
      100000  99500000  -288717.940520592034     5508.954279065132        0.946585815689        0.869785593085       10.622993420618        4.118018691250
      100000  99600000  -288675.012632530183     5508.534293154255        0.952357872145        0.868920954750        8.451153923283        4.172888475507
      100000  99700000  -288684.558513972908     5479.631189094856        0.951700215667        0.809417216347        8.686085386309        8.821401131858
      100000  99800000  -288705.152896395652     5470.122624452226        0.949190492923        0.789841632288        9.612219387499       10.726637703213
      100000  99900000  -288690.137300305301     5499.434855152853        0.950498431629        0.850187652703        9.123713289054        5.450865381310
      100000 100000000  -288650.501370623708     5481.890608391725        0.956216552237        0.814068754622        7.137623340430        8.396049600492
      100000 100100000  -288620.103762532119     5498.434995916672        0.959923328906        0.848129210734        5.980217670378        5.601685716557
      100000 100200000  -288754.536590490723     5471.626535245217        0.942516739089        0.792937781208       12.303155264900       10.412906431663
      100000 100300000  -288700.653099755989     5507.379465001635        0.948935184305        0.866543473351        9.709061425627        4.325635038406
      100000 100400000  -288676.881296487059     5470.101471667178        0.952987618583        0.789798084378        8.229211287658       10.731083598571
      100000 100500000  -288634.870573000284     5495.794003834017        0.957995153169        0.842692116445        6.569503101060        6.009954930080
      100000 100600000  -288609.473811038537     5503.902509239502        0.961243426521        0.859385354081        5.592737788211        4.802101709754
      100000 100700000  -288531.506232404849     5499.834506968036        0.971792617612        0.851010428589        2.962506304075        5.391157016714
      100000 100800000  -288655.744011471979     5511.966624360532        0.954886622836        0.875987204029        7.577821829890        3.735108631962
      100000 100900000  -288592.805892138276     5475.946333308704        0.964117649028        0.801831086695        4.793971973742        9.537648101814
      100000 101000000  -288779.546901619527     5485.733745354228        0.938793407489        0.821980742760       13.948583786252        7.696693785924
      100000 101100000  -288681.238548106514     5501.951912138611        0.951643662480        0.855369597871        8.706437998818        5.080300791636
      100000 101200000  -288693.624903065618     5481.350718839094        0.950439111888        0.812957266851        9.145593023814        8.496731977696
      100000 101300000  -288587.998377178796     5451.767237978987        0.965487498807        0.752052815117        4.434928070805       14.930989934919
      100000 101400000  -288670.780853952980     5477.751100335270        0.953598991773        0.805546617899        8.016569197316        9.183352215492
      100000 101500000  -288539.576156985946     5480.136224657297        0.971156675430        0.810456949102        3.097592936212        8.725412599533
      100000 101600000  -288692.997976945713     5487.882244184613        0.950365141561        0.826403925546        9.172913250302        7.318971221479
      100000 101700000  -288678.145496869460     5465.471475443803        0.952951508625        0.780266164086        8.241857768686       11.726384051524
      100000 101800000  -288774.143587758299     5522.599872880615        0.938825563500        0.897878210511       13.933931345258        2.532836008868
      100000 101900000  -288761.790557023371     5498.285868937150        0.940899577055        0.847822198284       13.005135722854        5.624356640557
      100000 102000000  -288656.443873897195     5510.374831533991        0.954819498915        0.872710129575        7.600388596683        3.935119522792
      100000 102100000  -288666.259149697144     5491.488192192279        0.953873573837        0.833827605249        7.921972407931        6.706377504181
      100000 102200000  -288594.444947764976     5512.910047244281        0.963102746044        0.877929458686        5.068994289450        3.619028306110
      100000 102300000  -288739.713534779614     5468.054039802402        0.944608394115        0.785582971363       11.424090201231       11.165772777003
      100000 102400000  -288740.559004473733     5466.762289984152        0.944532282668        0.782923604982       11.455506564880       11.444463552794
      100000 102500000  -288631.886850210605     5481.009100807831        0.958738370845        0.812253966959        6.339083231899        8.560749277919
      100000 102600000  -288602.096978669753     5494.218368630856        0.962429872065        0.839448306204        5.255560731784        6.260370299947
      100000 102700000  -288622.980701525463     5503.538823049515        0.959436502727        0.858636621770        6.126387944423        4.853377466385
      100000 102800000  -288753.085335785057     5490.162675731815        0.942243705115        0.831098722408       12.420307877283        6.928450338260
      100000 102900000  -288624.434726750245     5472.803829826415        0.959955277296        0.795361514958        5.970686830253       10.170559927813
      100000 103000000  -288532.802160087973     5493.180352800526        0.971757843796        0.837311310043        2.969815110405        6.428134617616
      100000 103100000  -288627.947089841589     5516.241114150733        0.958550748895        0.884787231934        6.396863559606        3.223825016447
      100000 103200000  -288746.129301701672     5502.780716011301        0.942913629125        0.857075882730       12.133848845868        4.961137641992
      100000 103300000  -288751.195883993059     5473.566776312888        0.942911925143        0.796932217124       12.134573227802       10.015030895502
      100000 103400000  -288647.879186902894     5501.077636245638        0.956140500884        0.853569698320        7.162440817257        5.207534470002
      100000 103500000  -288726.833552204771     5512.124213936739        0.945337549682        0.876311638695       11.125304396195        3.715591071761
      100000 103600000  -288673.749742876273     5494.464293489233        0.952802492075        0.839954599522        8.294149273409        6.220948902445
      100000 103700000  -288785.968816628214     5495.587517515756        0.937708882684        0.842267016503       14.447275445485        6.042480744449
      100000 103800000  -288637.943771099672     5511.030466266908        0.957292687848        0.874059905625        6.791069730351        3.852106342623
      100000 103900000  -288560.217671376187     5509.119330205955        0.967763174806        0.870125389112        3.869351998335        4.096554696698
      100000 104000000  -288614.956541025313     5501.461358595639        0.960554082781        0.854359679710        5.793457549759        5.151497457288
      100000 104100000  -288682.420084601501     5453.499801182188        0.952750550266        0.755619698016        8.312415075906       14.504495691085
      100000 104200000  -288550.143887563609     5503.180722499266        0.969224407927        0.857899388792        3.526521571994        4.904131771682
      100000 104300000  -288792.226815920556     5481.100710799918        0.937204374265        0.812442567359       14.682245984691        8.543558504159
      100000 104400000  -288735.558315689676     5482.016762913205        0.944791301538        0.814328472942       11.348768284529        8.372609915523
      100000 104500000  -288699.708513283171     5474.631108090281        0.949797179436        0.799123390761        9.384042091164        9.800065469088
      100000 104600000  -288728.844830883434     5520.322344352491        0.944940580552        0.893189390187       11.287479299092        2.770760758799
      100000 104700000  -288549.169759136857     5498.304077709094        0.969451566702        0.847859685262        3.474654242830        5.621586010967
      100000 104800000  -288523.374146989081     5508.812829419971        0.972716166145        0.869494386208        2.771689034250        4.136458068457
      100000 104900000  -288666.888877881458     5501.777235164307        0.953574043755        0.855009984836        8.025191909977        5.105595800731
      100000 105000000  -288630.708722686628     5466.059993544593        0.959304366917        0.781477764994        6.166366436715       11.597423236265
      100000 105100000  -288826.527201910270     5478.014711664058        0.932677296150        0.806089322915       16.875506291181        9.132163632644
      100000 105200000  -288741.605497176293     5490.790809488855        0.943771114050        0.832391881326       11.772065482275        6.822763882582
      100000 105300000  -288652.498973596608     5507.127561006695        0.955406215298        0.866024870595        7.404272209058        4.359318589673
      100000 105400000  -288625.876071752748     5501.681143098511        0.959083432117        0.854812157048        6.233502045397        5.119537695648
      100000 105500000  -288690.473008048721     5497.042499121279        0.950502270669        0.845262433350        9.122298184760        5.815161293084
      100000 105600000  -288779.765304312808     5508.044150469825        0.938299535766        0.867911882437       14.174592243272        4.237383205324
      100000 105700000  -288646.246265645139     5496.183841146529        0.956459323248        0.843494686903        7.058689219054        5.948786883473
      100000 105800000  -288655.845641467720     5479.058311913162        0.955570708758        0.808237815897        7.349748556209        8.930919485640
      100000 105900000  -288664.109221879626     5486.039721257053        0.954287968394        0.822610665070        7.780271597288        7.642320553493
      100000 106000000  -288683.061166247819     5483.038706980646        0.951815687747        0.816432381655        8.644602742138        8.183939038467
      100000 106100000  -288640.812522257911     5501.328693495132        0.957084539127        0.854086557854        6.857428258747        5.170836961886
      100000 106200000  -288576.334405010799     5500.665367619134        0.965756216625        0.852720947803        4.366135335814        5.268078045959
      100000 106300000  -288594.037873686524     5491.364392143674        0.963574768876        0.833572734156        4.940129611184        6.726965431255
      100000 106400000  -288581.013085294748     5511.553616903722        0.964928969918        0.875136932459        4.579633830239        3.786502425687
      100000 106500000  -288595.166473345598     5496.116874452680        0.963320120024        0.843356820443        5.009443964477        5.959272143091
      100000 106600000  -288695.529636727413     5489.864585027099        0.949979501977        0.830485033606        9.316005451590        6.978889706589
      100000 106700000  -288606.030801060610     5497.956758704968        0.961822939752        0.847144648596        5.426735791225        5.674551406481
      100000 106800000  -288553.839896995574     5474.031094449572        0.969401778308        0.797888123620        3.485989582410        9.920964763298
      100000 106900000  -288643.502172783948     5488.866214416921        0.956989015841        0.828429656318        6.887989416998        7.149154481160
      100000 107000000  -288739.153191204881     5474.551308619790        0.944502397149        0.798959105056       11.467854142825        9.816101871096
      100000 107100000  -288696.207951795310     5485.696893240325        0.949985686033        0.821904874142        9.313702110262        7.703255569828
      100000 107200000  -288737.099059778964     5475.466528393328        0.944753649073        0.800843297075       11.364253337496        9.632967493650
      100000 107300000  -288607.087819133885     5492.738640639931        0.961791869274        0.836401943187        5.435572505622        6.500197029561
      100000 107400000  -288573.415502658579     5503.605808616616        0.966091229175        0.858774527085        4.281123983599        4.843912779160
      100000 107500000  -288555.226438935846     5505.770879647695        0.968493384755        0.863231827587        3.696044658292        4.542974784998
      100000 107600000  -288547.607090816135     5512.818284159526        0.969394000358        0.877740543109        3.487762057903        3.630238543277
      100000 107700000  -288657.656707033282     5505.859990792349        0.954736622273        0.863415283531        7.628297645273        4.530795390587
      100000 107800000  -288627.944219619269     5519.390472778119        0.958503779566        0.891270916577        6.411369328211        2.871188415437
      100000 107900000  -288591.096791642718     5522.852034514770        0.963403050724        0.898397343677        4.986817551586        2.507150264282
      100000 108000000  -288618.757558621466     5461.284684421495        0.961052544371        0.771646684419        5.647963658316       12.664407683069
      100000 108100000  -288703.634783579968     5489.123725534417        0.948908020935        0.828959802636        9.719393430683        7.105041469515
      100000 108200000  -288687.595693600364     5495.648929950781        0.950917884577        0.842393448234        8.969748289453        6.032797860089
      100000 108300000  -288581.710836261045     5507.090056004003        0.964912867664        0.865947657854        4.583840114344        4.364344775194
      100000 108400000  -288618.018806314562     5478.630409492180        0.960661432479        0.807356879591        5.761967362874        9.013163465860
      100000 108500000  -288676.932750397595     5474.138426817022        0.952869008415        0.798109092174        8.270787544622        9.899283475656
      100000 108600000  -288551.158527864376     5502.265120597556        0.969105741930        0.856014410074        3.553769463013        5.035102306587
      100000 108700000  -288657.112042864785     5496.313069714233        0.954997469168        0.843760733860        7.540629233267        5.928579116457
      100000 108800000  -288549.539088745369     5487.280561268330        0.969643984625        0.825165221815        3.431019919074        7.423793667248
      100000 108900000  -288733.442553856177     5516.790342132561        0.944375548021        0.885917945026       11.520337482270        3.160857449996
      100000 109000000  -288568.706838384038     5497.758594891988        0.966839162576        0.846736682459        4.094347407646        5.704882227812
      100000 109100000  -288654.592121457914     5490.737376840785        0.955457144736        0.832281877836        7.387369401120        6.831722567090
      100000 109200000  -288621.388909196714     5459.272854815237        0.960761438639        0.767504866906        5.732708555576       13.127981959590
      100000 109300000  -288561.072174429428     5500.600359293632        0.967807033042        0.852587113099        3.858830645144        5.277656760709
      100000 109400000  -288596.043664389290     5465.439057025127        0.963977733071        0.780199423258        4.831431108529       11.733508556830
      100000 109500000  -288771.038428261178     5516.731908976100        0.939327779505        0.885797646831       13.706087196948        3.167527139265
      100000 109600000  -288590.289502551081     5499.515456456691        0.963905143883        0.850353589167        4.850922553883        5.438796998135
      100000 109700000  -288654.895834062481     5497.169049229473        0.955277220754        0.845522966078        7.447170210405        5.795595722505
      100000 109800000  -288675.516847131774     5481.578776133247        0.952865080344        0.813426775646        8.272166237979        8.454129055536
      100000 109900000  -288600.102235967293     5484.293993728235        0.962925327065        0.819016680355        5.117859606230        7.955131057827
      100000 110000000  -288583.947823550552     5487.878314501606        0.965009329399        0.826395835383        4.558670923330        7.319653414919
      100000 110100000  -288699.302949417382     5514.681524459273        0.948992999023        0.881576455098        9.687089001886        3.406013409074
      100000 110200000  -288627.601161832223     5473.136309060268        0.959520942561        0.796046000517        6.100908250456       10.102635669706
      100000 110300000  -288679.653247918934     5473.857421483845        0.952511308394        0.797530577569        8.396806004050        9.956097180319
      100000 110400000  -288608.802896809066     5496.886797855608        0.961472802244        0.844941886209        5.526733907881        5.839279082856
      100000 110500000  -288574.831821066095     5486.868737389334        0.966257173637        0.824317386914        4.239324152252        7.495969383113
      100000 110600000  -288682.528157592518     5504.685951382853        0.951418416292        0.860998251307        8.787736934989        4.692570075998
      100000 110700000  -288548.498429772211     5504.546402848326        0.969419570098        0.860710958306        3.481936800432        4.711987611984
      100000 110800000  -288811.863013113383     5480.766542062163        0.934575906188        0.811754603564       15.937094325197        8.606349282677
      100000 110900000  -288559.622049409430     5457.480737611651        0.969112365354        0.763815378294        3.552245840181       13.547946485365
      100000 111000000  -288749.403735676548     5473.998782719485        0.943140833846        0.797821602435       12.037455205579        9.927496422402
      100000 111100000  -288820.388766182819     5480.301859932952        0.933442778834        0.810797947705       16.493927223364        8.694045824748
      100000 111200000  -288623.127083866857     5490.849119249731        0.959679997834        0.832511925483        6.053057573229        6.812994193135
      100000 111300000  -288598.873724630568     5495.515350914560        0.962834984927        0.842118444829        5.142832002159        6.053869158721
      100000 111400000  -288698.047351683490     5491.819537947886        0.949597429964        0.834509757281        9.458866035957        6.651430000571
      100000 111500000  -288527.501591330161     5487.350049125031        0.972601719080        0.825308278673        2.794990523297        7.411649743593
      100000 111600000  -288682.889536374481     5479.084907595068        0.951938361054        0.808292569272        8.600641874452        8.925820167692
      100000 111700000  -288650.336592472391     5502.365019884892        0.955785415754        0.856220075910        7.278884070081        5.020728521702
      100000 111800000  -288662.040237348061     5496.414380200207        0.954333549000        0.843969304976        7.764763527300        5.912761005697
      100000 111900000  -288769.866052791476     5519.712553764693        0.939440732122        0.891933994934       13.655101842288        2.836275627444
      100000 112000000  -288750.399095494999     5501.729149582796        0.942360583782        0.854910989522       12.370089968155        5.112570110047
      100000 112100000  -288725.654176008655     5477.846419741400        0.946227690794        0.805742854988       10.765918448580        9.164826387192
      100000 112200000  -288559.366313344566     5475.190229590982        0.968628373943        0.800274471954        3.664441310952        9.688072834997
      100000 112300000  -288730.243215848925     5496.353867344558        0.945175995101        0.843844725238       11.191163130949        5.922206637959
      100000 112400000  -288556.063416752499     5504.804496469907        0.968398866877        0.861242303843        3.718253727507        4.676106567213
      100000 112500000  -288649.962813525693     5486.493768764660        0.956176869824        0.823545427096        7.150567340280        7.561989581276
      100000 112600000  -288487.525269336766     5503.816108018160        0.977621250408        0.859207477142        1.864684430803        4.814258671292
      100000 112700000  -288716.355199975660     5496.836991892196        0.947030886328        0.844839349090       10.446699998990        5.847004455078
      100000 112800000  -288683.713684098097     5490.074724256061        0.951561461830        0.830917653911        8.736063201365        6.943313417502
      100000 112900000  -288717.068787833443     5472.068879332393        0.947535932066        0.793848449031       10.248436971500       10.321515097766
      100000 113000000  -288642.095384314656     5504.488001607358        0.956851741533        0.860590725817        6.932027139263        4.720125775735
      100000 113100000  -288762.419993954245     5503.669589832425        0.940709038343        0.858905835500       13.089127551646        4.834909434299
      100000 113200000  -288654.257842884632     5482.220886060968        0.955703872762        0.814748707750        7.305757072069        8.334752948796
      100000 113300000  -288719.349853371736     5464.082086055540        0.947459533953        0.777405784020       10.278306226997       12.033667002241
      100000 113400000  -288616.866485379403     5498.345722525381        0.960359877244        0.847945420768        5.850644264720        5.615251940729
      100000 113500000  -288576.740311402828     5491.436459820718        0.965896009107        0.833721102172        4.330560582000        6.714976751078
      100000 113600000  -288720.254792691208     5467.619173727930        0.947234011671        0.784687698763       10.366731856198       11.259210130387
      100000 113700000  -288631.598160522757     5485.190344673581        0.958674137530        0.820862026518        6.358835106761        7.793733527060
      100000 113800000  -288765.396524861688     5464.616956873797        0.941260082890        0.778506939563       12.846959938836       11.914902339783
      100000 113900000  -288593.103327268735     5486.188924695365        0.963819636803        0.822917834927        4.873933008631        7.615876370201
      100000 114000000  -288693.662665928947     5505.906170300208        0.949900617512        0.863510354751        9.345412099087        4.524490170770
      100000 114100000  -288677.868568775477     5511.172200050205        0.951928883630        0.874351697467        8.604034183750        3.834277054959
      100000 114200000  -288715.885015262058     5496.770733816549        0.947095407532        0.844702941485       10.421265435614        5.857289620276
      100000 114300000  -288670.061566615012     5480.845286572352        0.953616109093        0.811916717389        8.010655667919        8.591532373926
      100000 114400000  -288634.094202782726     5496.165200565010        0.958091587849        0.843456310946        6.539373211380        5.951704591195
      100000 114500000  -288647.248503778828     5497.838780977763        0.956290332125        0.846901764101        7.113588259516        5.692599260911
      100000 114600000  -288665.258798077004     5491.132440731861        0.954015864830        0.833095208417        7.873172326126        6.765623851916
      100000 114700000  -288594.223384263227     5506.046775143594        0.963251517311        0.863799822408        5.028199904971        4.505319415853
      100000 114800000  -288701.277447812958     5482.251708924770        0.949388950676        0.814812163759        9.537276957883        8.329043951393
      100000 114900000  -288648.912576791132     5499.691837046295        0.956029244845        0.850716709490        7.198824063511        5.412434299648
      100000 115000000  -288638.640422825702     5478.540824732743        0.957894521292        0.807172448601        6.601018194589        9.030429614562
      100000 115100000  -288672.629346969770     5484.698138109408        0.953176027167        0.819848705230        8.163384066376        7.882155795196
      100000 115200000  -288656.092512368225     5480.606469650753        0.955498021256        0.811425057407        7.373816996638        8.636508552846
      100000 115300000  -288734.406499973498     5496.392522832379        0.944616106789        0.843924306518       11.420909064166        5.916171917764
      100000 115400000  -288690.942181273364     5492.167940855026        0.950543841198        0.835227025412        9.106981946086        6.593897668056
      100000 115500000  -288764.936944912421     5507.858301082626        0.940294103645        0.867529268400       13.272971339103        4.261967255321
      100000 115600000  -288700.420725105098     5502.742460910231        0.949052463991        0.856997125738        9.664515368762        4.966606724972
      100000 115700000  -288730.272351074498     5497.696867889725        0.945144169553        0.846609603119       11.204159929766        5.714346635074
      100000 115800000  -288615.457340775291     5514.055466471240        0.960262444728        0.880287569632        5.879440520234        3.480556873852
      100000 115900000  -288562.816576074343     5498.216052567586        0.967620766276        0.847678465107        3.903613798857        5.634986159666
      100000 116000000  -288641.101801112294     5485.145363536663        0.957398997671        0.820769422422        6.757302264599        7.801793439491
      100000 116100000  -288704.768513670191     5484.395195553079        0.948867473323        0.819225027766        9.734826560844        7.936825758182
      100000 116200000  -288729.811561277602     5493.190121320076        0.945301687522        0.837331420804       11.139907046661        6.426545488194
      100000 116300000  -288633.405798858730     5494.665730111301        0.958215864552        0.840369303494        6.500646535503        6.188751665879
      100000 116400000  -288642.166911663022     5511.064757370390        0.956724992164        0.874130501809        6.972813052639        3.847788928225
      100000 116500000  -288788.882846548455     5514.663433105685        0.936963806824        0.881539209854       14.794955617581        3.408156188207
      100000 116600000  -288702.729511739919     5489.357641344890        0.949024222670        0.829441372545        9.675232838219        7.065088786533
      100000 116700000  -288751.308105119038     5509.462703881785        0.942096104230        0.870832303405       12.483871197961        4.052080542040
      100000 116800000  -288698.004939221311     5499.829602180980        0.949433984390        0.851000330948        9.520311969889        5.391887803599
      100000 116900000  -288629.805747641250     5480.068190883845        0.959041681945        0.810316885811        6.246229532897        8.738312693034
      100000 117000000  -288503.230678478954     5513.121492163278        0.975348242152        0.878364767057        2.262713131452        3.593263132262
      100000 117100000  -288747.559405942215     5461.051587139256        0.943763193693        0.771166799640       11.775382123557       12.717692150240
      100000 117200000  -288532.318543669768     5515.608070620336        0.971402337747        0.883483965110        3.045052442660        3.297172226205
      100000 117300000  -288617.277427657973     5481.734105261043        0.960682030715        0.813746556656        5.755934845966        8.425173634980
      100000 117400000  -288699.187937925337     5478.184583396651        0.949772975858        0.806439043247        9.393092663939        9.099253393759
      100000 117500000  -288559.144651771523     5508.561032939702        0.967917048266        0.868976004796        3.832501619277        4.169384185973
      100000 117600000  -288590.553587877192     5515.310759262182        0.963586750716        0.882871880774        4.936880099572        3.331904756598
      100000 117700000  -288641.778756477404     5443.442148654722        0.958552229164        0.734913689288        6.396406667644       17.066514773505
      100000 117800000  -288571.623520553112     5503.725385764614        0.966329604576        0.859020704357        4.221143774109        4.827040158472
      100000 117900000  -288744.537928432925     5514.199365006760        0.942926196760        0.880583818118       12.128506870524        3.463351745300
      100000 118000000  -288423.301033511059     5491.674954307266        0.986495702026        0.834212098347        0.679012447022        6.675378700657
      100000 118100000  -288757.052813898539     5479.483501507901        0.941968904348        0.809113167221       12.538779112794        8.849570295432
      100000 118200000  -288628.609991366975     5496.259835708886        0.958826061912        0.843651139323        6.312167654782        5.936899275464
      100000 118300000  -288491.201535830740     5493.347086534835        0.977340657883        0.837654570078        1.911737698419        6.401037541324
      100000 118400000  -288633.846256827936     5514.420252875425        0.957787193279        0.881038566989        6.634713435482        3.437024383655
      100000 118500000  -288578.803546699695     5488.268835353665        0.965691059502        0.827199813066        4.382766411075        7.252014353656
      100000 118600000  -288674.353993849596     5495.448219345883        0.952700335750        0.841980238936        8.330092559971        6.064472634174
      100000 118700000  -288641.736479997402     5500.252470698208        0.956981710980        0.851870903797        6.890329288108        5.329064603405
      100000 118800000  -288763.523992796429     5455.080890840851        0.941807750034        0.758874737518       12.608517037811       14.120681777485
      100000 118900000  -288600.698081286158     5485.707054900005        0.962811245560        0.821925794274        5.149404127394        7.701445934060
      100000 119000000  -288618.809192874003     5496.548893645406        0.960136131341        0.844246232078        5.916877769126        5.891791404561
      100000 119100000  -288749.258557762252     5495.573917219415        0.942638907669        0.842239017141       12.250915299208        6.044626150167
      100000 119200000  -288597.420226787217     5480.586598524824        0.963377491843        0.811384148088        4.993785453906        8.640256155734
      100000 119300000  -288615.921622493304     5494.119148737751        0.960575532750        0.839244039059        5.787158510102        6.276310355526
      100000 119400000  -288616.833237526007     5498.623778586276        0.960358675065        0.848517863612        5.850999138720        5.573051828988
      100000 119500000  -288709.849479142809     5498.698606889695        0.947866214861        0.848671915017       10.119806923108        5.561722441427
      100000 119600000  -288683.027754880488     5473.866892722435        0.952057896053        0.797550076309        8.557913442390        9.954179636451
      100000 119700000  -288580.305335759651     5477.101022140123        0.965765776344        0.804208281270        4.363697918125        9.310197130899
      100000 119800000  -288657.356724184006     5482.074638731778        0.955291372212        0.814447623728        7.442457996777        8.361867471883
      100000 119900000  -288634.823528519832     5498.257221024483        0.957950275102        0.847763219917        6.583548342109        5.628717061734
      100000 120000000  -288659.753379535861     5509.370268201455        0.954392383920        0.870642003134        7.744768763293        4.064029041219
      100000 120100000  -288609.261114248540     5518.497950906865        0.961025832956        0.889433453450        5.655713424274        2.969051488448
      100000 120200000  -288652.095665076049     5471.560733399354        0.956275127453        0.792802312858        7.118538129653       10.426535964901
      100000 120300000  -288693.197891501943     5523.209576753899        0.949687266406        0.899133427241        9.425177532605        2.470954613521
      100000 120400000  -288693.884559885599     5493.160694533959        0.950126885477        0.837270838945        9.261187816374        6.431333193047
      100000 120500000  -288657.777210713364     5496.139868164435        0.954911783387        0.843404158328        7.569371609017        5.955670879209
      100000 120600000  -288631.813343664631     5487.946122744121        0.958579997769        0.826535434366        6.387838786531        7.307886354604
      100000 120700000  -288630.998598417034     5505.872167724185        0.958316255516        0.863440352568        6.469447029243        4.529132360436
      100000 120800000  -288532.617597129662     5498.596872852184        0.971668348640        0.848462471923        2.988666729239        5.577128312247
      100000 120900000  -288606.553742457181     5491.158070218749        0.961898658424        0.833147972656        5.405230848675        6.761346843909
      100000 121000000  -288673.628963616677     5488.877437137067        0.952943099304        0.828452760889        8.244804287274        7.147229124856
      100000 121100000  -288668.030305365566     5467.062101529911        0.954263268858        0.783540836534        7.788681681365       11.379474069829
      100000 121200000  -288622.534146671416     5464.526767552830        0.960447429316        0.778321263943        5.824828484528       11.934887021482
      100000 121300000  -288626.974461888894     5491.260706974193        0.959154108374        0.833359274205        6.211986061830        6.744232536836
      100000 121400000  -288564.012522430858     5481.591190190054        0.967838430628        0.813452332859        3.851307332087        8.451813083565
      100000 121500000  -288606.520417957334     5480.656671399251        0.962153673756        0.811528409341        5.333117702233        8.627044355228
      100000 121600000  -288709.447287821677     5485.907929657027        0.948202764824        0.822339341517        9.989571702759        7.665716856854
      100000 121700000  -288686.752008803189     5476.710063638166        0.951481595927        0.803403402583        8.764895152390        9.386900905032
      100000 121800000  -288601.128984904382     5510.548105390742        0.962244651418        0.873066853968        5.307508272992        3.913094421523
      100000 121900000  -288675.560378861381     5482.799604670145        0.952828853351        0.815940134133        8.284886780399        8.227889328907
      100000 122000000  -288764.646403759951     5492.449620182626        0.940640047620        0.835806927591       13.119606185503        6.547566200595
      100000 122100000  -288672.766572574154     5494.978504418395        0.952923504833        0.841013221895        8.251671981973        6.138923985954
      100000 122200000  -288647.679529247573     5476.463239386678        0.956735074743        0.802895257657        6.969564260842        9.435488424280
      100000 122300000  -288613.137512233807     5517.420482034795        0.960521438762        0.887215234059        5.803050430778        3.089378531820
      100000 122400000  -288701.308623405406     5501.756550138816        0.948952297485        0.854967399917        9.702554985705        5.108595363326
      100000 122500000  -288723.307522959542     5487.529230529442        0.946303188416        0.825677165121       10.735708451734        7.380381284422
      100000 122600000  -288607.193745639874     5479.464978382923        0.962093611484        0.809075033075        5.350058492748        8.853106469274
      100000 122700000  -288592.727133094799     5497.000633704476        0.963629211321        0.845176243687        4.925373260662        5.821641249989
      100000 122800000  -288687.399991626386     5518.318642944098        0.950535408201        0.889064306452        9.110087957493        2.988910046158
      100000 122900000  -288713.908858944895     5505.600670271553        0.947187414833        0.862881412138       10.385049345512        4.566283832298
      100000 123000000  -288674.854277798673     5497.027213423513        0.952599991969        0.845230964199        8.365473767518        5.817526805274
      100000 123100000  -288633.295967642218     5494.798301972449        0.958227774096        0.840642233395        6.496941363626        6.167607218759
      100000 123200000  -288694.275649804389     5461.217709884048        0.950913446650        0.771508801812        8.971370423925       12.679706158066
      100000 123300000  -288656.855583407218     5494.108457101509        0.955078835380        0.839222027847        7.513386419961        6.278029217452
      100000 123400000  -288706.187622600934     5500.242528602481        0.948326911910        0.851850435689        9.941743281361        5.330537418807
      100000 123500000  -288651.846613996197     5489.740233275108        0.955848428260        0.830229026704        7.258151820756        6.999985107102
      100000 123600000  -288678.069657341111     5496.804931825027        0.952172832625        0.844773346011        8.516929084389        5.851979974000
      100000 123700000  -288568.320599019993     5496.442716778256        0.966918351720        0.844027642389        4.074815890477        5.908340456270
      100000 123800000  -288673.919871829683     5494.194001100026        0.952785465105        0.839398139994        8.300134746558        6.264283159509
      100000 123900000  -288609.873106393265     5527.566412344575        0.960820371586        0.908102983062        5.715501415961        2.051034979432
      100000 124000000  -288606.443589703413     5485.771533842199        0.962038153026        0.822058539120        5.365724614049        7.689968177267
      100000 124100000  -288600.102250002557     5464.724409529008        0.963453879375        0.778728155757        4.972975021416       11.891114207462
      100000 124200000  -288685.425593997352     5480.519833195955        0.951561143626        0.811246696185        8.736177980399        8.652853743628
      100000 124300000  -288574.012156304903     5515.253784608096        0.965808958407        0.882754585244        4.352696375476        3.338581432111
      100000 124400000  -288695.744627209147     5511.665369874798        0.949520060893        0.875367001850        9.487927465351        3.772561462381
      100000 124500000  -288594.725180293433     5521.351256724447        0.962936590631        0.895307644769        5.114750389764        2.661951750079
      100000 124600000  -288548.742159240646     5517.569328336045        0.969166692448        0.887521668667        3.539761007434        3.072613742402
      100000 124700000  -288693.815428653499     5528.182081325911        0.949540403348        0.909370480350        9.480282097518        1.994847016008
      100000 124800000  -288700.449199242983     5484.070531366393        0.949455400272        0.818556631293        9.512249531037        7.995625419714
      100000 124900000  -288509.514006331330     5505.569557364099        0.974635706150        0.862817359007        2.395406716876        4.570550986672
      100000 125000000  -288723.008571054088     5494.366020907648        0.946189749879        0.839752282636       10.781116341657        6.236686918222
      100000 125100000  -288701.862907245988     5481.794465982355        0.949321730489        0.813870823190        9.562628073573        8.413934993202
      100000 125200000  -288690.980876641814     5473.543538230471        0.950998694824        0.796884376145        8.940236486139       10.019750357243
      100000 125300000  -288551.176805687370     5507.326738785952        0.969008960024        0.866434924216        3.576070002572        4.332674557707
      100000 125400000  -288615.963388851145     5473.253577349707        0.961080542632        0.796287424470        5.639846243812       10.078732488750
      100000 125500000  -288730.348976090783     5497.958531292155        0.945128499359        0.847148297877       11.210562036246        5.674280460277
      100000 125600000  -288724.952588583343     5509.020922007971        0.945643016363        0.869922793029       11.001310165008        4.109345391677
      100000 125700000  -288674.104080556426     5490.638205339201        0.952839163226        0.832077710316        8.281265633792        6.848365548908
      100000 125800000  -288608.171720311744     5473.973662409931        0.962107240977        0.797769886456        5.346211886320        9.932575855895
      100000 125900000  -288594.260231542168     5494.286064896733        0.963480792046        0.839587674657        4.965653491166        6.249506267159
      100000 126000000  -288632.674933109200     5509.101710652001        0.958033361827        0.870089115176        6.557556968704        4.098843348977
      100000 126100000  -288620.250833129045     5492.765274594538        0.960023653136        0.836456775356        5.950314498615        6.495840496541
      100000 126200000  -288653.778593941126     5485.852327906527        0.955679713633        0.822224872427        7.313728372026        7.675598282802
      100000 126300000  -288674.365890784655     5492.831333661452        0.952755215368        0.836592773255        8.310773729887        6.485041475668
      100000 126400000  -288662.549972214503     5511.014415577985        0.953988648744        0.874026861562        7.882494686734        3.854128033090
      100000 126500000  -288677.765070964117     5522.693751601502        0.951766728360        0.898071481615        8.662178980074        2.523258017918
      100000 126600000  -288590.200177638792     5501.205376341008        0.963883573805        0.853832680912        4.856722052817        5.188846246011
      100000 126700000  -288610.763372275978     5496.553417773917        0.961216491604        0.844255546045        5.600514134596        5.891086775568
      100000 126800000  -288662.836693026125     5484.089104357176        0.954505845399        0.818594868099        7.706282214564        7.992255828785
      100000 126900000  -288526.639681525994     5477.242911307141        0.972968686749        0.804500393005        2.720620723739        9.282437130765
      100000 127000000  -288657.176145610167     5482.639907113276        0.955301580844        0.815611359701        7.439059608370        8.257309492040
      100000 127100000  -288702.494824632537     5502.540601629764        0.948777819943        0.856581551626        9.768993667102        4.995515126021
      100000 127200000  -288713.129582258174     5475.747870894149        0.947964942140        0.801422505818       10.081514864242        9.577017726812
      100000 127300000  -288663.171966062859     5501.126470605843        0.954085908533        0.853670235168        7.849205532506        5.200386094731
      100000 127400000  -288706.168391131330     5481.844692176208        0.948742301836        0.813974225450        9.782546251564        8.404589029836
      100000 127500000  -288576.280655396637     5483.250003001653        0.966149796395        0.816867383485        4.266348042513        8.145197888203
      100000 127600000  -288671.636048111832     5496.959359325469        0.953033571576        0.845091270812        8.213131605646        5.828033257988
      100000 127700000  -288646.550307235681     5479.852153729647        0.956798602626        0.809872123260        6.949111822826        8.779339335841
      100000 127800000  -288757.872746535577     5490.598434694111        0.941590957290        0.831995833225       12.702637016023        6.855045554846
      100000 127900000  -288760.078724632505     5478.256251177751        0.941594228935        0.806586587984       12.701214039595        9.085386596583
      100000 128000000  -288689.617115068482     5532.662095588632        0.950052435965        0.918593628015        9.288858257404        1.609485391896
      100000 128100000  -288684.995792617789     5488.416897453368        0.951427312405        0.827504633214        8.784518861996        7.226451761306
      100000 128200000  -288726.971845288528     5512.816121004522        0.945307552339        0.877736089753       11.137518307151        3.630503014249
      100000 128300000  -288607.200859321281     5501.394263218157        0.961596888431        0.854221548325        5.491190862992        5.161273883543
      100000 128400000  -288742.625314503908     5519.317774792202        0.943104579250        0.891121250924       12.052810767131        2.879098241008
      100000 128500000  -288596.549753667787     5480.989370179363        0.963484206396        0.812213346887        4.964725010588        8.564454025873
      100000 128600000  -288545.384656038834     5509.540787165985        0.969747740690        0.870993055942        3.407605729809        4.042000980120
      100000 128700000  -288668.936004414456     5500.312968786806        0.953327946003        0.851995453133        8.110498337807        5.320106843717
      100000 128800000  -288707.454097956885     5474.788539866917        0.948752799209        0.799447500560        9.778539808392        9.768466620202
      100000 128900000  -288659.571978615131     5525.625408574007        0.954170897473        0.904106976946        7.820173998756        2.233285567283
      100000 129000000  -288630.788476047805     5470.112479263917        0.959177007547        0.789820746067        6.205022841709       10.728769905376
      100000 129100000  -288552.543595219729     5496.165742372163        0.969042821435        0.843457426382        3.568259704833        5.951619775007
      100000 129200000  -288776.549645809457     5485.409527763724        0.939203667342        0.821313265708       13.762219377632        7.754518964470
      100000 129300000  -288635.404339899309     5524.132675749250        0.957435844836        0.901033840464        6.745618044027        2.378721916312
      100000 129400000  -288637.981520899571     5501.228638370521        0.957466669741        0.853880571191        6.735851246580        5.185446654533
      100000 129500000  -288624.326602667570     5503.929343489930        0.959248372423        0.859440598605        6.183347133984        4.798329162354
      100000 129600000  -288521.803773694672     5479.747870072722        0.973553193977        0.809657431183        2.604234996960        8.799177760548
      100000 129700000  -288608.781139550498     5507.242633980699        0.961274914987        0.866261774981        5.583653641687        4.343915303736
      100000 129800000  -288559.092240058584     5517.004103308544        0.967785385296        0.886358021949        3.864022032075        3.136518171447
      100000 129900000  -288686.784278556006     5506.889230567962        0.950806415646        0.865534212150        9.010536410112        4.391307410464
      100000 130000000  -288642.335525213741     5496.133272008039        0.956985550808        0.843390578611        6.889099276549        5.956703854659
      100000 130100000  -288633.100499605527     5499.624377157539        0.958153965596        0.850577827674        6.519920897597        5.422509618295
      100000 130200000  -288663.968228052836     5474.013177088462        0.954613382406        0.797851236580        7.669893755600        9.924586405231
      100000 130300000  -288639.125297941500     5497.641198366880        0.957385246438        0.846494994504        6.761665365555        5.722888995381
      100000 130400000  -288544.061266633216     5498.795313328505        0.970127571633        0.848871007635        3.322574808324        5.547097668005
      100000 130500000  -288597.036240235670     5486.399195379578        0.963286500780        0.823350725864        5.018631066545        7.578686694326
      100000 130600000  -288670.544657082530     5509.521286384203        0.952940627673        0.870952909063        8.245670414999        4.044517107832
      100000 130700000  -288520.290712867631     5501.589898779988        0.973264029132        0.854624309471        2.661494848014        5.132793831448
      100000 130800000  -288537.352196663385     5509.901232100092        0.970820174922        0.871735115377        3.170290646962        3.995634816452
      100000 130900000  -288608.132601244608     5495.007389375940        0.961602436758        0.841072688274        5.489604287327        6.134332518460
      100000 131000000  -288722.983549072407     5489.585729835555        0.946299137289        0.829910945565       10.737328412399        7.026239878728
      100000 131100000  -288727.148041156121     5473.198466081172        0.946151317467        0.796173965151       10.796522041367       10.089962473647
      100000 131200000  -288589.791286656633     5479.608499228023        0.964426871119        0.809370503998        4.711702302251        8.825725959789
      100000 131300000  -288570.025250532897     5514.399995043874        0.966357894240        0.880996861548        4.214053594600        3.439434706757
      100000 131400000  -288582.730483017629     5513.428205876611        0.964667397940        0.878996208322        4.648201595248        3.556052774141
      100000 131500000  -288764.715527896769     5517.623576555401        0.940163302679        0.887633351199       13.331190687201        3.066515022500
      100000 131600000  -288625.131391121540     5476.401333921589        0.959764651842        0.802767810909        6.027666817529        9.447694229851
      100000 131700000  -288606.791967664147     5494.042392677628        0.961803191052        0.839086018919        5.432351660951        6.288655414231
      100000 131800000  -288583.501938187517     5487.097930544987        0.965087483528        0.824789234144        4.538329440137        7.455758202704
      100000 131900000  -288808.255216098391     5505.595102841035        0.934517960366        0.862869950292       15.965337651099        4.567047262415
      100000 132000000  -288690.037444198504     5491.983501102775        0.950669422073        0.834847313436        9.060791106488        6.624323371658
      100000 132100000  -288533.920707887271     5504.055905342102        0.971386387019        0.859701155510        3.048450227483        4.780556192455
      100000 132200000  -288634.634744264418     5474.167367704213        0.958548326612        0.798168673698        6.397611243188        9.893441435838
      100000 132300000  -288649.640474454034     5504.424277034588        0.955839722143        0.860459534014        7.261014529402        4.729013752243
      100000 132400000  -288689.553970671725     5519.225833205506        0.950232754348        0.890931967859        9.221910909203        2.889117427448
      100000 132500000  -288677.263605111046     5488.737561726943        0.952458236563        0.828164794939        8.415584490821        7.171244504960
      100000 132600000  -288652.656838546507     5525.381681755185        0.955102662595        0.903605208802        7.505417989257        2.256718415916
      100000 132700000  -288626.543418268673     5473.800219326280        0.959644861942        0.797412813670        6.063611751565        9.967682236298
      100000 132800000  -288782.135592924198     5512.774084229954        0.937900428989        0.877649547310       14.358560791896        3.635644413665
      100000 132900000  -288707.921817349037     5488.451917008497        0.948347817842        0.827576729084        9.933700434797        7.220412312681
      100000 133000000  -288750.079269991023     5477.693602674641        0.942951690333        0.805428245639       12.117674232391        9.194536233128
      100000 133100000  -288603.572329635732     5481.064484181814        0.962539267293        0.812367986470        5.224999418209        8.550354426550
      100000 133200000  -288549.810807166388     5506.371977118775        0.969209647603        0.864469326044        3.529905102809        4.461135711033
      100000 133300000  -288571.053062623600     5500.522316874005        0.966468268094        0.852426444690        4.186447811060        5.289167488563
      100000 133400000  -288632.963606587844     5508.806213077158        0.957999763679        0.869480764933        6.568061025039        4.137321583399
      100000 133500000  -288696.258378394414     5482.367866957560        0.950060063248        0.815051301991        9.286021548885        8.307546785552
      100000 133600000  -288672.623412096873     5497.134409293532        0.952897343507        0.845451651741        8.260845760123        5.800948032226
      100000 133700000  -288624.937852667179     5476.853529280052        0.959778693162        0.803698759857        6.023460484900        9.358717234802
      100000 133800000  -288541.758180960082     5493.509954039939        0.970547974381        0.837989870584        3.229713882887        6.374624050966
      100000 133900000  -288694.503504489316     5528.589432912879        0.949443068507        0.910209108001        9.516891654377        1.958099745505
      100000 134000000  -288789.982652375940     5499.458723686635        0.937089947057        0.850236791612       14.735803190335        5.447290166675
      100000 134100000  -288721.214792508632     5516.947353749536        0.946015184205        0.886241189829       10.851179779603        3.142970618671
      100000 134200000  -288625.183163334383     5501.938985219225        0.959171463263        0.855342984812        6.206708398835        5.082170589198
      100000 134300000  -288590.221366401995     5495.794131532311        0.963990990528        0.842692379342        4.827875490847        6.009934842148
      100000 134400000  -288522.327122528804     5489.240819410421        0.973252725374        0.829200867517        2.663745842004        7.085027823464
      100000 134500000  -288576.991139058955     5491.217607525177        0.965867219454        0.833270544000        4.337875148840        6.751416572412
      100000 134600000  -288634.852141807787     5513.729097146541        0.957663222567        0.879615662736        6.673740355883        3.519736983809
      100000 134700000  -288635.375050699571     5484.977494443767        0.958172074161        0.820423824989        6.514279222278        7.831909721532
      100000 134800000  -288509.718869972043     5523.719462845474        0.974319374933        0.900183145934        2.455528005767        2.419791769447
      100000 134900000  -288704.465729122283     5505.289426757954        0.948461255610        0.862240645230        9.890115851623        4.609060820636
      100000 135000000  -288632.390014038421     5482.964815641753        0.958622023377        0.816280259208        6.374882890512        8.197508715830
      100000 135100000  -288536.985341657884     5501.662851917557        0.971020722064        0.854774500412        3.126862840938        5.122193697148
      100000 135200000  -288703.603622829774     5497.071945831180        0.948738378613        0.845323056227        9.784043805338        5.810605673420
      100000 135300000  -288593.123985745944     5517.948760767467        0.963201047034        0.888302818266        5.042020824570        3.030084012407
      100000 135400000  -288678.190229139989     5481.837695030496        0.952499600160        0.813959820204        8.400946942909        8.405890729685
      100000 135500000  -288602.776147443103     5451.100889207795        0.963525274064        0.750680981736        4.953564085154       15.096666296631
      100000 135600000  -288710.101025692420     5469.350049073808        0.948547905820        0.788251106817        9.856888025860       10.889615284085
      100000 135700000  -288628.160982147092     5484.744502657093        0.959146461035        0.819944157397        6.214312347736        7.873805374697
      100000 135800000  -288701.446228360292     5501.204346203245        0.948944615758        0.853830560134        9.705475312595        5.188996819579
      100000 135900000  -288617.645444465335     5491.701513017528        0.960397043423        0.834266775608        5.839678397914        6.670976313891
      100000 136000000  -288591.106869625393     5509.914829609916        0.963601348384        0.871763109003        4.932922611882        3.993890923745
      100000 136100000  -288638.584563832963     5479.605389607139        0.957874612887        0.809364102123        6.607261886130        8.826318755204
      100000 136200000  -288750.966433126479     5468.729294655845        0.943077888106        0.786973139979       12.064122002852       11.021455996807
      100000 136300000  -288637.659138010349     5475.706170015968        0.958100808118        0.801336654896        6.536496073124        9.585300372736
      100000 136400000  -288698.852417834802     5496.225064672530        0.949394096978        0.843579555086        9.535337491342        5.942336931912
      100000 136500000  -288522.869508786825     5494.159239159897        0.973070423506        0.839326574484        2.700180261971        6.269867235629
      100000 136600000  -288638.637107100338     5495.062100212090        0.957504889059        0.841185323211        6.723751372111        6.125640553524
      100000 136700000  -288609.713061567396     5460.699120908976        0.962285112968        0.770441166216        5.296138496270       12.798476006372
      100000 136800000  -288696.705464250175     5494.375388961285        0.949721732482        0.839771568946        9.412268768014        6.235185799348
      100000 136900000  -288618.685160673689     5485.762310197577        0.960394480812        0.822039550110        5.840434165135        7.691609533639
      100000 137000000  -288674.625305430265     5478.311386347748        0.953068141971        0.806700096510        8.201045240379        9.074725844388
      100000 137100000  -288524.670972812921     5481.468522503041        0.973124592577        0.813199792996        2.689328316419        8.474711943651
      100000 137200000  -288826.896041698987     5498.472510344349        0.932152900785        0.848206442878       17.139426250946        5.595989819476
      100000 137300000  -288660.668800401967     5506.147250602953        0.954326877717        0.864006674428        7.767032357880        4.491645032221
      100000 137400000  -288684.634031896479     5496.718937478960        0.951293111325        0.844596306720        8.833127269647        5.865336200791
      100000 137500000  -288652.691691654967     5475.606028254144        0.956084793769        0.801130489870        7.180646784593        9.605205192989
      100000 137600000  -288578.156835860107     5507.499425406568        0.965382780135        0.866790439647        4.461882034682        4.309640352516
      100000 137700000  -288647.584103842964     5476.670355812646        0.956742413020        0.803321654822        6.967200209192        9.394708951433
      100000 137800000  -288658.386327712331     5515.157354732044        0.954480063023        0.882556061995        7.715019273848        3.349896964709
      100000 137900000  -288637.911447945982     5504.792746943422        0.957407900514        0.861218114720        6.754478250717        4.677737046545
      100000 138000000  -288749.408847462153     5490.454945949838        0.942730795061        0.831700428390       12.211696972854        6.879173455403
      100000 138100000  -288605.426904243184     5459.149451255798        0.962908794773        0.767250812078        5.122424922888       13.156688362201
      100000 138200000  -288712.573757577920     5498.542766265571        0.947503548000        0.848351080974       10.261092813857        5.585330504127
      100000 138300000  -288604.070487764897     5511.766968043521        0.961829072872        0.875576165227        5.424992327955        3.759909603314
      100000 138400000  -288686.171009391546     5499.906087452546        0.951021606248        0.851157793606        8.931878110493        5.380497545236
      100000 138500000  -288752.936151864938     5481.207396895625        0.942477942380        0.812662205413       12.319768206137        8.523560450113
      100000 138600000  -288633.963507093024     5465.200364957564        0.958892617169        0.779708020316        6.291777649973       11.786031857937
      100000 138700000  -288704.769477373455     5476.616700037383        0.949064537243        0.803211191973        9.659935429924        9.405264844006
      100000 138800000  -288560.261072809342     5488.047861839645        0.968186220430        0.826744887874        3.768462920376        7.290248881396
      100000 138900000  -288590.560425880598     5487.035866697319        0.964141076135        0.824661461329        4.787714176832        7.466636422022
      100000 139000000  -288609.761261474807     5506.380785105750        0.961158877616        0.864487459327        5.617165935031        4.459942038481
      100000 139100000  -288779.824979291763     5464.719249047339        0.939319477561        0.778717531710       13.709838335570       11.892256104171
      100000 139200000  -288739.357220790582     5496.958561948501        0.943939466437        0.845089629226       11.701678584283        5.828156779296
      100000 139300000  -288677.270091961604     5499.732231524773        0.952220369291        0.850799870886        8.500007103513        5.406405758613
      100000 139400000  -288603.078920652159     5463.683217198588        0.963085237004        0.776584620034        5.073806261731       12.122616671103
      100000 139500000  -288689.120576614281     5528.192004449666        0.950170743559        0.909390909400        9.244906525492        1.993947789429
      100000 139600000  -288682.626674558735     5488.755563294515        0.951737626858        0.828201855338        8.672634769380        7.168151535477
      100000 139700000  -288599.841885202797     5489.794525082223        0.962830787259        0.830340798972        5.143993800151        6.990770968325
      100000 139800000  -288602.004827917553     5486.708419486880        0.962611958336        0.823987335356        5.204741290570        7.524160907727
      100000 139900000  -288590.734477408463     5509.512467165478        0.963658307403        0.870934752658        4.917495964229        4.045655282416
      100000 140000000  -288611.582252236083     5503.699717729352        0.960964123725        0.858967860758        5.673637401010        4.830659498199
      100000 140100000  -288751.270182622364     5485.917789663188        0.942586228506        0.822359640624       12.273427573189        7.663965221741
      100000 140200000  -288698.558096403023     5511.815110655501        0.949139743472        0.875675277952        9.631430693025        3.753921900688
      100000 140300000  -288642.550950576086     5510.631313722581        0.956680772805        0.873238157604        6.987070282019        3.902539653132
      100000 140400000  -288705.189148201142     5493.944207318127        0.948591781235        0.838883881601        9.840084408110        6.304464734774
      100000 140500000  -288783.151067165891     5507.115109298378        0.937861467867        0.865999235867       14.376583497113        4.360986968504
      100000 140600000  -288657.300224572420     5482.129382913932        0.955297595747        0.814560327315        7.440386129318        8.351712643730
      100000 140700000  -288622.073028966086     5482.659793323837        0.960015005916        0.815652300074        5.952888982958        8.253643107788
      100000 140800000  -288607.952658509370     5490.533268491738        0.961724854561        0.831861673494        5.454656547119        6.865998119717
      100000 140900000  -288704.785514584975     5502.489360434003        0.948471195651        0.856476059748        9.886301296999        5.002866761575
      100000 141000000  -288689.391370574012     5494.995705218054        0.950690631454        0.841048633727        9.053001517629        6.136189590791
      100000 141100000  -288781.796705479035     5507.989577467553        0.938027711957        0.867799531264       14.299760796181        4.244594716134
      100000 141200000  -288616.208337289980     5503.916213856079        0.960338803604        0.859413568211        5.856866603791        4.800174833278
      100000 141300000  -288633.462574258680     5490.296890829690        0.958304531068        0.831375035293        6.473086883044        6.905799779438
      100000 141400000  -288696.679809801280     5489.153415807523        0.949841306670        0.829020926944        9.367552586065        7.099964146742
      100000 141500000  -288598.397837966913     5469.999512083828        0.963529862619        0.789588176945        4.952317837524       10.752526399345
      100000 141600000  -288700.731261582114     5506.113752007484        0.948947593149        0.863937709805        9.704343359342        4.496201772730
      100000 141700000  -288795.405130352592     5481.500073238276        0.936767529115        0.813264747496       14.887234064655        8.468819284459
      100000 141800000  -288520.255104152486     5499.409869770519        0.973312026789        0.850136214503        2.651947347416        5.454609142687
      100000 141900000  -288651.324199578026     5481.244483976625        0.956122246740        0.812738557765        7.168404015220        8.516614053993
      100000 142000000  -288779.169480732409     5486.332355051301        0.938829829768        0.823213119557       13.931987925303        7.590498588625
      100000 142100000  -288728.424231065903     5476.987713325769        0.945878208866        0.803975008814       10.906314900566        9.332395274321
      100000 142200000  -288713.846826400142     5501.128746213391        0.947280852472        0.853674920034       10.348334759494        5.200053110944
      100000 142300000  -288722.583046114771     5477.605592968874        0.946646396127        0.805247057262       10.598910654359        9.211668409148
      100000 142400000  -288663.023623372428     5493.391149885952        0.954266101520        0.837745284698        7.787716941568        6.393886056238
      100000 142500000  -288758.049735163804     5500.166562860832        0.941363979284        0.851694042603       12.801553937097        5.341797650593
      100000 142600000  -288630.316605755594     5500.321946682408        0.958513878486        0.852013936212        6.408249042556        5.318778157316
      100000 142700000  -288664.298049868317     5534.197548275813        0.953436015966        0.921754713234        8.072981819897        1.486916607676
      100000 142800000  -288653.181818962097     5507.172442596406        0.955313710356        0.866117269749        7.435022780288        4.353307646394
      100000 142900000  -288769.006838646252     5480.631540223025        0.940334379289        0.811476670990       13.255070354833        8.631781518110
      100000 143000000  -288684.663268422475     5480.494261072017        0.951664162861        0.811194050041        8.699057478743        8.657681239643
      100000 143100000  -288676.404015145032     5482.454894575290        0.952724099977        0.815230468512        8.321724277248        8.291458937180
      100000 143200000  -288504.504552741069     5493.268251704052        0.975555945639        0.837492270307        2.224744761877        6.413842413257
      100000 143300000  -288652.055865001865     5482.600956482813        0.955990136313        0.815531170800        7.211635335054        8.264493107534
      100000 143400000  -288664.597716749413     5490.726995137520        0.954113750015        0.832260504694        7.839689183381        6.833463877811
      100000 143500000  -288698.541297996184     5497.329333952628        0.949412849555        0.845852949328        9.528271951194        5.770861859526
      100000 143600000  -288658.148661317537     5487.657397766598        0.955050225192        0.825941027084        7.522959985152        7.358055717532
      100000 143700000  -288660.995030686492     5511.357473365031        0.954191671175        0.874733125525        7.813086050861        3.811033111667
      100000 143800000  -288735.084680303466     5481.454879326746        0.944868958266        0.813171705355       11.316864312525        8.477260683410
      100000 143900000  -288633.415427425178     5490.784205304459        0.958299860258        0.832378285082        6.474537220392        6.823870842400
      100000 144000000  -288693.131075006677     5503.743673855439        0.950012286211        0.859058354631        9.303797735461        4.824462260585
      100000 144100000  -288629.881624809233     5494.446278037503        0.958693828771        0.839917510539        6.352776744481        6.223832526719
      100000 144200000  -288685.491968482267     5468.867473990656        0.951866354297        0.787257614165        8.626432433136       10.992039741220
      100000 144300000  -288624.638706003549     5478.490000802092        0.959776096300        0.807067815760        6.024238311393        9.040232527588
      100000 144400000  -288569.911612525349     5509.694334415719        0.966451414878        0.871309168543        4.190657127871        4.022216587774
      100000 144500000  -288546.169375331607     5496.266097490676        0.969896692630        0.843664030652        3.374132531910        5.935920293377
      100000 144600000  -288501.118488287320     5485.732257824391        0.976182959251        0.821977680335        2.112074876458        7.696958597158
      100000 144700000  -288609.477168308105     5503.818003651686        0.961244572372        0.859211379743        5.592407090831        4.813991783964
      100000 144800000  -288575.624899693765     5490.244967133738        0.966072596535        0.831268138331        4.285830173418        6.914558186078
      100000 144900000  -288542.426110664615     5498.421668366529        0.970354755332        0.848101772883        3.272229753083        5.603709964956
      100000 145000000  -288657.489433309063     5492.821415618993        0.955021733978        0.836572354666        7.532499796881        6.486662256737
      100000 145100000  -288637.371144677978     5482.567548616789        0.957962941623        0.815462392965        6.579582651896        8.270656966326
      100000 145200000  -288706.652315520914     5491.181280951016        0.948456129501        0.833195757328        9.892083316230        6.757474640733
      100000 145300000  -288690.735413320595     5498.701654056087        0.950432937217        0.848678188316        9.147872020189        5.561261329130
      100000 145400000  -288634.999549866188     5489.085324363783        0.958125772058        0.828880744926        6.528709379713        7.111611131274
      100000 145500000  -288685.643344502896     5472.345701929182        0.951748330273        0.794418352504        8.668788439072       10.264526571174
      100000 145600000  -288756.885842116550     5488.652871260419        0.941767903322        0.827990439986       12.625790126778        7.185804691743
      100000 145700000  -288636.179952536942     5508.679450180382        0.957570071932        0.869219794131        6.703140186998        4.153883120428
      100000 145800000  -288697.032740996219     5489.636259987950        0.949782858281        0.830014973595        9.389396749715        7.017647881162
      100000 145900000  -288533.529973438941     5468.497849131003        0.972283562389        0.786496655725        2.860279876379       11.070815250304
      100000 146000000  -288653.837044245796     5468.296736969613        0.956133572066        0.786082619731        7.164704006242       11.113795003173
      100000 146100000  -288650.486116962973     5516.246116584167        0.955523956988        0.884797530603        7.365224587034        3.223248698003
      100000 146200000  -288655.196024256293     5513.988947055303        0.954927097586        0.880150623997        7.564230612660        3.488524629573
      100000 146300000  -288577.878772416618     5489.772894361056        0.965780656432        0.830296267119        4.359905333357        6.994441300824
      100000 146400000  -288747.647852737922     5503.968108548783        0.942687111694        0.859520405463       12.230333567872        4.792881915745
      100000 146500000  -288668.602435559966     5515.152430008166        0.953108242888        0.882545923309        8.187036464805        3.350475368640
      100000 146600000  -288650.054951629834     5493.474997983314        0.956005808873        0.837917905440        7.206499910863        6.380288544032
      100000 146700000  -288692.859802853549     5503.884850101545        0.950046045480        0.859348998653        9.291235314774        4.804585164187
      100000 146800000  -288608.085730191320     5484.995878390968        0.961836251453        0.820461672605        5.422952027236        7.828608750507
      100000 146900000  -288779.725649601314     5486.807747441344        0.938743888398        0.824191824971       13.971163072784        7.506688085556
      100000 147000000  -288603.980029060505     5490.453675922938        0.962260127893        0.831697813745        5.303157912825        6.879387202047
      100000 147100000  -288585.988012877991     5506.311782759614        0.964352589256        0.864345402005        4.731400285320        4.469297622862
      100000 147200000  -288626.341439210111     5491.255821871571        0.959239224866        0.833349217089        6.186123409187        6.745046618447
      100000 147300000  -288635.616850609891     5477.623035853729        0.958324431908        0.805282967483        6.466909275181        9.208271669182
      100000 147400000  -288515.340557641583     5480.903441874310        0.974391771909        0.812036443556        2.441702624152        8.580597815188
      100000 147500000  -288784.024087332888     5512.957970040850        0.937643810785        0.878028118870       14.477475664309        3.613180708427
      100000 147600000  -288583.216050851624     5491.748773147352        0.965019436607        0.834364071538        4.556037719557        6.663146039299
      100000 147700000  -288682.696821072837     5480.554310371168        0.951926710577        0.811317675441        8.604812091301        8.646347286482
      100000 147800000  -288743.007612999994     5483.870673602447        0.943745203194        0.818145177766       11.782917362697        8.031929401758
      100000 147900000  -288721.630989936646     5524.179454565980        0.945856043403        0.901130145500       10.915250045447        2.374094648990
      100000 148000000  -288551.175591906765     5509.882409428246        0.968964186980        0.871696364545        3.586410229670        3.998049468982
      100000 148100000  -288653.910869892454     5525.806542241946        0.954928786874        0.904479882581        7.563663623324        2.215949885170
      100000 148200000  -288778.237731347559     5485.209035865963        0.938981794635        0.820900506669       13.862851519749        7.790385584355
      100000 148300000  -288685.085729017388     5503.095788627863        0.951104997736        0.857724532734        8.901488852591        4.916208352321
      100000 148400000  -288649.627354229102     5509.563826471567        0.955748827591        0.871040487693        7.290935803558        4.039029296111
      100000 148500000  -288616.095472027315     5498.492893968709        0.960460412758        0.848248407293        5.821005020647        5.592896144321
      100000 148600000  -288598.015423432691     5500.211710838601        0.962853722908        0.851786990179        5.137647449182        5.335104034723
      100000 148700000  -288591.861973588355     5497.163318811916        0.963742012901        0.845511168685        4.894869202772        5.796480974214
      100000 148800000  -288501.690149314469     5497.774312377907        0.975838357354        0.846769040547        2.173635031047        5.702473568070
      100000 148900000  -288690.219612592831     5492.353948455304        0.950636762292        0.835609965167        9.072792645000        6.563284257314
      100000 149000000  -288695.881507699378     5529.768691050820        0.949243992557        0.912636884187        9.591987761168        1.853644592815
      100000 149100000  -288555.013871284900     5505.556099713780        0.968525881066        0.862789653315        3.688424298217        4.572397329111
      100000 149200000  -288656.773847125238     5502.305880748667        0.954922113852        0.856098324292        7.565903466747        5.029235142362
      100000 149300000  -288593.490560337435     5494.923871506937        0.963570466417        0.840900747385        4.941296712212        6.147612968930
      100000 149400000  -288782.808631134918     5505.150361547247        0.937943341386        0.861954347264       14.338723380372        4.628238261377
      100000 149500000  -288557.014762338018     5520.755470166914        0.968009061765        0.894081080059        3.810550010908        2.724691433385
      100000 149600000  -288612.623555059545     5473.309608467855        0.961527508931        0.796402777512        5.511049681731       10.067321477042
      100000 149700000  -288510.504125555977     5479.860210648738        0.975067728182        0.809888710295        2.314501236974        8.777807557741
      100000 149800000  -288703.283767613349     5486.827747201547        0.949008622159        0.824232999112        9.681155716874        7.503172375950
      100000 149900000  -288641.222581487847     5498.898487210274        0.957077907982        0.849083414982        6.859547593558        5.531516060660
      100000 150000000  -288670.253044724930     5490.825837492943        0.953352083820        0.832463994590        8.102111344837        6.816894167708
      100000 150100000  -288684.666268680245     5505.520032189786        0.951115821258        0.862715399958        8.897548376506        4.577347505649
      100000 150200000  -288832.899397959933     5508.518509700894        0.931155896602        0.868888460853       17.646850545158        4.174957611937
      100000 150300000  -288701.860269468743     5500.170066183433        0.948909464628        0.851701255005        9.718844161792        5.341278099615
      100000 150400000  -288727.936113921925     5514.317415592261        0.945153725394        0.880826852608       11.200256758609        3.449268940293
      100000 150500000  -288633.142299994593     5493.171298297122        0.958283593229        0.837292669249        6.479589578954        6.429607767305
      100000 150600000  -288740.606183726573     5506.794154258445        0.943580512884        0.865338475532       11.852009171741        4.404101226287
      100000 150700000  -288710.334344157716     5484.179019391537        0.948125304971        0.818779979036       10.019471728848        7.975953102245
      100000 150800000  -288645.023920575157     5511.181265654974        0.956339363526        0.874370361116        7.097637849189        3.833138061707
      100000 150900000  -288664.490297849523     5501.466991208494        0.953902197466        0.854371275749        7.912143541687        5.150677154406
      100000 151000000  -288640.031872651773     5504.011859938502        0.957137790969        0.859610477839        6.840420676111        4.786737708653
      100000 151100000  -288639.565207744949     5501.865566931665        0.957241558286        0.855191836251        6.807340118544        5.092796608071
      100000 151200000  -288594.147345770616     5498.982915310189        0.963397823897        0.849257229793        4.988242101528        5.518781797569
      100000 151300000  -288691.972724687541     5501.502483197488        0.950210951173        0.854444344234        9.229992971086        5.145509798000
      100000 151400000  -288745.541898207041     5514.272800709121        0.942790199071        0.880735002531       12.186376295408        3.454587885277
      100000 151500000  -288639.502153723966     5526.798214687034        0.956851116064        0.906521470143        6.932228111294        2.122237509839
      100000 151600000  -288626.600002293242     5497.533434018493        0.959069462848        0.846273136617        6.237759114661        5.739443316457
      100000 151700000  -288573.569898755290     5482.723500807770        0.966526804021        0.815783456695        4.171844109232        8.241902957486
      100000 151800000  -288639.197131871479     5507.742603594437        0.957181476192        0.867291078306        6.826484249229        4.277307565224
      100000 151900000  -288739.367290854221     5496.198166053742        0.943954012258        0.843524178045       11.695606988827        5.946545170613
      100000 152000000  -288741.268843039172     5503.137924269773        0.943559490783        0.857811278718       11.860843018622        4.910215311729
      100000 152100000  -288629.296148291556     5522.553047328256        0.958277438032        0.897781809259        6.481501828616        2.537620175090
      100000 152200000  -288676.262543528341     5511.520829556510        0.952138687462        0.875069432106        8.529094377097        3.790597461015
      100000 152300000  -288499.378651119769     5489.378403863870        0.976331270175        0.829484117002        2.085852603006        7.061548003535
      100000 152400000  -288672.358816038584     5468.121603201143        0.953651360818        0.785722066278        7.998484109054       11.151290732663
      100000 152500000  -288670.453720295802     5469.196615633555        0.953876418155        0.787935228520        7.920995444574       10.922128878383
      100000 152600000  -288673.894303366775     5484.223778517917        0.953017665921        0.818872126071        8.218695467363        7.967843914635
      100000 152700000  -288637.560280609410     5497.493807900697        0.957598450330        0.846191557070        6.694176666616        5.745536531595
      100000 152800000  -288623.753285650164     5510.248968040571        0.959211597038        0.872451010403        6.194512213347        3.951156977382
      100000 152900000  -288778.551650493173     5510.361400547437        0.938422153875        0.872682478777       14.118309533677        3.936829337018
      100000 153000000  -288551.354386453750     5494.741795919836        0.969232731687        0.840525902590        3.524614219603        6.176615183800
      100000 153100000  -288646.806010136614     5497.157826067880        0.956363817581        0.845499860598        7.089689388725        5.797329572877
      100000 153200000  -288508.214709901484     5496.414109738544        0.974990433690        0.843968748168        2.328874215745        5.912803206093
      100000 153300000  -288711.494357942371     5487.724053287879        0.947884995946        0.826078252923       10.112516958608        7.346458299389
      100000 153400000  -288502.554926796351     5489.903359053656        0.975892752934        0.830564858926        2.163858953582        6.972318476355
      100000 153500000  -288765.674855191959     5454.872031007893        0.941525684577        0.758444751146       12.731043537865       14.171088062970
      100000 153600000  -288685.783643975155     5535.709535866044        0.950535193549        0.924867490113        9.110167024333        1.370963945098
      100000 153700000  -288502.587964006932     5506.973925516009        0.975540190003        0.865708576330        2.227613644915        4.379926221431
      100000 153800000  -288639.793103088858     5497.343360867351        0.957301720244        0.845881826983        6.788197475272        5.768699854523
      100000 153900000  -288678.364194914233     5498.882943416946        0.952090560527        0.849051414481        8.546255860001        5.533862125572
      100000 154000000  -288711.198986749398     5474.357948362827        0.948261528846        0.798561028154        9.966918199352        9.855013676328
      100000 154100000  -288615.485457318136     5489.078891302459        0.960746422844        0.828867500978        5.737096975943        7.112711994535
      100000 154200000  -288568.219997541048     5491.790174336173        0.967032301738        0.834449305481        4.046792760973        6.656290279342
      100000 154300000  -288705.864291722421     5485.544654480182        0.948692602326        0.821591455371        9.801525779611        7.730392408219
      100000 154400000  -288655.625175281428     5503.109566612169        0.955060925049        0.857752897907        7.519378876427        4.914248278574
      100000 154500000  -288587.363359653158     5488.104409286752        0.964545400990        0.826861303899        4.680355774232        7.280455038621
      100000 154600000  -288604.597594453255     5487.513530947268        0.962244841350        0.825644843893        5.307454873342        7.383118333808
      100000 154700000  -288601.577694671694     5476.945544093847        0.962913251049        0.803888193677        5.121194142339        9.340663328101
      100000 154800000  -288767.501544220839     5492.665738484822        0.940251878563        0.836251857205       13.291751745236        6.512129151270
      100000 154900000  -288685.178188813152     5504.275192549452        0.951070240288        0.860152609049        8.914148756043        4.749839949646
      100000 155000000  -288637.830645851558     5487.568807072937        0.957780756922        0.825758642609        6.636736832915        7.373483801464
      100000 155100000  -288587.585826622788     5512.668424328789        0.964027810660        0.877432021915        4.818007286724        3.648583442259
      100000 155200000  -288573.072147614788     5472.250377652235        0.966867892277        0.794222105387        4.087256005295       10.284132846633
      100000 155300000  -288654.314925589832     5529.507037981413        0.954828953129        0.912098210702        7.597208101234        1.876573893005
      100000 155400000  -288563.696223439416     5484.510466571897        0.967808952759        0.819462339874        3.858370442701        7.916001320560
      100000 155500000  -288721.469333141576     5503.200465590693        0.946217128145        0.857940034522       10.770148424588        4.901326667559
      100000 155600000  -288813.070086101769     5508.708596281707        0.933815387840        0.869279798135       16.309767408291        4.150072261738
      100000 155700000  -288648.026353577385     5515.724140272476        0.955862385780        0.883722921390        7.253563545210        3.283662118353
      100000 155800000  -288664.898490590509     5502.873946595937        0.953820141197        0.857267819496        7.940336591358        4.947821690169
      100000 155900000  -288716.739357649814     5516.184729351662        0.946627910697        0.884671150758       10.606256338692        3.230324537831
      100000 156000000  -288705.696184708970     5501.612856439315        0.948365903338        0.854671573133        9.926745280565        5.129456888402
      100000 156100000  -288672.245940533467     5499.847974246368        0.952892733980        0.851038154103        8.262462673220        5.389150719381
      100000 156200000  -288780.273601510562     5494.645085455850        0.938493765120        0.840326801686       14.085491177693        6.192047625325
      100000 156300000  -288619.166193904588     5509.028166592121        0.959848703341        0.869937707684        6.002509572757        4.108403090430
      100000 156400000  -288630.903252673568     5494.759437892586        0.958549918220        0.840562222680        6.397119958205        6.173802066498
      100000 156500000  -288642.245161253028     5491.113354334608        0.957106741437        0.833055914645        6.850334714441        6.768809838060
      100000 156600000  -288732.657442309195     5488.667378011160        0.945021144780        0.828020305494       11.254471259568        7.183309608557
      100000 156700000  -288754.225073840236     5476.910069399513        0.942415517285        0.803815160797       12.346522465092        9.347621629895
      100000 156800000  -288746.603935888503     5483.988925508223        0.943259375319        0.818388626720       11.987315524904        8.010439116605
      100000 156900000  -288554.697213893058     5479.428578767926        0.969144184354        0.809000096032        3.544930894210        8.860057428403
      100000 157000000  -288614.489376267884     5506.777640780434        0.960516749793        0.865304478710        5.804428998545        4.406325237113
      100000 157100000  -288670.371088980231     5493.102205630392        0.953285734426        0.837150425981        8.125175718329        6.440854564666
      100000 157200000  -288596.231190184364     5518.180420641787        0.962780320263        0.888779743808        5.157971936130        3.004263499580
      100000 157300000  -288507.618981066626     5500.660988851450        0.974983940690        0.852711933095        2.330083620382        5.268722966450
      100000 157400000  -288538.932475739159     5495.176431625150        0.970891559937        0.841420700922        3.154798132893        6.107496502645
      100000 157500000  -288685.361143711722     5485.183219365776        0.951454600628        0.820847357420        8.774651317783        7.795009992522
      100000 157600000  -288769.509085224709     5497.862473317422        0.939871750646        0.846950540273       13.461418621094        5.688972583315
      100000 157700000  -288524.295739558060     5490.509991132654        0.972959476939        0.831813751656        2.722474919169        6.869912493666
      100000 157800000  -288708.351107946830     5508.289802426472        0.947885236229        0.868417613923       10.112423708721        4.204997617759
      100000 157900000  -288768.912950581172     5507.592192178592        0.939764918569        0.866981421547       13.509295913287        4.297291789987
      100000 158000000  -288692.187443804229     5497.988059865311        0.950252518452        0.847209089289        9.214587754515        5.669767865151
      100000 158100000  -288677.959016317269     5489.731703673489        0.952342047814        0.830211466542        8.456768956438        7.001433260761
      100000 158200000  -288571.742973288288     5533.222244519740        0.965875405348        0.919746824412        4.335794736439        1.564208680508
      100000 158300000  -288588.355025613913     5479.148788112216        0.964631540786        0.808424082121        4.657640801037        8.913577998430
      100000 158400000  -288695.842476542806     5528.431735950522        0.949265165924        0.909884452256        9.583986646501        1.972285095033
      100000 158500000  -288734.436265241588     5463.752346934751        0.945443485615        0.776726939618       11.082224459006       12.107176944089
      100000 158600000  -288611.824018626241     5466.157450455241        0.961837492181        0.781678402631        5.422599425664       11.576136511096
      100000 158700000  -288584.515203227755     5497.217955624685        0.964727460846        0.845623651227        4.632411804415        5.788043269706
      100000 158800000  -288703.343342853244     5509.630669686012        0.948534273116        0.871178099941        9.862112063338        4.030413826998
      100000 158900000  -288674.980406634975     5489.256380612962        0.952752907352        0.829232903859        8.311585750235        7.082370232831
      100000 159000000  -288612.252383604879     5476.594465075992        0.961489034281        0.803165416151        5.522077911342        9.409640944466
      100000 159100000  -288525.004373206059     5480.393588494509        0.973106945414        0.810986792208        2.692861256097        8.676699253864
      100000 159200000  -288595.496061080834     5491.541750408709        0.963374992763        0.833937867250        4.994467017992        6.697480559816
      100000 159300000  -288662.902179105207     5490.858609501272        0.954338477630        0.832531463365        7.763087566791        6.811404781887
      100000 159400000  -288708.217697137268     5504.584908569232        0.947970514155        0.860790231257       10.079355883598        4.706625713250
      100000 159500000  -288738.603625150165     5486.229991042055        0.944279757536        0.823002379520       11.560049834387        7.608605988587
      100000 159600000  -288661.781674925936     5502.200832288712        0.954251655592        0.855882057691        7.792637517950        5.044363151017
      100000 159700000  -288608.932333669160     5484.804934848100        0.961727171653        0.820068571068        5.453996141514        7.862927964920
      100000 159800000  -288668.995449991431     5477.548454144970        0.953844046913        0.805129423750        7.932117843860        9.222799723968
      100000 159900000  -288732.062761560315     5491.887272408232        0.945028073552        0.834649204366       11.251634723394        6.640225330975
      100000 160000000  -288708.908985679504     5479.822660307400        0.948425351153        0.809811404215        9.903900546257        8.784947752997
      100000 160100000  -288644.625222701347     5489.565276217647        0.956822165346        0.829868837053        6.941533580849        7.029719245893
      100000 160200000  -288595.880919086048     5464.662149571814        0.964022602803        0.778599979206        4.819402437139       11.904894573146
      100000 160300000  -288746.078754478134     5494.224250067025        0.943094761185        0.839460414504       12.056970872817        6.259426061016
      100000 160400000  -288632.716621419415     5471.726715290919        0.958872880510        0.793144025050        6.297820772622       10.392173259880
      100000 160500000  -288765.011353782145     5488.303295291960        0.940684838572        0.827270756835       13.099814459701        7.246060892236
      100000 160600000  -288686.195187765639     5488.134211097844        0.951272807564        0.826922657834        8.840493089550        7.275296106137
      100000 160700000  -288649.324493012624     5477.533137313090        0.956486015687        0.805097890502        7.050037269176        9.225784765318
      100000 160800000  -288679.594577234704     5468.499957537279        0.952668819643        0.786500996368        8.341197059782       11.070365103089
      100000 160900000  -288687.808118136367     5493.089186855592        0.950944440302        0.837123623816        8.960044806854        6.442974841063
      100000 161000000  -288685.684363614768     5511.743162956089        0.950869729570        0.875527156937        8.987357562398        3.762872106903
      100000 161100000  -288592.818530538352     5487.265328362584        0.963832444831        0.825133861348        4.870482826551        7.426457147801
      100000 161200000  -288656.792218592018     5503.111910831183        0.954904160688        0.857757724026        7.571931209825        4.913914825869
      100000 161300000  -288543.498289601412     5476.200590422377        0.970732297179        0.802354533891        3.189414647800        9.487328790984
      100000 161400000  -288812.250362434657     5483.785709165968        0.934448828300        0.817970258782       15.999065964849        8.047388025196
      100000 161500000  -288629.761154489825     5483.064381719567        0.958972591871        0.816485239055        6.267320068894        8.179226666342
      100000 161600000  -288698.479188591940     5475.342949589714        0.949943130577        0.800588881467        9.329558269462        9.657594760917
      100000 161700000  -288640.792534113862     5479.986748704687        0.957568366885        0.810149218210        6.703678929370        8.753767726811
      100000 161800000  -288530.525476147421     5492.598952967674        0.972076323109        0.836114363739        2.903213129983        6.523069746955
      100000 161900000  -288589.953761744546     5531.300535728224        0.963451140896        0.915790541482        4.973720320635        1.722233325427
      100000 162000000  -288707.779826822225     5498.790981033817        0.948142267746        0.848862088602       10.012920162187        5.547752422656
      100000 162100000  -288655.399810536532     5472.065692241304        0.955817406519        0.793841887665        7.268354837110       10.322172131993
      100000 162200000  -288591.943419288378     5500.874119663611        0.963655995094        0.853150712268        4.918121754012        5.237378099810
      100000 162300000  -288528.901319084456     5496.833938094787        0.972203703820        0.844833062140        2.876786104864        5.847478293871
      100000 162400000  -288724.906699757325     5493.482776124030        0.945953969154        0.837933918545       10.875802708077        6.379027908969
      100000 162500000  -288771.221707403660     5496.672929164022        0.939666410421        0.844501587940       13.553518112787        5.872488241779
      100000 162600000  -288618.555653753225     5493.842992178164        0.960227786789        0.838675506777        5.889700746246        6.320782670592
      100000 162700000  -288694.692631597398     5484.750183250755        0.950211940320        0.819955852215        9.229626234773        7.872782583835
      100000 162800000  -288692.145831834292     5522.321437773295        0.949840684101        0.897304987311        9.367785127060        2.561350103016
      100000 162900000  -288684.278388328152     5492.348551471718        0.951434714885        0.835598854226        8.781841543934        6.564171497617
      100000 163000000  -288671.371497285087     5500.018059400842        0.953006762627        0.851388313813        8.222510571725        5.363844299296
      100000 163100000  -288693.173933714861     5495.363136516884        0.950174855444        0.841805076213        9.243380818398        6.077924854153
      100000 163200000  -288571.550917781424     5462.076679257676        0.967367616584        0.773277189346        3.964891446290       12.484198712045
      100000 163300000  -288603.045665108832     5507.730436053127        0.962036391020        0.867266028602        5.366222727702        4.278922458907
      100000 163400000  -288451.352502176538     5510.306237092242        0.982361924334        0.872568912019        1.158340160448        3.943855743763
      100000 163500000  -288594.008339791559     5504.888711257838        0.963301761527        0.861415679502        5.014459732052        4.664428417655
      100000 163600000  -288660.391802522121     5495.877464231104        0.954566203403        0.842863939016        7.685847621606        5.996833121843
      100000 163700000  -288584.931051512482     5496.627368411049        0.964683909116        0.844407790571        4.643858334939        5.879575003258
      100000 163800000  -288719.726163080661     5498.735835117288        0.946539141174        0.848748557952       10.641566752795        5.556090191678
      100000 163900000  -288657.602844509762     5487.762049151585        0.955121077080        0.826156476214        7.499262610177        7.339851478472
      100000 164000000  -288730.400961335981     5495.246935902163        0.945178193254        0.841565850317       11.190265736139        6.096321100641
      100000 164100000  -288629.224473743932     5487.354123787023        0.958941489766        0.825316667309        6.276825945332        7.410937950966
      100000 164200000  -288619.194041195326     5509.750815321691        0.959832414364        0.871425447578        6.007380876198        4.014951296795
      100000 164300000  -288690.853446880821     5534.333191843703        0.949868529590        0.922033966956        9.357387132395        1.476322077294
      100000 164400000  -288645.205251581967     5465.957327186130        0.957360675322        0.781266402500        6.769464991240       11.619868968286
      100000 164500000  -288662.635159565136     5513.479294484481        0.953936351489        0.879101386061        7.900423615311        3.549873545569
      100000 164600000  -288725.100118174916     5483.643214760348        0.946155521700        0.817676901023       10.794836231287        8.073347145896
      100000 164700000  -288684.608934599208     5500.518802287988        0.951219178853        0.852419209100        8.859963332640        5.289686161232
      100000 164800000  -288733.684211237123     5490.906969960779        0.944832232820        0.832631024579       11.331946752722        6.803308333915
      100000 164900000  -288620.608888443094     5498.567350279540        0.959852799836        0.848401692865        6.001284805555        5.581602987105
      100000 165000000  -288629.774853080977     5480.739069416188        0.959028804227        0.811698044756        6.250157908644        8.611521658720
      100000 165100000  -288637.228706002701     5498.701365524903        0.957618236694        0.848677594307        6.687930550003        5.561304990277
      100000 165200000  -288641.737983013038     5497.969053764828        0.957027651423        0.847169960826        6.875620392743        5.672672196393
      100000 165300000  -288739.760562665993     5487.743560211733        0.944088736280        0.826118412446       11.639446486840        7.343066012806
      100000 165400000  -288608.945282664150     5487.823702651076        0.961653751236        0.826283404232        5.474941484460        7.329137329645
      100000 165500000  -288634.613718747627     5497.930565718561        0.957985142715        0.847090724262        6.572634718199        5.678555850842
      100000 165600000  -288758.108217886649     5513.864349192008        0.941109261429        0.879894110419       12.913016714442        3.503473586261
      100000 165700000  -288701.398175326874     5526.868499714881        0.948538358975        0.906666168163        9.860546221405        2.115672453817
      100000 165800000  -288584.687422934920     5508.959369731136        0.964479981052        0.869796073401        4.697643859702        4.117355839871
      100000 165900000  -288693.557260118425     5484.891070709564        0.950361003171        0.820245901702        9.174442928407        7.847437053548
      100000 166000000  -288683.259962607641     5492.981450931169        0.951557559765        0.836901824446        8.737470760934        6.460534425897
      100000 166100000  -288677.708379599964     5509.093771731481        0.951986061579        0.870072771068        8.583578305586        4.099874766043
      100000 166200000  -288793.863897665869     5467.738137151115        0.937345775225        0.784932612541       14.616198510082       11.233610409868
      100000 166300000  -288582.153642829275     5478.865755594335        0.965471602778        0.807841394087        4.439014356928        8.967882672663
      100000 166400000  -288671.721194231184     5489.889114236459        0.953176125090        0.830535532668        8.163349922312        6.974732257840
      100000 166500000  -288639.355701487744     5502.009360905737        0.957266899049        0.855487869473        6.799273777773        5.071995350624
      100000 166600000  -288675.094078878174     5511.084944751114        0.952302936859        0.874172062211        8.470654908939        3.845248372241
      100000 166700000  -288584.553539536428     5507.796759437770        0.964518474785        0.867402570661        4.687467521520        4.270123620633
      100000 166800000  -288684.167383232387     5498.323680815287        0.951322643402        0.847900042799        8.822419071037        5.618603983787
      100000 166900000  -288663.186800850788     5459.381956936792        0.955145090501        0.767729478909        7.491239477681       13.102628500141
      100000 167000000  -288700.791541288840     5500.487044322304        0.949046683061        0.852353827968        9.666708725701        5.294374065111
      100000 167100000  -288650.898376402678     5506.468303991482        0.955633076754        0.864667637237        7.329128494820        4.448090016403
      100000 167200000  -288752.173248600913     5494.873406485654        0.942262408894        0.840796853442       12.412264803171        6.155644537604
      100000 167300000  -288572.342209918657     5483.806032715365        0.966665049848        0.818012099518        4.137455456490        8.043688959935
      100000 167400000  -288564.179423326394     5484.899974799715        0.967734642687        0.820264232835        3.876204389578        7.845836588463
      100000 167500000  -288556.509980259230     5487.938228192739        0.968692498490        0.826519181602        3.649476164865        7.309255843684
      100000 167600000  -288777.177971896250     5463.223114225082        0.939719705984        0.775637391428       13.529583739252       12.225628663101
      100000 167700000  -288653.375016892795     5493.721484414302        0.955554608350        0.838425354884        7.355076365217        6.340400046718
      100000 167800000  -288601.220021424349     5503.315731978044        0.962362936695        0.858177337095        5.274304148112        4.884965605056
      100000 167900000  -288674.987582454691     5477.015421754681        0.953053365172        0.804032053037        8.206210357545        9.326964520091
      100000 168000000  -288711.769557196414     5500.036529791541        0.947581430796        0.851426339393       10.230669051789        5.361099734563
      100000 168100000  -288590.152961128624     5503.764470110647        0.963840588563        0.859101168542        4.868289731551        4.821531647343
      100000 168200000  -288615.796956703765     5484.631561694667        0.960809530390        0.819711642250        5.718664868260        7.894154185093
      100000 168300000  -288648.025990374852     5511.631303397007        0.955928658051        0.875296868110        7.231797564147        3.776808464249
      100000 168400000  -288569.975509997690     5491.592390147969        0.966800960408        0.834042120890        4.103786436058        6.689073856401
      100000 168500000  -288677.678695950191     5481.128744308837        0.952586073915        0.812500280835        8.370387193244        8.538301420153
      100000 168600000  -288507.923316774424     5498.648915802129        0.974983428512        0.848569614397        2.330179033459        5.569244640263
      100000 168700000  -288779.528354075737     5494.146192412823        0.938604574441        0.839299714731       14.034784196418        6.271963676390
      100000 168800000  -288519.780278496677     5503.095574620180        0.973303493518        0.857724092149        2.653643497428        4.916238800412
      100000 168900000  -288610.811238702387     5465.354059545323        0.961997139047        0.780024436246        5.377325134750       11.752198488640
      100000 169000000  -288558.784114489565     5520.900725830346        0.967769396359        0.894380122507        3.867858609730        2.709327829204
      100000 169100000  -288610.684527439065     5467.589086244814        0.961948822601        0.784625756706        5.391007178594       11.265689267455
      100000 169200000  -288673.611798122060     5503.786060191691        0.952632683371        0.859145616728        8.353938547494        4.818490109972
      100000 169300000  -288651.112239150563     5490.910316244699        0.955920559298        0.832637913680        7.234455705100        6.802748281331
      100000 169400000  -288728.945095855510     5502.961075775325        0.945217799771        0.857447195105       11.174102556718        4.935393366834
      100000 169500000  -288616.130485557718     5489.289416034706        0.960654971532        0.829300914932        5.763860203621        7.076729993178
      100000 169600000  -288658.797648434993     5534.008527315222        0.954176643376        0.921365569779        7.818213186137        1.501743385077
      100000 169700000  -288600.307216434740     5508.467456903309        0.962391069071        0.868783356837        5.266422382655        4.181653905733
      100000 169800000  -288662.674094703747     5472.229889228940        0.954836017514        0.794179925219        7.594832003761       10.288349343345
      100000 169900000  -288587.260009816149     5511.970900354907        0.964083111918        0.875996007154        4.803204903798        3.734578372765
      100000 170000000  -288699.432078032522     5472.378491241485        0.949895767647        0.794485856903        9.347221549774       10.257786797042
      100000 170100000  -288634.865711927880     5522.469349200837        0.957530663905        0.897609497265        6.715597441343        2.546182857339
      100000 170200000  -288619.300003799843     5502.147185428999        0.959957460896        0.855771613197        5.970035696343        5.052097588550
      100000 170300000  -288639.711940309033     5462.329154274426        0.958206750359        0.773796967682        6.503482760561       12.427022482150
      100000 170400000  -288577.993165174965     5499.558812616393        0.965555519955        0.850442847870        4.417463580678        5.432310839405
      100000 170500000  -288703.679794129916     5480.130522435531        0.949119717657        0.810445209757        9.639016781883        8.726493449514
      100000 170600000  -288688.806666114368     5488.917180552147        0.950904004935        0.828534581920        8.974822011305        7.140412877650
      100000 170700000  -288637.091349799884     5471.421546505764        0.958293898138        0.792515764379        6.476388760048       10.455395109230
      100000 170800000  -288599.769354318269     5491.899945680052        0.962793171910        0.834675295233        5.154410541125        6.638129960724
      100000 170900000  -288545.539049567888     5518.188933383673        0.969587525005        0.888797269260        3.443794601384        3.003316784842
      100000 171000000  -288560.240372532047     5517.663503397256        0.967621202389        0.887715549857        3.903508644743        3.062030218050
      100000 171100000  -288737.951396888820     5495.114219037816        0.944167088582        0.841292621893       11.606847030121        6.117366115202
      100000 171200000  -288648.804163495312     5496.509430550039        0.956109000809        0.844164988150        7.172732701538        5.897939533427
      100000 171300000  -288564.471495516831     5511.563513631001        0.967150136328        0.875157307166        4.017916012041        3.785266790782
      100000 171400000  -288681.119605491403     5511.584300057963        0.951485379431        0.875200100843        8.763528218636        3.782672202029
      100000 171500000  -288595.983557887375     5519.745613988489        0.962790535914        0.892002057067        5.155140917077        2.832704066207
      100000 171600000  -288668.484458463034     5480.401300209574        0.953839136481        0.811002668561        7.933805695134        8.675241699079
      100000 171700000  -288741.612534213345     5503.324992184527        0.943509770205        0.858196401376       11.881749553174        4.883652386183
      100000 171800000  -288652.090930712409     5507.851700839587        0.955448054776        0.867515680270        7.390384822768        4.262841639188
      100000 171900000  -288623.938314240891     5505.979102166370        0.959262405552        0.863660501901        6.179089303154        4.514541201486
      100000 172000000  -288519.241661602398     5444.999445669353        0.974952354814        0.738119746118        2.335971373804       16.656193044578
      100000 172100000  -288605.830017528031     5493.955613561906        0.961934245371        0.838907363997        5.395138509471        6.302627138974
      100000 172200000  -288542.794562296243     5489.849010379054        0.970490301124        0.830452969583        3.242375184895        6.981530092222
      100000 172300000  -288714.223108334932     5511.819718926214        0.947036047836        0.875684765145       10.444664167468        3.753349000573
      100000 172400000  -288623.084188532783     5517.062204482034        0.959191166377        0.886477636681        6.200719353727        3.129918914042
      100000 172500000  -288616.280568328686     5467.617114499211        0.961196532513        0.784683459363        5.606279984184       11.259653512026
      100000 172600000  -288682.478990777396     5469.570210790262        0.952250952191        0.788704360736        8.489129176255       10.843046178885
      100000 172700000  -288592.696919935988     5482.761673412286        0.963957335885        0.815862043848        4.836904139941        8.234872432172
      100000 172800000  -288644.615400241921     5503.596410450526        0.956530135666        0.858755178782        7.035748078512        4.845240130530
      100000 172900000  -288652.910725547466     5501.877328584902        0.955449190459        0.855216050340        7.390008047633        5.091093567062
      100000 173000000  -288626.618499375880     5528.500357105397        0.958560266074        0.910025724807        6.393926323832        1.966106109218
      100000 173100000  -288680.070604397450     5472.910829303786        0.952481123448        0.795581798181        8.407483817078       10.148675501958
      100000 173200000  -288622.660277267918     5510.168442847207        0.959359754792        0.872285230630        6.149592671050        3.961434559157
      100000 173300000  -288582.721172021935     5523.188565678895        0.964523217596        0.899090171074        4.686214458939        2.473074383076
      100000 173400000  -288624.493899354711     5478.840395716950        0.959786480847        0.807789184902        6.021128175328        8.972756453357
      100000 173500000  -288695.851741326740     5488.168478407897        0.949975254740        0.826993205034        9.317587561364        7.269366419921
      100000 173600000  -288731.043695488712     5474.375062886626        0.945596165278        0.798596262367       11.020282720357        9.851566445759
      100000 173700000  -288669.644653783878     5511.032589540817        0.953035612751        0.874064276877        8.212417730888        3.851838941947
      100000 173800000  -288639.158949394710     5503.611485634930        0.957262584092        0.858786214543        6.800646954998        4.843111072738
      100000 173900000  -288757.393099015811     5467.485446016304        0.942250662319        0.784412389275       12.417315808350       11.288021759970
      100000 174000000  -288675.236918946961     5486.658239305951        0.952778974385        0.823884027824        8.302416991040        7.532995847080
      100000 174100000  -288602.945162523771     5462.227442112751        0.963147168107        0.773587569624        5.056796111324       12.450040730709
      100000 174200000  -288680.900644626468     5504.292770180851        0.951644331874        0.860188796677        8.706196955256        4.747382081802
      100000 174300000  -288599.640521838795     5521.940793921240        0.962268280432        0.896521343722        5.300866991812        2.600589472790
      100000 174400000  -288809.424809263553     5493.302517144009        0.934608152670        0.837562813657       15.921387922949        6.408275223003
      100000 174500000  -288609.068993299035     5501.299703219905        0.961347873349        0.854026874653        5.562634166804        5.175067897850
      100000 174600000  -288605.711572521599     5491.193952236325        0.962010947702        0.833221844105        5.373418053313        6.755361181859
      100000 174700000  -288649.488504451700     5477.830018261448        0.956456232896        0.805709088740        7.059691252779        9.168012768770
      100000 174800000  -288594.743167453213     5514.631831445731        0.963034884119        0.881474150513        5.087657361099        3.411900773806
      100000 174900000  -288633.972743078833     5508.241003547795        0.957874199703        0.868317150121        6.607391500649        4.211421141914
      100000 175000000  -288669.489799345378     5476.982460916042        0.953792517469        0.803964195512        7.949838885269        9.333424906290
      100000 175100000  -288656.630272584967     5506.047277282923        0.954871029518        0.863800856179        7.583061242851        4.505251024647
      100000 175200000  -288676.303765298799     5490.098981901072        0.952555972210        0.830967593896        8.381018791377        6.939212483686
      100000 175300000  -288590.220220981166     5490.772899682634        0.964100700454        0.832355009839        4.798501787207        6.825766041689
      100000 175400000  -288681.147594068432     5487.354459997267        0.951968844549        0.825317359475        8.589735276988        7.410879220756
      100000 175500000  -288679.653506116709     5519.013178856112        0.951565386031        0.890494169595        8.734647771627        2.912357768716
      100000 175600000  -288555.187875574222     5516.043099173345        0.968324486769        0.884379572211        3.735777756760        3.246679231476
      100000 175700000  -288545.198085718788     5503.921106864698        0.969874515857        0.859423641603        3.379105735047        4.799486967300
      100000 175800000  -288449.537899974268     5497.267379633151        0.982852230593        0.845725402003        1.094835776617        5.780415886203
      100000 175900000  -288648.921287076315     5499.512514616363        0.956031674467        0.850347532707        7.198028537652        5.439237242890
      100000 176000000  -288738.028217365267     5481.463661266491        0.944473457074        0.813189785014       11.479817437714        8.475620047971
      100000 176100000  -288580.751756586367     5483.596338051371        0.965540881770        0.817580394453        4.421219038185        8.081896114702
      100000 176200000  -288670.187785909278     5492.968696412630        0.953313271913        0.836875566314        8.115599158547        6.462614832056
      100000 176300000  -288607.596409377875     5488.406636144966        0.961821336648        0.827483507932        5.427191551891        7.228221897849
      100000 176400000  -288591.160963654751     5476.773626747541        0.964316621683        0.803534261976        4.740952891277        9.374408772923
      100000 176500000  -288620.379804058699     5507.768101660535        0.959707957884        0.867343571985        6.044665455204        4.273924413610
      100000 176600000  -288718.196263793390     5494.618139176629        0.946830567016        0.840271326525       10.525864352190        6.196350971335
      100000 176700000  -288618.893327317666     5498.455641007051        0.960085454503        0.848171713437        5.931930961802        5.598550769122
      100000 176800000  -288600.521615930600     5511.464996294118        0.962310700900        0.874954486395        5.288954529023        3.797575951090
      100000 176900000  -288670.601708044065     5505.794514663517        0.952999469163        0.863280485745        8.225063076654        4.539742842097
      100000 177000000  -288614.052018864313     5471.321724103764        0.961390579996        0.792310256829        5.550348673911       10.476116941136
      100000 177100000  -288599.499528261833     5486.583040311933        0.962951354987        0.823729213266        5.110676239155        7.546245411968
      100000 177200000  -288691.052123644389     5482.838205720298        0.950747548403        0.816019603342        9.032114134205        8.220785958590
      100000 177300000  -288737.949897844344     5493.833470620215        0.944194812517        0.838655904444       11.595323089474        6.322318824425
      100000 177400000  -288493.543330805376     5514.505485371687        0.976626792428        0.881214037837        2.034090835305        3.426892481670
      100000 177500000  -288654.855224629631     5508.928232354112        0.955057851663        0.869731969894        7.520407413338        4.121411046631
      100000 177600000  -288722.930847451789     5495.945789793506        0.946166536663        0.843004603021       10.790420084603        5.986101517576
      100000 177700000  -288656.204049680848     5472.137714441866        0.955707413898        0.793990162057        7.304589040265       10.307329510603
      100000 177800000  -288603.639316048240     5499.686281597242        0.962108999082        0.850705272310        5.345715802994        5.413263667133
      100000 177900000  -288861.744122451171     5485.147516816854        0.927769392059        0.820773855449       19.425680949464        7.801407510612
      100000 178000000  -288540.584078882122     5497.335542027839        0.970624435521        0.845865730090        3.212966168912        5.769904942714
      100000 178100000  -288602.900451470399     5485.697604466230        0.962515720297        0.821906338366        5.231570123123        7.703128904482
      100000 178200000  -288653.747440237785     5505.961526944302        0.955259727874        0.863624319233        7.452997125981        4.516937716401
      100000 178300000  -288624.663912331453     5470.676459427923        0.959983587145        0.790981829945        5.962247790895       10.610560389410
      100000 178400000  -288591.647355490364     5508.659010146745        0.963550611787        0.869177713584        4.946684338235        4.156556702299
      100000 178500000  -288748.282599009573     5489.034387208521        0.942914420775        0.828775878986       12.133512313757        7.120330130124
      100000 178600000  -288781.840469610412     5472.728924880736        0.938819678512        0.795207305767       13.936612365771       10.185894137935
      100000 178700000  -288613.234278129879     5506.687535151839        0.960686925007        0.865118975390        5.754501940167        4.418470419174
      100000 178800000  -288637.030838903505     5498.937915454619        0.957640008680        0.849164587161        6.681060985348        5.525567284909
      100000 178900000  -288674.247612691484     5523.993831784464        0.952221518273        0.900747997984        8.499598299911        2.392482614033
      100000 179000000  -288587.405761708738     5499.628741126508        0.964290120101        0.850586811915        4.747997594713        5.421857564176
      100000 179100000  -288682.446528322063     5486.546058450826        0.951813467236        0.823653077534        8.645399510804        7.552765641541
      100000 179200000  -288571.764735357370     5491.013526631519        0.966573636350        0.832850396182        4.160178626257        6.785485740863
      100000 179300000  -288655.426204909803     5466.186302941293        0.955981408314        0.781737802161        7.214496029587       11.569838247165
      100000 179400000  -288706.098730691243     5476.523394549266        0.948888501773        0.803019101001        9.726821237000        9.423635281366
      100000 179500000  -288627.518656095723     5484.412087257951        0.959240770377        0.819259803256        6.185654304344        7.933772454411
      100000 179600000  -288597.859228267800     5499.166761025786        0.962895646769        0.849635718808        5.126057137141        5.491103176901
      100000 179700000  -288528.319511726964     5490.549119574018        0.972418250240        0.831894306621        2.832548397641        6.863333203905
      100000 179800000  -288642.713548833970     5519.808217097074        0.956514364698        0.892130940075        7.040854176281        2.825947093497
      100000 179900000  -288592.416380865965     5508.078110015951        0.963457592923        0.867981796033        4.971964438437        4.232898739920
      100000 180000000  -288619.141297826776     5489.021811804734        0.960256800559        0.828749989603        5.881110824984        7.122483505368
      100000 180100000  -288780.002939772559     5484.250951784663        0.938767918458        0.818928068539       13.960203773530        7.962922838671
      100000 180200000  -288647.881123098778     5522.499154162593        0.955782444353        0.897670857687        7.279862444425        2.543132026743
      100000 180300000  -288668.961756446166     5518.565011993982        0.953007774880        0.889571514240        8.222156343124        2.961641404891
      100000 180400000  -288574.639648741577     5483.082431251183        0.966374288317        0.816522398200        4.209947508809        8.175914646215
      100000 180500000  -288491.859999406151     5474.014384724200        0.977725370866        0.797853722778        1.847373353080        9.924342284661
      100000 180600000  -288584.863303428283     5493.935774073936        0.964750246795        0.838866519813        4.626428690687        6.305823539552
      100000 180700000  -288696.575556019787     5470.065265986137        0.950343943595        0.789723546592        9.180750026245       10.738695451428
      100000 180800000  -288622.574390035355     5486.187875591218        0.959862059991        0.822915675103        5.998516671485        7.616062148968
      100000 180900000  -288633.543839670951     5491.602519875392        0.958264288753        0.834062975282        6.485587891448        6.687392853947
      100000 181000000  -288606.404995938065     5498.898711357266        0.961753477543        0.849083876441        5.446501377205        5.531482233213
      100000 181100000  -288504.310153461294     5491.237199616618        0.975626944530        0.833310878861        2.211839781803        6.748150388787
      100000 181200000  -288704.841072362615     5491.035384871066        0.948702628191        0.832895396434        9.797695564691        6.781832636596
      100000 181300000  -288710.682825333904     5502.427746063098        0.947680447299        0.856349212286       10.192054937596        5.011713806677
      100000 181400000  -288741.805376594653     5476.496236512437        0.944094256273        0.802963189888       11.637148327896        9.428985655093
      100000 181500000  -288648.188625959679     5488.003865445033        0.956379653874        0.826654311098        7.084544391363        7.297873474203
      100000 181600000  -288627.590653392253     5471.103525204584        0.959578599852        0.791861043824        6.083540686099       10.521483623358
      100000 181700000  -288625.758373061894     5487.253027441911        0.959409317429        0.825108537052        6.134602398293        7.428608318057
      100000 181800000  -288634.697365115862     5497.142453281209        0.957990178866        0.845468212154        6.571059142265        5.799704913823
      100000 181900000  -288799.487541207345     5492.992931127548        0.935949372065        0.836925459091       15.274974530581        6.458662162478
      100000 182000000  -288561.718262775103     5506.190369975753        0.967613932392        0.864095445650        3.905261747456        4.485782999197
      100000 182100000  -288594.503736749291     5479.708621980622        0.963791485274        0.809576629889        4.881520663212        8.806649928868
      100000 182200000  -288776.195727557177     5507.517269670032        0.938788270168        0.866827176199       13.950925408192        4.307263653794
      100000 182300000  -288524.104887147201     5504.580060042441        0.972694693871        0.860780249441        2.776053368488        4.707300699742
      100000 182400000  -288678.281357434113     5473.550955366343        0.952703881974        0.796899646038        8.328843533391       10.018243877693
      100000 182500000  -288647.614346790593     5482.359841955826        0.956592558558        0.815034780665        7.015555864570        8.309031065467
      100000 182600000  -288754.555646310560     5484.607840132900        0.942176517025        0.819662805917       12.449221856466        7.898431485745
      100000 182700000  -288654.658727690112     5511.177598141134        0.955045589142        0.874362810688        7.524511878216        3.833598823992
      100000 182800000  -288650.725281425053     5506.852404535748        0.955649361236        0.865458397228        7.323749300222        4.396260647881
      100000 182900000  -288796.862601173110     5470.975540154614        0.936851035805        0.791597556937       14.847938976713       10.548139159256
      100000 183000000  -288677.346626548562     5492.569431961514        0.952360695708        0.836053587906        8.450152219153        6.527908712914
      100000 183100000  -288552.350086373277     5491.099828638136        0.969178849137        0.833028068864        3.536970305109        6.771068061403
      100000 183200000  -288546.578645483591     5509.751608144492        0.969583756444        0.871427079787        3.444648129887        4.014849360605
      100000 183300000  -288643.489351615543     5517.300639278255        0.956447376596        0.886968509969        7.062563264075        3.102909753114
      100000 183400000  -288694.698932010448     5503.058096867986        0.949814782975        0.857646935510        9.377462246031        4.921572427458
      100000 183500000  -288682.314212363446     5511.109162868932        0.951332952475        0.874221920820        8.818682576887        3.842201660159
      100000 183600000  -288693.211649063975     5503.344358444214        0.950009045882        0.858236271310        9.305003965640        4.880906566934
      100000 183700000  -288588.381397885038     5507.831831449643        0.964003816093        0.867474774526        4.824436951133        4.265474428184
      100000 183800000  -288580.906304644421     5513.469006549567        0.964911699937        0.879080205963        4.584145226844        3.551117451590
      100000 183900000  -288676.238747863565     5489.691433954053        0.952573977134        0.830128561992        8.374658835137        7.008272266639
      100000 184000000  -288697.535834478214     5522.152571306564        0.949119205672        0.896957336552        9.639210768901        2.578721200237
      100000 184100000  -288614.402259104187     5505.410546581261        0.960553434842        0.862489998458        5.793647878008        4.592390532736
      100000 184200000  -288683.947386996355     5463.282072774135        0.952237652571        0.775758771266        8.493858816993       12.212404147428
      100000 184300000  -288624.416312267538     5492.570303862914        0.959468567621        0.836055382917        6.116706119703        6.527765768591
      100000 184400000  -288760.578943436733     5498.148232005537        0.941065097192        0.847538840761       12.932391827996        5.645321426475
      100000 184500000  -288578.785138379550     5494.814085626043        0.965547571221        0.840674727704        4.419502647274        6.165092227413
      100000 184600000  -288686.277267986443     5500.493336843327        0.950995646941        0.852366782581        8.941348686820        5.293445039228
      100000 184700000  -288604.710187779274     5478.156560787000        0.962460905806        0.806381352210        5.246881903388        9.104678285221
      100000 184800000  -288516.426596584031     5489.321523696184        0.974043243385        0.829367015994        2.508618155496        7.071250305915
      100000 184900000  -288662.099296605214     5481.788549572229        0.954661642899        0.813858642888        7.653591326462        8.415036245780
      100000 185000000  -288642.805790376617     5502.372323734686        0.956796568966        0.856235112578        6.949766082224        5.019678429646
      100000 185100000  -288651.654183009639     5498.075832606293        0.955693837689        0.847389789818        7.309067614900        5.656364918411
      100000 185200000  -288599.406244851183     5500.020385548472        0.962670765717        0.851393102727        5.188381167033        5.363498612144
      100000 185300000  -288743.060819303617     5517.456429271027        0.943073790100        0.887289239776       12.065859135417        3.085325561346
      100000 185400000  -288595.437129301252     5480.090702624992        0.963656391915        0.810363231448        4.918014357887        8.734043117528
      100000 185500000  -288507.739877104992     5494.606538411230        0.975092523735        0.840247443661        2.309899907380        6.198204084734
      100000 185600000  -288449.960164239397     5498.295892066322        0.982774364033        0.847842833219        1.104801463915        5.622831446207
      100000 185700000  -288621.677140711108     5495.716658415273        0.959768503793        0.842532882975        6.026512749464        6.022128132195
      100000 185800000  -288666.175143981818     5501.473573745228        0.953675814601        0.854384827427        7.990046252237        5.149718592581
      100000 185900000  -288654.632527718088     5495.654020794667        0.955344325154        0.842403928916        7.424838728440        6.031995536416
      100000 186000000  -288648.054761169478     5496.316296000965        0.956213683167        0.843767375919        7.138558808459        5.928075054500
      100000 186100000  -288705.943263612920     5511.309196239337        0.948156487986        0.874633735873       10.007429501631        3.817083035435
      100000 186200000  -288605.663769383449     5514.898312455043        0.961564149762        0.882022763431        5.500557338894        3.380388983267
      100000 186300000  -288637.465624080738     5491.724507651292        0.957734925041        0.834314115391        6.651153919040        6.667165883374
      100000 186400000  -288645.574992948445     5486.448453483172        0.956767174296        0.823452135087        6.959226237410        7.569987783694
      100000 186500000  -288716.166444170754     5517.509268054739        0.946684574994        0.887398020658       10.583747306795        3.079372935789
      100000 186600000  -288694.713884138502     5519.017973837443        0.949542891728        0.890504041175        9.479347093500        2.911832713970
      100000 186700000  -288624.376175082987     5501.261794233695        0.959293050147        0.853948830219        6.169796438836        5.180603070338
      100000 186800000  -288683.922887692461     5472.504169316031        0.951974995140        0.794744594347        8.587535514587       10.231974434058
      100000 186900000  -288679.277477528201     5480.968704223633        0.952375410360        0.812170801228        8.444932921720        8.568335256157
      100000 187000000  -288705.172794304322     5504.362021852285        0.948383580755        0.860331367293        9.919949415490        4.737704858913
      100000 187100000  -288597.913153758738     5503.225234037265        0.962808733076        0.857991026110        5.150099941793        4.897808694385
      100000 187200000  -288774.995675685350     5489.169964134693        0.939324067853        0.829054995511       13.707764201261        7.097135010991
      100000 187300000  -288544.015893540578     5490.607000510208        0.970309112776        0.832013467943        3.282313522345        6.853606537577
      100000 187400000  -288510.154296315275     5497.471844700165        0.974707962904        0.846146340731        2.381778284927        5.748915153818
      100000 187500000  -288587.957576425513     5491.294241103344        0.964392846615        0.833428311981        4.720719782926        6.738645542776
      100000 187600000  -288548.200591971865     5493.569041107781        0.969681552695        0.838111515007        3.422532834466        6.365054941264
      100000 187700000  -288687.221462794580     5497.810819296166        0.950923029663        0.846844198499        8.967867860974        5.696880949851
      100000 187800000  -288768.369854907738     5492.412299420685        0.940140856945        0.835730094153       13.341194062893        6.553695444904
      100000 187900000  -288635.150929230032     5472.896955438890        0.958513664988        0.795553235614        6.408314999897       10.151511770609
      100000 188000000  -288410.466876124498     5509.315754500218        0.987869446924        0.870529774045        0.547891945414        4.071083883424
      100000 188100000  -288720.459905683529     5521.404319657944        0.946051215691        0.895416887116       10.836699646812        2.656399364956
      100000 188200000  -288571.493115765275     5471.572362151928        0.967098736309        0.792826253340        4.030499475477       10.424126653463
      100000 188300000  -288710.834105585935     5475.279237173498        0.948285723651        0.800457714692        9.957598586657        9.670303903575
      100000 188400000  -288608.458958824165     5497.249100633897        0.961511463022        0.845687770447        5.515647680882        5.783236215399
      100000 188500000  -288545.872595285065     5510.738349394873        0.969661668062        0.873458515342        3.427023706128        3.888983407179
      100000 188600000  -288762.114330409328     5496.947237586603        0.940883701715        0.845066315403       13.012123445515        5.829911172403
      100000 188700000  -288675.732996002305     5483.158621667884        0.952796816990        0.816679253831        8.296143990299        8.161941386726
      100000 188800000  -288630.652721237624     5494.757590549998        0.958583601068        0.840558419497        6.386727425267        6.174096606207
      100000 188900000  -288564.205066418974     5450.151259222068        0.968736815235        0.748725948320        3.639151582777       15.334355391564
      100000 189000000  -288621.095727403183     5483.482876029797        0.960125963227        0.817346806585        5.919896601180        8.102607063598
      100000 189100000  -288621.169830148341     5488.154798937030        0.960004435991        0.826965042673        5.956036659254        7.271733253955
      100000 189200000  -288558.189138807822     5460.388990790583        0.969213716624        0.769802691491        3.528972193154       12.869768119793
      100000 189300000  -288619.651746446965     5507.146343402565        0.959816856599        0.866063538510        6.012035351654        4.356802578894
      100000 189400000  -288575.278661123943     5478.773811540566        0.966397202124        0.807652105943        4.204211834995        8.985559215817
      100000 189500000  -288579.688535286346     5486.315235564485        0.965618077142        0.823177875126        4.401432382114        7.593525390977
      100000 189600000  -288676.204892287031     5491.565227691084        0.952536264543        0.833986200677        8.387982982216        6.693582439603
      100000 189700000  -288652.033122429857     5496.272528693080        0.955680356621        0.843677270772        7.313516162000        5.934914907690
      100000 189800000  -288588.776331686880     5509.251286714338        0.963925798500        0.870397052167        4.845372439905        4.079434820371
      100000 189900000  -288533.906732740812     5485.076269775629        0.971795642405        0.820627176902        2.961870974874        7.814182068328
      100000 190000000  -288483.929126367439     5490.974679781124        0.978369751995        0.832770420937        1.742034328892        6.791980529909
      100000 190100000  -288615.068462660769     5467.492255819030        0.961362915781        0.784426408832        5.558305335715       11.286553698606
      100000 190200000  -288659.391161717940     5495.606173549779        0.954706311972        0.842305424273        7.638517537388        6.039538430811
      100000 190300000  -288679.097965600202     5487.399060625583        0.952243038523        0.825409180206        8.491943293712        7.403090312864
      100000 190400000  -288674.206755753141     5510.498568256386        0.952432049075        0.872964870296        8.424858177560        3.919384851822
      100000 190500000  -288698.522137285443     5492.656463689171        0.949515169655        0.836232762888        9.489766213937        6.513647970381
      100000 190600000  -288636.391488427762     5481.413813012652        0.958123272302        0.813087160830        6.529488888552        8.484934768805
      100000 190700000  -288692.232791246148     5480.809086302295        0.950639700437        0.811842190743        9.071712635275        8.598342388492
      100000 190800000  -288733.412718503503     5490.343843119219        0.944881391406        0.831471697463       11.311760534445        6.897884720528
      100000 190900000  -288627.558750404976     5514.422040365636        0.958631499613        0.881042246952        6.371963319170        3.436811744547
      100000 191000000  -288581.154473316390     5513.051402377896        0.964885179114        0.878220470990        4.591077523427        3.601793576474
      100000 191100000  -288708.828634289093     5484.792613768019        0.948312623155        0.820043205269        9.947242266692        7.865145070732
      100000 191200000  -288652.328837066423     5489.578584930860        0.955787360520        0.829896236123        7.278243764767        7.027455201360
      100000 191300000  -288716.465041122399     5514.872835105285        0.946685303574        0.881970312402       10.583458045332        3.383395398744
      100000 191400000  -288769.135265458142     5486.906157468446        0.940163724904        0.824394424820       13.331002550316        7.489396767215
      100000 191500000  -288648.237769189756     5513.656317928806        0.955866874506        0.879465829849        7.252088268246        3.528503914063
      100000 191600000  -288753.217588988366     5466.870097872801        0.942829249174        0.783145552506       12.169745689043       11.421072968818
      100000 191700000  -288680.351273113862     5505.243209742941        0.951700386156        0.862145496794        8.686024066330        4.615429845541
      100000 191800000  -288722.834413033212     5493.185609889217        0.946238731389        0.837322132978       10.761497960121        6.427279377193
      100000 191900000  -288431.192519243807     5508.212490117177        0.985105597506        0.868258448616        0.825999686536        4.215176708608
      100000 192000000  -288531.666539326776     5498.633665812202        0.971795315486        0.848538218758        2.961939637731        5.571554191510
      100000 192100000  -288636.274449828081     5503.450549489819        0.957652992412        0.858454890189        6.676965998011        4.865864136039
      100000 192200000  -288694.489296073560     5486.077356355265        0.950207401245        0.822688145642        9.231309203344        7.635645946446
      100000 192300000  -288700.538760678377     5462.880321157165        0.950021755058        0.774931672451        9.300273353838       12.302659567806
      100000 192400000  -288683.228798122145     5540.725154087879        0.950831150926        0.935193302662        9.001477419358        1.020023126245
      100000 192500000  -288612.549555851845     5484.927347180434        0.961238467415        0.820320585225        5.594169119699        7.840917563865
      100000 192600000  -288600.012126185931     5490.248398060910        0.962797613807        0.831275201690        5.153179907107        6.913979291465
      100000 192700000  -288656.773912793258     5465.769240504131        0.955812675814        0.780879182474        7.269911390512       11.661046260346
      100000 192800000  -288515.510690073483     5467.184696323238        0.974741218433        0.783793226329        2.375518984941       11.352952774257
      100000 192900000  -288708.135966927046     5474.288155005313        0.948674743426        0.798417342352        9.808350328726        9.869077792665
      100000 193000000  -288612.957003666786     5495.887146929279        0.960935909981        0.842883873094        5.681841771682        5.995311717300
      100000 193100000  -288711.412214706652     5506.184425510466        0.947511981710        0.864083207591       10.257796129177        4.486590915477
      100000 193200000  -288707.061028952710     5495.003842804581        0.948317639667        0.841065386835        9.945311503787        6.134896178459
      100000 193300000  -288727.855393771082     5481.368856255896        0.945841921889        0.812994606927       10.920944492737        8.493339844312
      100000 193400000  -288660.163056870457     5499.130988104269        0.954529730321        0.849562071958        7.698192575905        5.496483463812
      100000 193500000  -288728.540628652787     5483.974108340219        0.945685417018        0.818358122146       10.984153921382        8.013130308830
      100000 193600000  -288505.248731574044     5478.610064958222        0.975805594816        0.807314995652        2.179533808853        9.017083126419
      100000 193700000  -288576.991646259092     5472.509717712179        0.966334394587        0.794756017006        4.219942844514       10.230835627444
      100000 193800000  -288674.753640220268     5484.514533659443        0.952895207113        0.819470712917        8.261595137071        7.915267075118
      100000 193900000  -288730.891603741562     5474.057438503951        0.945625193762        0.797942358962       11.008525580407        9.915641031426
      100000 194000000  -288539.447777433088     5488.515075770207        0.970970350326        0.827706756033        3.137742505045        7.209526378571
      100000 194100000  -288661.989254107000     5480.427893535234        0.954710687810        0.811057417085        7.637041689416        8.670216359468
      100000 194200000  -288503.825328376144     5499.422677664086        0.975518086148        0.850162582520        2.231641566371        5.452689872133
      100000 194300000  -288685.868115655147     5499.099228195846        0.951078498393        0.849496686826        8.911140044772        5.501262396943
      100000 194400000  -288724.139765774366     5511.518716705963        0.945709399998        0.875065082313       10.974455804639        3.790861425229
      100000 194500000  -288741.699650238035     5512.609134074301        0.943333193369        0.877309959185       11.956145453776        3.655854147437
      100000 194600000  -288747.477152558276     5485.117335798219        0.943114769187        0.820711720827       12.048493850672        7.806817675864
      100000 194700000  -288677.474385596812     5488.047244054265        0.952445926532        0.826743616019        8.419943164499        7.290355916264
      100000 194800000  -288694.944429029478     5501.615992431529        0.949809670870        0.854678029300        9.379372809069        5.129001149710
      100000 194900000  -288654.182192414533     5475.028674753383        0.955900102550        0.799941873879        7.241172114477        9.720366326659
      100000 195000000  -288513.927176913479     5529.592374671251        0.973680297190        0.912273896056        2.579263268760        1.869080141479
      100000 195100000  -288702.038738735020     5459.960816967301        0.949909743480        0.768921196440        9.342007739253       12.968521298039
      100000 195200000  -288645.160884576617     5477.118438004516        0.957056014842        0.804244135863        6.866547035030        9.306787561096
      100000 195300000  -288623.503726281226     5501.668522411026        0.959402255063        0.854786174437        6.136737301066        5.121370230000
      100000 195400000  -288668.818287076196     5507.071818106808        0.953215735246        0.865910110916        8.149544366989        4.366789950417
      100000 195500000  -288651.312649245607     5500.638139178976        0.955688097941        0.852664891749        7.310961478925        5.272088987978
      100000 195600000  -288593.725091960281     5508.857483137399        0.963268116005        0.869586316234        5.023658618175        4.130632560165
      100000 195700000  -288685.230221646605     5514.497243089601        0.950885728808        0.881197069189        8.981505062341        3.427871619008
      100000 195800000  -288755.532910426846     5478.550647147931        0.942197041570        0.807192670319       12.440385679214        9.028535681605
      100000 195900000  -288659.993142219260     5482.979642351158        0.954914896525        0.816310783426        7.568326383112        8.194784982908
      100000 196000000  -288639.766576489666     5498.160040890798        0.957288472482        0.847563152089        6.792410402912        5.643521173684
      100000 196100000  -288645.954864975763     5498.135709310882        0.956457959503        0.847513059892        7.059131399040        5.647230812442
      100000 196200000  -288631.259808694478     5476.742376237176        0.958932663911        0.803469925557        6.279524743078        9.380549432778
      100000 196300000  -288572.992391785607     5468.579759749584        0.966981896768        0.786665287718        4.059176664687       11.053333965681
      100000 196400000  -288717.525971828727     5489.159600134008        0.947041781156        0.829033658813       10.442403030924        7.098906795701
      100000 196500000  -288668.581496988889     5503.341891452670        0.953316619759        0.858231192436        8.114435281871        4.881256303118
      100000 196600000  -288723.669993543066     5493.773322352208        0.946113731980        0.838532075294       10.811598887509        6.332027116380
      100000 196700000  -288730.977746954421     5457.838797387667        0.946090061046        0.764552527328       10.821099521486       13.463510244328
      100000 196800000  -288633.699916684767     5497.574537349865        0.958115183259        0.846357757351        6.532011646240        5.733126369348
      100000 196900000  -288640.420702954289     5478.386649097316        0.957659447103        0.806855042323        6.674930696332        9.060183392984
      100000 197000000  -288749.305791296298     5491.609436328523        0.942718726345        0.834077214403       12.216844417856        6.686245207535
      100000 197100000  -288672.142306892434     5513.332450399175        0.952662045395        0.878799073479        8.343584888603        3.567648988355
      100000 197200000  -288676.336608977756     5490.973048922606        0.952531826889        0.832767063437        8.389551535966        6.792253260431
      100000 197300000  -288652.933512048796     5510.739992736839        0.955284673957        0.873461898543        7.444688224716        3.888775459027
      100000 197400000  -288535.460644390434     5494.110306343064        0.971380644769        0.839225834940        3.049673891006        6.277731903665
      100000 197500000  -288672.630361170508     5458.754967627116        0.953896547151        0.766438676101        7.914083280078       13.248664293599
      100000 197600000  -288688.605091780191     5503.516789393499        0.950624371467        0.858591260382        9.077347998462        4.856492718173
      100000 197700000  -288705.232461878099     5503.343552395701        0.948394813708        0.858234611872        9.915632254243        4.881020836045
      100000 197800000  -288675.226090730401     5525.044421662576        0.952076270659        0.902910880737        8.551354775157        2.289345616696
      100000 197900000  -288621.402686181944     5502.434511820786        0.959669542923        0.856363141166        6.056197076270        5.010741947375
      100000 198000000  -288648.865347253857     5501.267034173943        0.956004352339        0.853959617851        7.206977095986        5.179837799199
      100000 198100000  -288621.594116480323     5435.055557912216        0.961571045362        0.717647948535        5.498583856417       19.362085523670
      100000 198200000  -288644.942178088007     5507.116118793376        0.956421205998        0.866001314147        7.071053546700        4.360851696452
      100000 198300000  -288576.033418211387     5488.295167946257        0.966062442784        0.827254024811        4.288395873177        7.247464790502
      100000 198400000  -288560.757341780933     5484.204788215458        0.968211032249        0.818833030132        3.762587104399        7.971283958966
      100000 198500000  -288675.781624943949     5466.422645005397        0.953241005964        0.782224367075        8.140742723281       11.518311206690
      100000 198600000  -288605.603891188744     5480.673764647916        0.962276319464        0.811563599755        5.298608451666        8.623823064222
      100000 198700000  -288514.733687252970     5503.375684364699        0.973975847834        0.858300762978        2.521662096004        4.876466697771
      100000 198800000  -288637.642496300628     5495.156709047034        0.957636436602        0.841380097424        6.682187816521        6.110624495662
      100000 198900000  -288699.440403026761     5499.150161690079        0.949254877851        0.849601545228        9.587873946393        5.493599407712
      100000 199000000  -288564.673461455386     5492.199139364064        0.967499489219        0.835291254774        3.932910686785        6.588757998849
      100000 199100000  -288553.578849933110     5500.332694948651        0.968818603005        0.852036064009        3.620135684704        5.317187682620
      100000 199200000  -288521.042377855163     5491.712516956031        0.973369403885        0.834289429765        2.640556638192        6.669152720324
      100000 199300000  -288651.049154535634     5493.793654506095        0.955865377908        0.838573933745        7.252580127414        6.328744551224
      100000 199400000  -288641.491235417081     5508.330052984878        0.956862984926        0.868500479026        6.928414972698        4.199703020927
      100000 199500000  -288703.956339311320     5491.551874398254        0.948809883774        0.833958709829        9.756767193074        6.695799454025
      100000 199600000  -288660.125439536059     5492.723630065098        0.954669898073        0.836371040440        7.650804459751        6.502652962369
      100000 199700000  -288680.929267741041     5517.089119137265        0.951422872499        0.886533046736        8.786124876683        3.126864244444
      100000 199800000  -288635.133562540170     5510.143223674037        0.957685178389        0.872233311117        6.666820157139        3.964656074726
      100000 199900000  -288650.808748952812     5520.904768481851        0.955411560877        0.894388445242        7.402497174421        2.708900861670
      100000 200000000  -288578.632836900419     5525.196330203675        0.965045580897        0.903223619675        4.549229947082        2.274620704090
      100000 200100000  -288706.441146277357     5486.513699272648        0.948592051201        0.823586458666        9.839981059875        7.558473160892
      100000 200200000  -288559.631109576905     5507.411348968744        0.967872134258        0.866609113886        3.843239627353        4.321380961340
      100000 200300000  -288704.403775058687     5481.252048536204        0.948994121468        0.812754131164        9.686662663937        8.515197562560
      100000 200400000  -288643.238266725559     5480.869860579260        0.957217528230        0.811967308677        6.814993658808        8.586911035656
      100000 200500000  -288615.342034731060     5501.863965446129        0.960494464051        0.855188539222        5.810983297713        5.093028518890
      100000 200600000  -288524.710207726574     5538.960410174914        0.972134039272        0.931560168313        2.891224081894        1.137596126755
      100000 200700000  -288711.658465758665     5526.912528479472        0.947159976418        0.906756811579       10.395843110269        2.111565075966
      100000 200800000  -288681.322950315895     5483.552428153343        0.952036481600        0.817489995751        8.565560330747        8.089908125678
      100000 200900000  -288620.751066843979     5520.794452210888        0.959449504635        0.894161333631        6.122461164260        2.720564061615
      100000 201000000  -288717.056394910673     5491.526187404990        0.947051280046        0.833905827200       10.438657348358        6.700065234725
      100000 201100000  -288745.429123828420     5494.938944289461        0.943166661478        0.840931778201       12.026521934026        6.145215134356
      100000 201200000  -288721.275221660733     5490.652153287083        0.946504343843        0.832106425399       10.655424316638        6.846023577821
      100000 201300000  -288607.546626050957     5520.428934540600        0.961227912364        0.893408830793        5.597216201521        2.759387490915
      100000 201400000  -288586.699769953266     5467.630903614685        0.965168471741        0.784711847453        4.517298307760       11.256684683107
      100000 201500000  -288670.443583811400     5475.846990348771        0.953694505641        0.801626566188        7.983599850622        9.557344947065
      100000 201600000  -288685.260886666831     5509.436538724229        0.950965888410        0.870778436364        8.952211484964        4.055460939892
      100000 201700000  -288623.690320361173     5504.791908314452        0.959317638911        0.861216388208        6.162345040478        4.677853433778
      100000 201800000  -288704.662801392842     5469.453622519970        0.949275248893        0.788464336760        9.580177609209       10.867694763977
      100000 201900000  -288678.579603563063     5478.061833423562        0.952543614753        0.806186333978        8.385385265763        9.123028506020
      100000 202000000  -288711.698828218272     5468.193106692284        0.948366423565        0.785869272787        9.926545252243       11.135974375217
      100000 202100000  -288686.287947681732     5495.909776085056        0.951087987487        0.842930460456        8.907683468555        5.991756839106
      100000 202200000  -288718.682581189089     5520.185681940988        0.946307208650        0.892908038939       10.734100965470        2.785376979380
      100000 202300000  -288620.727153311949     5506.048051528633        0.959692363307        0.863802450143        6.049345398711        4.505145573661
      100000 202400000  -288704.266741059022     5476.587624264881        0.949132817038        0.803151332756        9.634054195666        9.410987500846
      100000 202500000  -288452.851162872976     5521.969831369817        0.981979885062        0.896581124040        1.209062703800        2.597585584563
      100000 202600000  -288726.320988463471     5503.242531908676        0.945564808174        0.858026637787       11.032990050628        4.895352549419
      100000 202700000  -288660.282591492636     5472.752477858216        0.955142760890        0.795255795030        7.492017636854       10.181071231252
      100000 202800000  -288640.668380902847     5494.393676106818        0.957246431084        0.839809217273        6.805788663148        6.232256022951
      100000 202900000  -288703.253155932063     5492.899691829458        0.948874511080        0.836733504387        9.732146989400        6.473876067070
      100000 203000000  -288604.833241455490     5493.313105986454        0.962082056433        0.837584613243        5.353320719696        6.406555316645
      100000 203100000  -288633.527222441742     5509.340037463233        0.957914759974        0.870579766153        6.594673946608        4.067940569694
      100000 203200000  -288531.556204127148     5474.072065231390        0.972393092806        0.797972471470        2.837717913466        9.912685809607
      100000 203300000  -288627.098384404089     5490.676599428989        0.959150585308        0.832156753448        6.213057708556        6.841919842835
      100000 203400000  -288559.912126388168     5513.220402750187        0.967735005605        0.878568397425        3.876117191639        3.581242190582
      100000 203500000  -288575.668338899733     5511.864493874833        0.965641504420        0.875776944754        4.395436297993        3.747784855988
      100000 203600000  -288725.566359104356     5492.526740374044        0.945886318019        0.835965697379       10.903046924802        6.534909721600
      100000 203700000  -288711.841483666329     5519.249944838695        0.947239462021        0.890981607244       10.364590347726        2.886488217508
      100000 203800000  -288598.906575202942     5502.737039818428        0.962684671616        0.856985965164        5.184516331975        4.967381986933
      100000 203900000  -288625.407288050512     5478.913641341031        0.959661934122        0.807939977994        6.058482433322        8.958683374717
      100000 204000000  -288601.039048930863     5490.056706747040        0.962664059053        0.830880560693        5.190245649695        6.946360194362
      100000 204100000  -288644.378001042642     5477.739842221141        0.957144864632        0.805523440462        6.838163077347        9.185541524328
      100000 204200000  -288560.071009409614     5508.370112997480        0.967796014071        0.868582951846        3.861472689214        4.194436800390
      100000 204300000  -288653.188491245732     5514.976428136230        0.955180926588        0.882183582665        7.479274255847        3.371179392320
      100000 204400000  -288710.969119167887     5479.599699807353        0.948154401810        0.809352388351       10.008234913108        8.827403468620
      100000 204500000  -288564.437580997823     5509.925796994008        0.967182517441        0.871785687905        4.009998751199        3.992484624322
      100000 204600000  -288576.629403451225     5483.735637278296        0.966091053473        0.817867174196        4.281168349713        8.056505178771
      100000 204700000  -288671.911915773526     5477.314492845908        0.953458531414        0.804647760192        8.065176523075        9.268448242453
      100000 204800000  -288586.350175336236     5510.246191434562        0.964234422920        0.872445294116        4.762820176878        3.951511138609
      100000 204900000  -288729.127681947779     5491.698118523695        0.945426423723        0.834259787255       11.089157206878        6.671538906160
      100000 205000000  -288539.490205612965     5486.392169136554        0.971014393121        0.823336260714        3.128228775517        7.579927925874
      100000 205100000  -288678.481462162919     5469.738716497086        0.952782993861        0.789051268787        8.301003639821       10.807470885835
      100000 205200000  -288669.831650975160     5526.012139574625        0.952788190126        0.904903152341        8.299176677488        2.196354715378
      100000 205300000  -288555.538354555611     5484.861302424222        0.968895965707        0.820184616787        3.602194471114        7.852788937011
      100000 205400000  -288565.516077490756     5478.779474960640        0.967708050919        0.807663765405        3.882596235951        8.984469901909
      100000 205500000  -288616.898571603466     5475.350690225139        0.960898198176        0.800604817359        5.692817372859        9.656051253826
      100000 205600000  -288800.559179984033     5510.757098738104        0.935460069286        0.873497115211       15.509246580177        3.886611199312
      100000 205700000  -288687.389582714997     5465.625772043131        0.951705591809        0.780583819396        8.684151836186       11.692504374452
      100000 205800000  -288563.797347452026     5469.894449942745        0.968179253658        0.789371882178        3.770113582348       10.774644078180
      100000 205900000  -288739.481894783210     5502.018902036361        0.943820995914        0.855507512101       11.751188237689        5.070616635216
      100000 206000000  -288698.072748325299     5511.364986540750        0.949212462714        0.874748593139        9.603908628120        3.810092017733
      100000 206100000  -288687.447998161428     5494.755817949772        0.950956730901        0.840554770188        8.955555590128        6.174379235623
      100000 206200000  -288626.685241365572     5509.648180422373        0.958828211738        0.871214149850        6.311508514206        4.028158376298
      100000 206300000  -288674.549422671553     5484.433397507295        0.952924598904        0.819303675343        8.251288443871        7.929921303215
      100000 206400000  -288664.736062014475     5485.740868956782        0.954210922831        0.821995408346        7.806520291090        7.695425699724
      100000 206500000  -288732.425826391904     5491.273294564337        0.944993003634        0.833385188676       11.265995499914        6.742135094778
      100000 206600000  -288698.100141194183     5496.317980428226        0.949493167957        0.843770843703        9.498039450123        5.927811894930
      100000 206700000  -288521.525307920296     5516.191291189753        0.972842658302        0.884684659822        2.746048633897        3.229567812918
      100000 206800000  -288664.707268729107     5475.311875803396        0.954479116863        0.800524908876        7.715340000103        9.663792213339
      100000 206900000  -288668.245131577132     5495.279083664529        0.953524273956        0.841632033936        8.042407550234        6.091228861074
      100000 207000000  -288729.913468722953     5472.514325798489        0.945798745040        0.794765503820       10.938364606168       10.229889867314
      100000 207100000  -288709.160544167738     5492.018576508388        0.948100646889        0.834919524288       10.028999290189        6.618531840601
      100000 207200000  -288590.660188254435     5514.530400057323        0.963584793939        0.881265330491        4.937410710514        3.423933605734
      100000 207300000  -288663.368691685842     5484.940774257295        0.954413757689        0.820348227974        7.737511374159        7.838505180133
      100000 207400000  -288782.499588278588     5489.995483114384        0.938297528298        0.830754517656       14.175514619252        6.956718159195
      100000 207500000  -288707.140679505887     5505.252228903584        0.948102730957        0.862164064826       10.028193858576        4.614186597366
      100000 207600000  -288592.219419305446     5474.051069709472        0.964247337750        0.797929247322        4.759381121178        9.916927936767
      100000 207700000  -288707.293389023282     5494.728470384143        0.948292324309        0.840498468886        9.955056831704        6.178740444362
      100000 207800000  -288632.431375704007     5498.315538221970        0.958270320105        0.847883279383        6.483713523636        5.619842540131
      100000 207900000  -288735.062725914642     5483.669586564414        0.944817020259        0.817731193493       11.338197203239        8.068539672748
      100000 208000000  -288570.552925655618     5478.294595308602        0.967044220236        0.806665528264        4.043867293019        9.077971840852
      100000 208100000  -288528.481306120753     5478.124398513697        0.972698344737        0.806315138716        2.775311071691        9.110906565876
      100000 208200000  -288627.283942784648     5482.983692663722        0.959307240361        0.816319121933        6.165495675865        8.194041001053
      100000 208300000  -288568.910457721679     5491.506888136268        0.966945890365        0.833866095183        4.068034595849        6.703271114199
      100000 208400000  -288574.658648907207     5498.002207694575        0.966034901840        0.847238215874        4.295358919563        5.667606411472
      100000 208500000  -288679.432355861180     5494.639931428246        0.952035616377        0.840316190926        8.565869365277        6.192870612741
      100000 208600000  -288572.273355072364     5513.131032513455        0.966076502860        0.878384408079        4.284843308581        3.592102783237
      100000 208700000  -288796.823841781588     5505.121497619897        0.936061805924        0.861894924180       15.221394511023        4.632223658660
      100000 208800000  -288711.348658782430     5524.658431018703        0.947230506526        0.902116229537       10.368109186541        2.326974472318
      100000 208900000  -288654.438774744980     5491.925710911863        0.955451168283        0.834728338934        7.389351906733        6.633871014724
      100000 209000000  -288631.342706836062     5486.286392417736        0.958682241325        0.823118494823        6.356341479563        7.598626353831
      100000 209100000  -288673.046913845697     5465.206996674649        0.953643999495        0.779721673243        8.001025029694       11.784570989122
      100000 209200000  -288585.395075903041     5492.376769385301        0.964712906382        0.835656947341        4.636235525643        6.559533259926
      100000 209300000  -288669.330358162522     5483.940424299799        0.953637450901        0.818288775742        8.003285758129        8.019249909119
      100000 209400000  -288564.965747143608     5488.613872926682        0.967541315903        0.827910152877        3.922794245251        7.192514343502
      100000 209500000  -288765.593456824310     5466.544322582893        0.941176823663        0.782474868569       12.883404866188       11.491828035446
      100000 209600000  -288501.224252576474     5473.636610247195        0.976478141382        0.797075986462        2.060046301522       10.000854893282
      100000 209700000  -288664.712967277737     5479.855964422226        0.954359483167        0.809879968454        7.755946748596        8.778614831900
      100000 209800000  -288582.881862940732     5499.785875667818        0.964894474752        0.850910309787        4.588647133807        5.398405007745
      100000 209900000  -288616.559722459409     5501.315759274177        0.960341645724        0.854059929762        5.856027228122        5.172724410794
      100000 210000000  -288577.241873321123     5476.585242627189        0.966190759590        0.803146429603        4.256028606649        9.411456328890
      100000 210100000  -288659.304460205138     5485.031849585474        0.954957338011        0.820535727646        7.554083992295        7.822151874335
      100000 210200000  -288689.571755274432     5507.423710345291        0.950422480090        0.866634562645        9.151732267028        4.319732223660
      100000 210300000  -288627.208777874010     5482.778436735272        0.959322402769        0.815896555034        6.160901917778        8.231785957400
      100000 210400000  -288639.687978725648     5484.417496340349        0.957606448533        0.819270939106        6.691651460107        7.932794845912
      100000 210500000  -288549.523427585606     5475.735373902135        0.969935572544        0.801396777864        3.365422441185        9.579499508932
      100000 210600000  -288497.037069211714     5512.440849047154        0.976191149550        0.876963505454        2.110622508852        3.676530195774
      100000 210700000  -288613.038045242894     5494.415172148496        0.960956383451        0.839853471857        5.675887631464        6.228813030858
      100000 210800000  -288585.703429701971     5480.015900362283        0.964965413900        0.810209233654        4.570120943163        8.748234136601
      100000 210900000  -288664.418111138279     5471.652667511255        0.954617817478        0.792991580534        7.668394861405       10.407496129624
      100000 211000000  -288508.423241943121     5508.303018012084        0.974732859589        0.868444821269        2.377091497771        4.203258859252
      100000 211100000  -288694.613082207739     5504.926412120461        0.949791078844        0.861493295465        9.386322906792        4.659205132320
      100000 211200000  -288706.860722848447     5483.832916592248        0.948600208834        0.818067446210        9.836858406800        8.038797163591
      100000 211300000  -288536.718192773405     5496.266829627566        0.971165854996        0.843665537925        3.095621593909        5.935805834598
      100000 211400000  -288721.127931777621     5490.667250856757        0.946523782706        0.832137507245       10.647681942068        6.843489027511
      100000 211500000  -288493.569307170575     5504.402450262569        0.976798572083        0.860414598546        2.004301905384        4.732059960580
      100000 211600000  -288571.088271882152     5497.843606551178        0.966517616648        0.846911698662        4.174134511839        5.691860498104
      100000 211700000  -288759.548311260995     5498.391612209380        0.941198523739        0.848039895318       12.873901153030        5.608276371841
      100000 211800000  -288611.726530846907     5486.968495968729        0.961300315130        0.824522763070        5.576331303281        7.478453779224
      100000 211900000  -288762.057352771284     5471.793072345667        0.941502166204        0.793280636427       12.741286449935       10.378451439189
      100000 212000000  -288553.075638343580     5505.355348320678        0.968789866493        0.862376360046        3.626811332370        4.599983981956
      100000 212100000  -288598.596596427262     5492.260660419241        0.962942668621        0.835417910124        5.113073002002        6.578628839031
      100000 212200000  -288681.465114856139     5473.180943535641        0.952286453041        0.796137890930        8.476510735588       10.093534340680
      100000 212300000  -288688.845310498495     5517.692695051432        0.950350698723        0.887775647643        9.178252327866        3.058753326389
      100000 212400000  -288690.295177782886     5494.484723731875        0.950580204350        0.839996659911        9.093594864235        6.217679565731
      100000 212500000  -288706.060467383126     5499.833888480440        0.948352140136        0.851009155289        9.932037984943        5.391249165310
      100000 212600000  -288774.783879796043     5469.195001579821        0.939866205102        0.787931905616       13.463901791161       10.922471165000
      100000 212700000  -288720.457654284546     5485.341736607254        0.946737760185        0.821173701900       10.562642050189        7.766637075430
      100000 212800000  -288638.638828250580     5477.494489275850        0.957921980961        0.805018324560        6.592411111835        9.233318886838
      100000 212900000  -288606.894655407174     5506.423709612340        0.961543046732        0.864575829372        5.506599109457        4.454127126156
      100000 213000000  -288694.171266831225     5511.614471593872        0.949732196094        0.875262215942        9.408351525546        3.778907734445
      100000 213100000  -288590.806048217230     5494.799752741121        0.963933617359        0.840645220139        4.843272258731        6.167376029670
      100000 213200000  -288703.918601751560     5495.915957082063        0.948720276821        0.842943185471        9.790955018293        5.990786032078
      100000 213300000  -288622.825106809614     5499.073491074145        0.959544920433        0.849443700996        6.093682614443        5.505136600882
      100000 213400000  -288522.818960547214     5469.861038645729        0.973683092900        0.789303097280        2.578715352952       10.781682585880
      100000 213500000  -288698.834806045750     5489.460549885407        0.949544878264        0.829653233626        9.478600689782        7.047547748266
      100000 213600000  -288765.479436714435     5474.448028442450        0.940969895484        0.798746478875       12.974206784684        9.836876390413
      100000 213700000  -288589.962951514870     5478.743741997518        0.964426059100        0.807590200819        4.711917410372        8.991343959827
      100000 213800000  -288602.420443178155     5477.677416492254        0.962780880160        0.805394922631        5.157816754183        9.197685876718
      100000 213900000  -288707.775288250064     5507.430889978074        0.947977840615        0.866649343583       10.076517462108        4.318774761854
      100000 214000000  -288547.397233962547     5496.349606273696        0.969730054077        0.843835952836        3.411591324568        5.922872045340
      100000 214100000  -288603.431860737968     5493.798988566734        0.962259679996        0.838584915145        5.303283789460        6.327883524085
      100000 214200000  -288701.174454780761     5512.225294670090        0.948781573795        0.876519736812        9.767561864757        3.703099078849
      100000 214300000  -288423.635471447604     5509.109262073413        0.986104662337        0.870104661527        0.718905689624        4.097862395838
      100000 214400000  -288653.057100599632     5517.692782209255        0.955156614441        0.887775827077        7.487390734804        3.058743545166
      100000 214500000  -288802.097774950555     5508.743226246908        0.935288226731        0.869351091945       15.591945665989        4.145546660148
      100000 214600000  -288725.942027941346     5483.581119833514        0.946043984409        0.817549064224       10.839604938680        8.084672454396
      100000 214700000  -288635.513068539789     5498.196421285160        0.957858921819        0.847638049562        6.612185012739        5.637976823441
      100000 214800000  -288680.465615948429     5459.890972643159        0.952808916922        0.768777405712        8.291891314829       12.984665862380
      100000 214900000  -288543.183323718840     5497.131103924476        0.970279626170        0.845444846873        3.288836220324        5.801458882801
      100000 215000000  -288622.030240336899     5466.412820638157        0.960459444055        0.782204141338        5.821290248492       11.520450813836
      100000 215100000  -288741.421365206130     5476.460897594690        0.944146759513        0.802890436535       11.615300802026        9.435950008231
      100000 215200000  -288599.079665529542     5474.751649427228        0.963307148121        0.799371553040        5.012987788038        9.775866490956
      100000 215300000  -288574.727959498530     5521.088348727673        0.965625677525        0.894766387725        4.399486657560        2.689547357873
      100000 215400000  -288703.015006701229     5486.336460138671        0.949056342833        0.823221570831        9.663043827657        7.589772880381
      100000 215500000  -288670.887324569281     5471.362416064367        0.953757161825        0.792394030661        7.962009174338       10.467667342750
      100000 215600000  -288556.025010780897     5485.837618823163        0.968807170404        0.822194590370        3.622790803204        7.678213414684
      100000 215700000  -288753.499530928442     5494.388060928322        0.942094714245        0.839797657127       12.484470556577        6.233155555246
      100000 215800000  -288621.506770788459     5465.904144098051        0.960544652774        0.781156912788        5.796227868327       11.631504807968
      100000 215900000  -288553.536062003812     5506.710252464749        0.968703250804        0.865165744244        3.646969827864        4.415406815964
      100000 216000000  -288604.656703510322     5498.032105559483        0.962005918346        0.847299767558        5.374840916906        5.663040080419
      100000 216100000  -288671.653127500322     5503.404648598284        0.952902943293        0.858360392565        8.258881700067        4.872363351534
      100000 216200000  -288758.205145582091     5492.301079208031        0.941508307727        0.835501121569       12.738611246820        6.571978311955
      100000 216300000  -288683.287416114472     5517.061449543573        0.951106623849        0.886476082465        8.900896784657        3.130004617027
      100000 216400000  -288535.628742217552     5485.150629309937        0.971562607306        0.820780263237        3.011017375156        7.800849680449
      100000 216500000  -288743.826368777314     5494.886877574027        0.943383004363        0.840824586800       11.935135420769        6.153500084747
      100000 216600000  -288507.923089261865     5491.722087215632        0.975130950257        0.834309132363        2.302778114001        6.667566921428
      100000 216700000  -288729.092935399152     5491.175851297565        0.945442751499        0.833184579128       11.082522707365        6.758380360311
      100000 216800000  -288800.575580510311     5457.462502421811        0.936755843969        0.763777836929       14.892736793496       13.552253699066
      100000 216900000  -288587.699502880918     5501.463088387623        0.964214334398        0.854363240888        4.768171964781        5.151245532909
      100000 217000000  -288704.582876523258     5484.717924075201        0.948884581997        0.819889439226        9.728313207283        7.878591730820
      100000 217100000  -288610.541898985393     5527.596690502018        0.960730187430        0.908165317666        5.741843723137        2.048253450774
      100000 217200000  -288677.231586880051     5504.636917360127        0.952130596298        0.860897303407        8.531978382044        4.699388365843
      100000 217300000  -288592.248203641502     5514.348391113803        0.963374449617        0.880890622898        4.994615154166        3.445578477557
      100000 217400000  -288618.710285024485     5507.008549683727        0.959945764290        0.865779858204        5.973523954399        4.375277726692
      100000 217500000  -288657.232469166163     5487.260422207415        0.955182559229        0.825123760891        7.478729365327        7.427315092988
      100000 217600000  -288587.823964221636     5488.573781344108        0.964472664819        0.827827615063        4.699579252655        7.199415352354
      100000 217700000  -288799.259447469143     5464.081716760062        0.936728667969        0.777405023740       14.905538355035       12.033749205419
      100000 217800000  -288560.822479103692     5513.861291139387        0.967602362372        0.879887814708        3.908052579004        3.503840886018
      100000 217900000  -288674.717920267023     5499.236018700525        0.952573070633        0.849778301783        8.374978984538        5.480694233904
      100000 218000000  -288639.859364042990     5491.943963682279        0.957408599018        0.834765916492        6.754256707667        6.630854691985
      100000 218100000  -288612.259914679453     5476.678494219668        0.961485802828        0.803338409619        5.523004664539        9.393108371186
      100000 218200000  -288622.495453522308     5488.838953081518        0.959810588428        0.828373532541        6.013911133415        7.153832482849
      100000 218300000  -288507.552630811464     5488.192738305777        0.975260949017        0.827043149656        2.278766269598        7.265169898568
      100000 218400000  -288708.594711920014     5468.126408955082        0.948785186776        0.785731960037        9.766183893315       11.150260989412
      100000 218500000  -288650.620467782952     5521.076403032988        0.955434414619        0.894741794744        7.394910839979        2.690804593366
      100000 218600000  -288664.904512495035     5509.801690901630        0.953693181434        0.871530186750        7.984056474451        4.008412656208
      100000 218700000  -288566.424828208052     5480.362164450809        0.967545484787        0.810922098531        3.921786648884        8.682639829634
      100000 218800000  -288681.009675261099     5499.088724299334        0.951731139572        0.849475062120        8.674966426118        5.502843381741
      100000 218900000  -288683.302911934210     5465.991188307293        0.952243633007        0.781336113466        8.491731877975       11.612463583684
      100000 219000000  -288559.345750212437     5496.342623030767        0.968125661550        0.843821576212        3.782823433696        5.923962627016
      100000 219100000  -288722.224637615960     5479.576192155480        0.946643525835        0.809303992401       10.600051075380        8.831885715142
      100000 219200000  -288607.254554922692     5496.261831568554        0.961693792831        0.843655248262        5.463513460217        5.936587229179
      100000 219300000  -288736.998254871694     5468.537473663688        0.944959135375        0.786578232009       11.279872902650       11.062356896272
      100000 219400000  -288694.999964607880     5480.108191806823        0.950285880647        0.810399236982        9.202232725377        8.730726840455
      100000 219500000  -288642.772957153618     5502.170969761908        0.956804870981        0.855820578758        6.947095390922        5.048667794890
      100000 219600000  -288722.818868071074     5498.086742866784        0.946137070968        0.847412251118       10.802235569593        5.654700023794
      100000 219700000  -288688.208538207458     5499.217708381824        0.950761815757        0.849740605748        9.026882081923        5.483445186188
      100000 219800000  -288707.993961418280     5464.890827185474        0.948960406556        0.779070765073        9.699472674307       11.854319173821
      100000 219900000  -288748.289156558225     5488.144870747812        0.942934102467        0.826944603194       12.125147088042        7.273451279217
      100000 220000000  -288728.970129189780     5495.041326694191        0.945374716773        0.841142556109       11.110180499501        6.128940137267
      100000 220100000  -288620.036575929960     5472.307287819684        0.960559574204        0.794339268156        5.791844601562       10.272425326069
      100000 220200000  -288700.369549698196     5496.644452439621        0.949181579731        0.844442962003        9.615592105588        5.876917161942
      100000 220300000  -288648.520128122065     5475.898957754485        0.956637172480        0.801733553137        7.001142178514        9.547038774264
      100000 220400000  -288646.027645739494     5499.826987015083        0.956413948837        0.850994947023        7.073408822683        5.392277469492
      100000 220500000  -288708.159940345446     5490.908427452669        0.948259796149        0.832634025164        9.967585785567        6.803064397178
      100000 220600000  -288421.773791006999     5479.564348648302        0.986990687652        0.809279609797        0.630147754859        8.834144369065
      100000 220700000  -288712.938242373755     5529.866782773286        0.946952333123        0.912838828732       10.477707890561        1.845084898849
      100000 220800000  -288782.218286137795     5485.516235729679        0.938439879640        0.821532948787       14.110182526043        7.735463387478
      100000 220900000  -288694.446885654936     5498.391539190896        0.949940847100        0.848039744992        9.330409473714        5.608287467743
      100000 221000000  -288567.845317845698     5469.149512330070        0.967656808049        0.787838255453        3.894928302314       10.932120113548
      100000 221100000  -288652.886386809405     5495.408613896929        0.955584012355        0.841898701940        7.345347700157        6.070732692409
      100000 221200000  -288633.346560391132     5483.758186127059        0.958474084473        0.817913596227        6.420548686061        8.052398816609
      100000 221300000  -288571.484791209223     5493.675335477106        0.966552461479        0.838330346602        4.165451060187        6.347858737134
      100000 221400000  -288489.795044535305     5508.832034887746        0.977225090650        0.869533925114        1.931287925501        4.133952026779
      100000 221500000  -288595.264712820761     5510.420537104830        0.963034327856        0.872804225086        5.087810483754        3.929303816946
      100000 221600000  -288665.900346864248     5483.732597216964        0.954103136571        0.817860915525        7.843316227585        8.057058883246
      100000 221700000  -288785.613830674440     5494.323784132488        0.937783541594        0.839665328446       14.412664685736        6.243457101362
      100000 221800000  -288751.678797415923     5468.364865650423        0.942992669871        0.786222878410       12.100271496610       11.099225872072
      100000 221900000  -288686.191672281828     5478.098874246702        0.951520443553        0.806262591097        8.750865051317        9.115850900608
      100000 222000000  -288621.176722122356     5486.668032760732        0.960038363237        0.823904189920        5.945936228420        7.531271161999
      100000 222100000  -288654.729758140398     5522.437577899545        0.954863603461        0.897544088678        7.585557062385        2.549436975909
      100000 222200000  -288673.445760749048     5505.898485695943        0.952615640428        0.863494534212        8.359951187390        4.525539100467
      100000 222300000  -288556.334032548126     5457.570809653960        0.969551049969        0.764000812468        3.452060147690       13.526681205344
      100000 222400000  -288631.024330289802     5522.796721376479        0.958042027795        0.898283468762        6.554849021731        2.512773375451
      100000 222500000  -288682.007483661408     5489.624334374443        0.951800838043        0.829990421956        8.649931844607        7.019675203286
      100000 222600000  -288633.391361976741     5493.363415425643        0.958245954684        0.837688186884        6.491287247241        6.398386894988
      100000 222700000  -288701.981629853137     5506.162588967010        0.948778792053        0.864038252005        9.768622872612        4.489559359258
      100000 222800000  -288607.926998562878     5526.300529967993        0.961097553275        0.905496870804        5.634917272544        2.169015309424
      100000 222900000  -288661.905558762606     5478.672966814600        0.954766879960        0.807444493702        7.618102317309        9.004966954783
      100000 223000000  -288662.991743004415     5478.279911281541        0.954631203680        0.806635297791        7.663871696690        9.080810991420
      100000 223100000  -288699.563845939003     5483.718347985297        0.949582890657        0.817831580179        9.464323900317        8.059654434259
      100000 223200000  -288647.058199871331     5504.766193891875        0.956180099031        0.861163449109        7.149513567451        4.681422854868
      100000 223300000  -288633.891263546189     5495.288216782734        0.958137382270        0.841650836577        6.525089530400        6.089782553583
      100000 223400000  -288683.325516166864     5507.153081417084        0.951266130194        0.866077410274        8.842916183415        4.355900159805
      100000 223500000  -288617.635598117253     5489.873884994537        0.960439502963        0.830504179744        5.827163315086        6.977313311950
      100000 223600000  -288661.669984871987     5476.324097461067        0.954860013974        0.802608801755        7.586763598150        9.462933886690
      100000 223700000  -288597.895902057178     5485.010176254436        0.963204275528        0.820491108070        5.041136156834        7.826041946446
      100000 223800000  -288592.899015098810     5474.523956253193        0.964143275224        0.798902793871        4.787126971064        9.821601585477
      100000 223900000  -288727.412524862215     5492.382896320894        0.945641572060        0.835669561058       11.001894797966        6.558526379269
      100000 224000000  -288711.051473510684     5470.899419066496        0.948376547419        0.791440844035        9.922653015866       10.564008944567
      100000 224100000  -288594.997951609083     5511.152681793086        0.963057719068        0.874311514611        5.081373571179        3.836729882984
      100000 224200000  -288645.349438725971     5515.444197641686        0.956226244587        0.883146594604        7.134463576253        3.316293698858
      100000 224300000  -288733.461855377303     5485.369983363897        0.944990777486        0.821231854396       11.266907393898        7.761586633816
      100000 224400000  -288712.049026465742     5508.116363457404        0.947391719998        0.868060549608       10.304855759664        4.227850095581
      100000 224500000  -288601.858594865538     5491.414714795537        0.962523417760        0.833676334998        5.229421719444        6.718592976630
      100000 224600000  -288708.373830045108     5442.720105322078        0.949635103963        0.733427195744        9.444731037307       17.258455233107
      100000 224700000  -288713.901674407301     5502.863048190251        0.947239824384        0.857245382602       10.364447978802        4.949377365640
      100000 224800000  -288752.189569695620     5470.727542145178        0.942857024196        0.791086995557       12.157923810210       10.599885859400
      100000 224900000  -288636.402012269013     5482.168470475823        0.958102995826        0.814640798120        6.535813502814        8.344465831751
      100000 225000000  -288713.592007960193     5505.062018727884        0.947239922511        0.861772473096       10.364409425993        4.640441637179
      100000 225100000  -288675.135329565266     5483.801334162243        0.952861311233        0.818002426458        8.273489246770        8.044544062478
      100000 225200000  -288784.740740765817     5485.825724484399        0.938093741018        0.822170103117       14.269305352316        7.680328438090
      100000 225300000  -288589.824573183199     5506.248484370299        0.963838539972        0.864215087600        4.868841367574        4.477888464765
      100000 225400000  -288537.889184844913     5517.956536939368        0.970618285760        0.888318827318        3.214311575668        3.029215498166
      100000 225500000  -288636.439442200121     5496.020526435226        0.957779695218        0.843158465720        6.637070630536        5.974373958431
      100000 225600000  -288613.674956707750     5482.217294831760        0.961153745270        0.814741314373        5.618650503110        8.335418241923
      100000 225700000  -288693.469850157620     5505.783131785691        0.949928767553        0.863257051453        9.334912974645        4.541299236999
      100000 225800000  -288577.598772746744     5505.904728231952        0.965486599280        0.863507385919        4.435159255896        4.524687000295
      100000 225900000  -288568.298354322091     5512.590450463817        0.966619165539        0.877271494643        4.148853400082        3.658146799698
      100000 226000000  -288640.761066202074     5506.999997842126        0.956984769359        0.865762252256        6.889349589007        4.376425631366
      100000 226100000  -288765.831220959546     5489.341730294749        0.940550802609        0.829408615960       13.159085312703        7.067802814002
      100000 226200000  -288750.827966192737     5479.171199740842        0.942812843890        0.808470221653       12.176730966531        8.909284987136
      100000 226300000  -288731.149277662160     5474.689528283663        0.945573495512        0.799243662269       11.029468811084        9.788333731873
      100000 226400000  -288739.868810921907     5491.485124656931        0.943988768875        0.833821290016       11.681105551222        6.706887253562
      100000 226500000  -288621.052160578314     5495.875182532705        0.959849082288        0.842859241611        6.002396270342        5.997191664301
      100000 226600000  -288697.844297229080     5481.360822572373        0.949872245308        0.812978067727        9.356000054671        8.494842252892
      100000 226700000  -288681.496592212701     5499.966516075656        0.951648115740        0.851282199932        8.704834476085        5.371506974494
      100000 226800000  -288665.146103068721     5472.391609115526        0.954499590974        0.794512863087        7.708401241632       10.255091065531
      100000 226900000  -288519.932756499853     5526.799488117918        0.972907801553        0.906524091796        2.732890351500        2.122118473061
      100000 227000000  -288655.467321070144     5491.087240308523        0.955331753303        0.833002152870        7.429019926105        6.773170122228
      100000 227100000  -288614.628211894771     5480.070661156438        0.961079775661        0.810321971440        5.640068530670        8.737844130317
      100000 227200000  -288465.259099071380     5482.107654610649        0.981086901367        0.814515594567        1.331861564522        8.355742419163
      100000 227300000  -288666.746383986669     5494.011372953653        0.953752719742        0.839022157628        7.963538907630        6.293647911987
      100000 227400000  -288605.991626329022     5493.536794494838        0.961921627754        0.838045127881        5.398715744296        6.370276366959
      100000 227500000  -288599.954473403282     5496.985775172710        0.962658977238        0.845145653955        5.191658640000        5.823941930950
      100000 227600000  -288644.576474051457     5481.472432395443        0.957022658385        0.813207842415        6.877218268142        8.473981590677
      100000 227700000  -288853.577889244538     5502.486110035330        0.928490269878        0.856469368049       19.039870456289        5.003333282475
      100000 227800000  -288573.127034926554     5518.694101310335        0.965875288934        0.889837274516        4.335824319039        2.947403420564
      100000 227900000  -288571.433956448454     5500.133980247192        0.966424835367        0.851626963742        4.197300015394        5.346630939106
      100000 228000000  -288681.165841066744     5509.347584890202        0.951517347436        0.870595304280        8.751982824241        4.066963838567
      100000 228100000  -288778.851817954332     5490.034427735955        0.938786494142        0.830834694185       13.951734977615        6.950128519155
      100000 228200000  -288594.604714457644     5490.186476418748        0.963525166317        0.831147721638        4.953593350923        6.924430954937
      100000 228300000  -288630.404947234550     5469.628969823010        0.959242189880        0.788825329823        6.185223461834       10.830634205511
      100000 228400000  -288552.997451367322     5506.850139392540        0.968773049427        0.865453733906        3.630720880230        4.396565409160
      100000 228500000  -288627.467477030586     5468.401940058917        0.959671660483        0.786299204672        6.055561128820       11.091301626615
      100000 228600000  -288641.038095358061     5523.257894983515        0.956691032237        0.899232901515        6.983761133162        2.466083322509
      100000 228700000  -288627.950813224073     5508.590657935478        0.958676704745        0.869036994716        6.358045093393        4.165503504082
      100000 228800000  -288697.551235922379     5529.377984046936        0.949024373360        0.911832523268        9.675175636358        1.887935108766
      100000 228900000  -288644.900966241257     5477.670674808323        0.957076443853        0.805381043312        6.860015577874        9.198997889426
      100000 229000000  -288618.086690479657     5476.264124072157        0.960714305338        0.802485332634        5.746489069154        9.474775808220
      100000 229100000  -288624.262917747488     5524.876246814616        0.958922195404        0.902564653835        6.282726588482        2.305702677895
      100000 229200000  -288634.570570212556     5521.511399410665        0.957583596268        0.895637335604        6.698867680479        2.645212433874
      100000 229300000  -288599.522717131535     5507.031966578215        0.962521997000        0.865828067308        5.229818228090        4.372135272247
      100000 229400000  -288671.537706341594     5507.423059053719        0.952844243029        0.866633221810        8.279481741535        4.319819083882
      100000 229500000  -288564.365839489968     5498.575782460161        0.967405378872        0.848419052463        3.955720388059        5.580324755987
      100000 229600000  -288740.831810304662     5482.767494076863        0.944064495603        0.815874027035       11.649541384091        8.233800661768
      100000 229700000  -288638.280343763530     5480.881911362521        0.957883012122        0.811992118008        6.604627350827        8.584645243932
      100000 229800000  -288732.443117074901     5513.156775984913        0.944567250720        0.878437406982       11.441067517984        3.588972657905
      100000 229900000  -288713.307463241043     5492.502120734192        0.947533079567        0.835915012144       10.249551427491        6.538948810980
      100000 230000000  -288734.739041693276     5486.385186063126        0.944795038189        0.823321884439       11.347232115128        7.581161631933
      100000 230100000  -288707.505251901923     5468.131596402265        0.948931338617        0.785742639599        9.710523858104       11.149149512972
      100000 230200000  -288741.447898305021     5521.051913037896        0.943237752506        0.894691376413       11.996453558823        2.693382983669
      100000 230300000  -288577.746123385150     5487.326745005324        0.965855042303        0.825260301741        4.340970846444        7.415721339408
      100000 230400000  -288636.416303265374     5477.067384521477        0.958231647144        0.804139030436        6.495736649132        9.316784262784
      100000 230500000  -288738.452617614297     5486.937119510025        0.944283297655        0.824458167358       11.558580973200        7.483960646894
      100000 230600000  -288532.860159308882     5496.645812033676        0.971676005078        0.844445761043        2.987051613362        5.876705669420
      100000 230700000  -288699.292475654278     5513.364492855035        0.949015589819        0.878865040300        9.678510156303        3.563766469887
      100000 230800000  -288683.819881768897     5510.163177290000        0.951146861392        0.872274390260        8.886252557934        3.962107077122
      100000 230900000  -288622.072089142399     5501.010013178922        0.959607407504        0.853430480564        6.074872501698        5.217441243228
      100000 231000000  -288496.670810356969     5489.687603401951        0.976687833038        0.830120675912        2.023480394635        7.008922983136
      100000 231100000  -288601.430221443065     5463.575233136304        0.963309878401        0.776362309815        5.012241792511       12.146753974389
      100000 231200000  -288549.936545213219     5521.766428944655        0.968945341183        0.896162373006        3.590767085580        2.618663822229
      100000 231300000  -288689.961764396867     5505.677666728385        0.950401798565        0.863039927190        9.159369246673        4.555732289415
      100000 231400000  -288647.309070900315     5493.391403515823        0.956376367382        0.837745806854        7.085611974606        6.393844903662
      100000 231500000  -288621.082957849372     5512.955042031594        0.959524851162        0.878022090884        6.099730117204        3.613537852049
      100000 231600000  -288679.511136751622     5489.992948708124        0.952127670016        0.830749299993        8.533021542555        6.957147102617
      100000 231700000  -288675.661245773314     5506.234216293320        0.952311989301        0.864185713457        8.467439917037        4.479826063904
      100000 231800000  -288749.683822110062     5530.651377087459        0.942008754752        0.914454097969       12.521564071834        1.777332404985
      100000 231900000  -288668.558872558642     5490.656722625718        0.953583399038        0.832115832441        8.021957927094        6.845256436716
      100000 232000000  -288613.518285432365     5511.258479141630        0.960568881560        0.874529322973        5.789111344959        3.823443896261
      100000 232100000  -288712.357268540422     5527.642738321796        0.947057066233        0.908260117776       10.436376019521        2.044026846541
      100000 232200000  -288727.181916698581     5497.760479698889        0.945557867187        0.846740562771       11.035803844894        5.704593359710
      100000 232300000  -288648.560453753918     5491.887618631124        0.956241400212        0.834649917146        7.129524153633        6.640168082867
      100000 232400000  -288859.356571902987     5485.399750788696        0.928083948834        0.821293137539       19.256855725282        7.756266078606
      100000 232500000  -288637.104387175292     5468.106051514857        0.958386045145        0.785690049528        6.447802028522       11.154623364823
      100000 232600000  -288610.614880400244     5489.575051387772        0.961389113280        0.829888961506        5.550770381492        7.028056283192
      100000 232700000  -288642.353048013756     5509.443917829543        0.956727756098        0.870793627962        6.971922387193        4.054507456415
      100000 232800000  -288684.211576486938     5501.666856587864        0.951249968890        0.854782744954        8.848782196557        5.121612133410
      100000 232900000  -288567.678858874599     5465.024974601343        0.967799024043        0.779346938619        3.860750891647       11.824700611850
      100000 233000000  -288635.016904192744     5523.257546975277        0.957499608966        0.899232185060        6.725422352041        2.466118390414
      100000 233100000  -288621.795349741122     5478.892924200743        0.960147507456        0.807897326960        5.913501204114        8.962662750940
      100000 233200000  -288685.076028722571     5492.185637639835        0.951331201903        0.835263458345        8.819317010992        6.590982038555
      100000 233300000  -288718.348828109214     5466.382937750779        0.947525914837        0.782142620489       10.252350916504       11.526960102162
      100000 233400000  -288684.403220842825     5493.278388740495        0.951397542857        0.837513139746        8.795289988943        6.412195172256
      100000 233500000  -288692.291632200358     5503.332657646388        0.950132815615        0.858212182506        9.258985553126        4.882565456591
      100000 233600000  -288677.390095351962     5493.746637724340        0.952329132595        0.838477138803        8.461353116064        6.336336560844
      100000 233700000  -288691.757534591015     5536.690904186107        0.949723205149        0.926887864246        9.411717399194        1.298222645672
      100000 233800000  -288577.468068604125     5486.980326213874        0.965900527087        0.824547118372        4.329413262233        7.476377984558
      100000 233900000  -288626.706909143599     5508.743201086298        0.958841066268        0.869351040146        6.307568009710        4.145549947355
      100000 234000000  -288796.338323527714     5485.019702589139        0.936555666003        0.820510720238       14.987161825915        7.824331978076
      100000 234100000  -288655.786902526626     5504.763071780093        0.955007999682        0.861157021518        7.537100657951        4.681856328133
      100000 234200000  -288624.353531405795     5505.924787118100        0.959207641833        0.863548681785        6.195713620925        4.521949524664
      100000 234300000  -288636.618253267836     5488.816041933373        0.957914597994        0.828326364633        6.594724710477        7.157765182606
      100000 234400000  -288655.069347287063     5477.226070577279        0.955722602196        0.804465722459        7.299580289792        9.285729778773
      100000 234500000  -288588.082279999740     5511.177687031217        0.963985986863        0.874362993689        4.829217307983        3.833587656100
      100000 234600000  -288588.380761763081     5480.073746839538        0.964604407242        0.810328324034        4.664789926690        8.737258853831
      100000 234700000  -288691.100581909763     5497.381202809513        0.950410973021        0.845959733392        9.155981040940        5.762869197599
      100000 234800000  -288557.389581554336     5480.606915668584        0.968752601282        0.811425975638        3.635477400765        8.636424445263
      100000 234900000  -288509.929499668768     5510.199710439891        0.974497577523        0.872349602216        2.421567522290        3.957442232141
      100000 235000000  -288605.885047066258     5496.643916821107        0.961869699147        0.844441859308        5.413450562550        5.877000481466
      100000 235100000  -288808.202439835528     5492.968548715115        0.934779602248        0.836875262244       15.838009432695        6.462638925152
      100000 235200000  -288583.169444940053     5493.043087179773        0.964997137520        0.837028716949        4.561848252734        6.450485576791
      100000 235300000  -288603.588127637981     5494.478769002482        0.962224024183        0.839984400720        5.313309259084        6.218632378823
      100000 235400000  -288698.875566478353     5494.736769344658        0.949422556741        0.840515554220        9.524615535176        6.177416818348
      100000 235500000  -288749.075780286454     5501.378734580241        0.942545133105        0.854189579025       12.291003911482        5.163537872555
      100000 235600000  -288680.750113759190     5513.020739085041        0.951511209436        0.878157343495        8.754199001134        3.605528705684
      100000 235700000  -288584.783924223389     5509.943256662227        0.964449952872        0.871821632678        4.705589875785        3.990246358764
      100000 235800000  -288667.088279030519     5515.908745368011        0.953299725493        0.884102973764        8.120309416683        3.262231856950
      100000 235900000  -288653.051758143585     5485.175889343955        0.955793530633        0.820832266872        7.276212470046        7.796323240608
      100000 236000000  -288649.257393511944     5491.763957962394        0.956150557698        0.834395332999        7.159156553899        6.660631125711
      100000 236100000  -288583.610389777226     5497.586948863231        0.964841335457        0.846383309328        4.602549334092        5.731219595169
      100000 236200000  -288631.203951018164     5499.191498877481        0.958417360626        0.849686647409        6.438101434178        5.487384117545
      100000 236300000  -288490.897449966287     5462.432220237330        0.978187579352        0.774009152854        1.771501155345       12.403719583347
      100000 236400000  -288658.843632494332     5506.977926324122        0.954556900739        0.865716812921        7.688995330572        4.379388963690
      100000 236500000  -288689.942676187493     5485.203745616600        0.950838863325        0.820889615465        8.998653780281        7.791333094144
      100000 236600000  -288707.784706786508     5475.647683851421        0.948685366296        0.801216247571        9.804290649132        9.596922950908
      100000 236700000  -288742.846693665953     5477.176876096055        0.943936474751        0.804364444218       11.702927544118        9.295351477283
      100000 236800000  -288704.012522357982     5518.156319303438        0.948306971188        0.888730125617        9.949417829020        3.006944654539
      100000 236900000  -288536.998562182300     5527.019346723333        0.970613320325        0.906976721691        3.215398088321        2.101616747532
      100000 237000000  -288687.815446774941     5493.203697413206        0.950940953360        0.837359370338        8.961318638868        6.424337274136
      100000 237100000  -288664.148114413954     5469.167148198001        0.954724022863        0.787874562974        7.632545027222       10.928378777198
      100000 237200000  -288787.173531794222     5499.386484668590        0.937468630996        0.850088070851       14.558934253813        5.458114285509
      100000 237300000  -288605.538018046180     5477.611973045394        0.962363938976        0.805260192128        5.274023240650        9.210425912372
      100000 237400000  -288750.143909369595     5494.008669211529        0.942553514835        0.839016591349       12.287418058229        6.294083162086
      100000 237500000  -288659.746989237145     5469.441194994375        0.955307243847        0.788438751819        7.437174765544       10.870323787825
      100000 237600000  -288673.353256505681     5496.812673949637        0.952806025953        0.844789284969        8.292907283515        5.850778251602
      100000 237700000  -288639.241362866247     5519.951566628180        0.956978562980        0.892426058308        6.891337768573        2.810505266866
      100000 237800000  -288680.193725061137     5486.976278739981        0.952105828486        0.824538785709        8.540809622558        7.477088142379
      100000 237900000  -288525.134929177817     5493.188590686768        0.972787278773        0.837328269641        2.757259593907        6.426794476551
      100000 238000000  -288599.773759191623     5490.306780506857        0.962828301228        0.831395395486        5.144681926521        6.904132233652
      100000 238100000  -288683.355678352527     5488.109643821605        0.951654689882        0.826872080402        8.702467538990        7.279548766287
      100000 238200000  -288702.953694097465     5507.599926141091        0.948622298449        0.866997343701        9.828405231501        4.296263090860
      100000 238300000  -288737.998180083698     5478.367029760964        0.944556499309        0.806814651372       11.445506032954        9.063973165095
      100000 238400000  -288620.466053392040     5486.778796352446        0.960131179732        0.824132222445        5.918347766275        7.511778786439
      100000 238500000  -288676.362525762524     5496.059984551743        0.952417684590        0.843239699397        8.429947193057        5.968186889561
      100000 238600000  -288622.863920456497     5509.089782222174        0.959351068442        0.870064557739        6.152221750781        4.100393128316
      100000 238700000  -288672.622102081776     5508.047869256698        0.952687485912        0.867919538422        8.334619225447        4.236892012002
      100000 238800000  -288642.925272720167     5512.529386009090        0.956598693894        0.877145779310        7.013572805878        3.665644987326
      100000 238900000  -288656.302595836809     5515.631033966318        0.954752443109        0.883531240480        7.622965963950        3.294497170984
      100000 239000000  -288560.827425829135     5460.937725500204        0.968842505848        0.770932389067        3.614587609419       12.743760818688
      100000 239100000  -288630.518242086284     5511.880726027302        0.958275565356        0.875810362402        6.482083673239        3.745768719635
      100000 239200000  -288578.443243937101     5483.818456324749        0.965845452317        0.818037676398        4.343409607292        8.041428172225
      100000 239300000  -288597.532480953727     5502.794235617854        0.962868097602        0.857103715973        5.133671932589        4.959205552307
      100000 239400000  -288602.460070873844     5505.311125775799        0.962158961307        0.862285317688        5.331627615148        4.606072062612
      100000 239500000  -288706.393521171995     5479.242503079586        0.948778010879        0.808617016102        9.768920837369        8.895633507938
      100000 239600000  -288669.953576951521     5457.390573645942        0.954299057144        0.763629754874        7.776497403742       13.569250195770
      100000 239700000  -288654.182716294657     5496.938238574192        0.955377779097        0.845047788850        7.413718211565        5.831305505914
      100000 239800000  -288788.192998723825     5497.921783893369        0.937361512038        0.847072644840       14.608857153669        5.679898752757
      100000 239900000  -288527.683376034489     5483.965496238321        0.972658289158        0.818340392138        2.783460631837        8.014694703538
      100000 240000000  -288764.229006387526     5516.305210629478        0.940248770231        0.884919189391       13.293134759340        3.216444512711
      100000 240100000  -288684.676011485746     5492.185292880982        0.951384926932        0.835262748579        8.799856635729        6.591038833058
      100000 240200000  -288706.719656752422     5501.842645738274        0.948223986384        0.855144647662        9.981387834683        5.096116324806
      100000 240300000  -288767.502814238891     5510.082384827547        0.939910658023        0.872108060251       13.444003211653        3.972433062756
      100000 240400000  -288553.286763344891     5491.590502910316        0.969042096169        0.834038235574        3.568426901502        6.689387062026
      100000 240500000  -288694.517278378829     5515.640350053087        0.949620534909        0.883550419804        9.450195982655        3.293412227253
      100000 240600000  -288656.155997882364     5496.169597213157        0.955128867311        0.843465362465        7.496659342839        5.951016343573
      100000 240700000  -288606.379263849230     5492.457852972671        0.961893199127        0.835823876698        5.406779921400        6.546214503272
      100000 240800000  -288734.621106793173     5500.949924141169        0.944494639982        0.853306773354       11.471060201331        5.226252181338
      100000 240900000  -288571.252194918226     5512.157323051244        0.966229665302        0.876379801481        4.246239061092        3.711496988049
      100000 241000000  -288586.208041666308     5476.662309094332        0.964984676873        0.803305088787        4.565096769903        9.396291633326
      100000 241100000  -288565.195366077591     5475.578287779354        0.967835216584        0.801073379673        3.852077125890        9.610722719753
      100000 241200000  -288708.765790083446     5486.218332720920        0.948286889433        0.822978378164        9.957149648578        7.610669623594
      100000 241300000  -288650.665934502846     5506.927974399179        0.955655966246        0.865613975306        7.321568053862        4.386099235840
      100000 241400000  -288657.531699041836     5508.427520888858        0.954707227823        0.868701139296        7.638208634726        4.186895817211
      100000 241500000  -288589.306266771397     5484.207392134704        0.964377198918        0.818838390904        4.724869770667        7.970812221786
      100000 241600000  -288681.390035666525     5486.497027694248        0.951956502664        0.823552136358        8.594150208942        7.561414539180
      100000 241700000  -288540.693124040728     5499.437528461218        0.970566895220        0.850193156328        3.225565491330        5.450464894066
      100000 241800000  -288693.085305017419     5479.733291053213        0.950552560711        0.809627416892        9.103770962874        8.801952987362
      100000 241900000  -288679.052383865463     5469.953189759515        0.952700256886        0.789492811705        8.330120338010       10.762275372821
      100000 242000000  -288676.852924123872     5519.262032175437        0.951937818896        0.891006491828        8.600835914379        2.885170625878
      100000 242100000  -288688.132209846284     5479.237013786100        0.951230421782        0.808605715119        8.855879741813        8.896684096322
      100000 242200000  -288557.968982966850     5486.347453285940        0.968533981387        0.823244202772        3.686526003451        7.587829653474
      100000 242300000  -288684.858769676881     5482.064982750453        0.951598425903        0.814427744653        8.722735084035        8.363659258139
      100000 242400000  -288642.610449395608     5471.610209638253        0.957547499126        0.792904171162        6.710274251981       10.416287122416
      100000 242500000  -288715.561982529704     5476.000193984248        0.947631580881        0.801941971379       10.211102569961        9.526977576434
      100000 242600000  -288731.162271338748     5506.671073006466        0.944850942146        0.865085084249       11.324261934113        4.420691129170
      100000 242700000  -288686.615307047032     5482.148339553736        0.951360468211        0.814599353952        8.808713451822        8.348197700557
      100000 242800000  -288607.871201243252     5488.379482113756        0.961785064651        0.827427605065        5.437508759044        7.232907175052
      100000 242900000  -288666.835384687874     5483.963262833655        0.953971937970        0.818335794157        7.888221382636        8.015100428088
      100000 243000000  -288581.932902848581     5464.057827520184        0.965913667837        0.777355842203        4.326077094824       12.039067417657
      100000 243100000  -288543.848368143663     5501.244201393798        0.970107290651        0.853912611281        3.327087863169        5.183172843782
      100000 243200000  -288716.843221100513     5499.432020528242        0.946912211501        0.850181816971       10.493563125242        5.451290051348
      100000 243300000  -288556.951837620931     5506.774912672117        0.968243383894        0.865298862267        3.754932628645        4.406692708746
      100000 243400000  -288658.057257840876     5487.888288932852        0.955057110080        0.826416370062        7.520655601361        7.317921914526
      100000 243500000  -288628.662336816778     5505.710776905529        0.958632949986        0.863108092163        6.371516526957        4.551198645620
      100000 243600000  -288618.871964988532     5481.472786695696        0.960474449357        0.813208571825        5.816872827298        8.473915410298
      100000 243700000  -288637.509251841344     5517.806577807292        0.957242786421        0.888010101689        6.806949074541        3.045986258004
      100000 243800000  -288715.956542538712     5501.646720709279        0.946987402570        0.854741290581       10.463858988612        5.124536627787
      100000 243900000  -288565.144651721930     5519.087712688372        0.966941423484        0.890647614763        4.069134166062        2.904201597949
      100000 244000000  -288672.873457408277     5486.610658507794        0.953097483850        0.823786071723        8.190793830608        7.541377916019
      100000 244100000  -288595.491167361615     5486.019604200497        0.963503009604        0.822569249446        4.959613319809        7.645889521357
      100000 244200000  -288606.905889404705     5478.237461777404        0.962163947476        0.806547905649        5.330222651464        9.089021082023
      100000 244300000  -288647.696587034035     5497.796598942950        0.956231027523        0.846814922606        7.132904568052        5.699059087603
      100000 244400000  -288671.643368301680     5496.761295735836        0.953036714173        0.844683511008        8.212032535453        5.858755418142
      100000 244500000  -288588.278293279698     5483.874936522916        0.964523346317        0.818153953976        4.686180452840        8.031154187820
      100000 244600000  -288678.774591057794     5478.863912911154        0.952496643698        0.807837600496        8.401992738741        8.968236763590
      100000 244700000  -288629.877064481145     5480.168217642233        0.959029558460        0.810522814076        6.249927794146        8.719349605170
      100000 244800000  -288728.884871697985     5491.197530076839        0.945470206331        0.833229209919       11.071371402824        6.754764489393
      100000 244900000  -288585.916051795473     5477.477522736415        0.965002446574        0.804983395006        4.560464522481        9.236627347440
      100000 245000000  -288593.949751108652     5492.245260572992        0.963567023264        0.835386205972        4.942230813897        6.581163622030
      100000 245100000  -288588.720666467678     5494.938473924994        0.964210692627        0.840930809846        4.769142491534        6.145289954623
      100000 245200000  -288592.135586448945     5503.774069525301        0.963574164716        0.859120931162        4.940293489577        4.820179195890
      100000 245300000  -288682.927531535504     5531.561346104369        0.950962965616        0.916327480088        8.953278752257        1.700340644456
      100000 245400000  -288572.237726015039     5478.389314895496        0.966815514329        0.806860530486        4.100189157929        9.059668514822
      100000 245500000  -288705.460274480749     5501.528076780029        0.948399238722        0.854497034556        9.913931846319        5.141785181577
      100000 245600000  -288644.328099413076     5502.106887505390        0.956597275774        0.855688650581        7.014031144854        5.057911364674
      100000 245700000  -288593.243124013301     5528.199355620891        0.963045818420        0.909406043490        5.084647942834        1.993281762116
      100000 245800000  -288751.733606091933     5499.445217126049        0.942226595852        0.850208985226       12.427667552626        5.449313140307
      100000 245900000  -288707.162866175175     5512.815361503512        0.947967667406        0.877734526144       10.080458880432        3.630595874406
      100000 246000000  -288630.685969857965     5495.151808456518        0.958570717051        0.841370008423        6.390701672428        6.111401851573
      100000 246100000  -288664.888168397825     5484.070228777826        0.954230817320        0.818556008344        7.799738193587        7.995680322497
      100000 246200000  -288625.347257950809     5498.159613233991        0.959224818615        0.847562271658        6.190496956908        5.643586364528
      100000 246300000  -288564.677571818465     5487.312788728625        0.967610315784        0.825231569511        3.906134010834        7.418160255485
      100000 246400000  -288633.054779684637     5481.194485465996        0.958576863097        0.812635624243        6.388805688331        8.525979420465
      100000 246500000  -288771.399895668263     5496.603366302326        0.939643935173        0.844358376667       13.563617807400        5.883310137404
      100000 246600000  -288659.342919092625     5514.269387313165        0.954365717924        0.880727975264        7.753827879482        3.454994995931
      100000 246700000  -288608.398176382296     5480.964257978834        0.961893742103        0.812161647602        5.406625842422        8.569170411104
      100000 246800000  -288603.538303702604     5491.198556113988        0.962302687905        0.833231322255        5.291203701595        6.754593377451
      100000 246900000  -288553.124568875181     5495.165695931762        0.968985964774        0.841398599009        3.581378835737        6.109199080017
      100000 247000000  -288711.413855508668     5486.278188413940        0.947929864386        0.823101604980       10.095111700932        7.600077559653
      100000 247100000  -288716.037626981968     5508.386295732111        0.946851327390        0.868616267756       10.517646163420        4.192310382745
      100000 247200000  -288778.797059774632     5504.313800602220        0.938497650917        0.860232092674       14.083711467411        4.744442248550
      100000 247300000  -288557.222235794412     5527.375097448938        0.967893102848        0.907709117009        3.838224602781        2.068653923859
      100000 247400000  -288635.241513164248     5494.776675348170        0.957966974097        0.840597709977        6.578320397666        6.171054070749
      100000 247500000  -288649.321805857355     5548.140785187483        0.955327508753        0.950460097956        7.430431861877        0.596047026990
      100000 247600000  -288744.676761071663     5515.970963514410        0.942879577511        0.884231064238       12.148328672278        3.255024943581
      100000 247700000  -288510.317704481538     5488.183049519546        0.974889858628        0.827023203044        2.347642844625        7.266845737147
      100000 247800000  -288495.111748615280     5480.814471822232        0.977110499312        0.811853278084        1.950771262880        8.597329090715
      100000 247900000  -288655.432555716485     5487.110528964549        0.955427788657        0.824815170910        7.397109938040        7.453550987345
      100000 248000000  -288658.001995363971     5491.572403152473        0.954980530069        0.834000973027        7.546306936549        6.692391266995
      100000 248100000  -288713.662426831899     5509.437191274017        0.947151899075        0.870779779789       10.399021655904        4.055376616826
      100000 248200000  -288675.968944184249     5489.289181638509        0.952619406859        0.829300432373        8.358622228863        7.076770004451
      100000 248300000  -288636.799622931750     5466.753048622981        0.958466162621        0.782904579498        6.422998601381       11.446469722073
      100000 248400000  -288565.113783111097     5530.933232405223        0.966791017161        0.915034362464        4.106245005714        1.753302612901
      100000 248500000  -288689.696202624822     5514.238394557498        0.950290141287        0.880664169494        9.200655478501        3.458692553410
      100000 248600000  -288791.022993912222     5487.862398301251        0.937202048442        0.826363068196       14.683333606322        7.322416794350
      100000 248700000  -288551.967506998684     5526.253001203761        0.968612829168        0.905399021827        3.668073703428        2.173509251692
      100000 248800000  -288724.701848542318     5517.488743544556        0.945538685431        0.887355766197       11.043581769051        3.081684469887
      100000 248900000  -288670.457083361456     5505.224273110740        0.953029404925        0.862106511347        8.214588934901        4.618040714692
      100000 249000000  -288573.383798232768     5507.466945421882        0.966024321626        0.866723572070        4.298035366762        4.313968082926
      100000 249100000  -288585.501986635383     5488.816092985682        0.964778883607        0.828326469736        4.618914745786        7.157756418273
      100000 249200000  -288729.365887971129     5505.334535582922        0.945116635900        0.862333512201       11.215410105525        4.602848752573
      100000 249300000  -288730.137706810376     5484.875857629813        0.945449065725        0.820214582051       11.079957566694        7.850171905215
      100000 249400000  -288699.455287248362     5530.237026761286        0.948758613759        0.913601061791        9.776320971802        1.812955105304
      100000 249500000  -288694.324411286274     5516.917160593905        0.949626693500        0.886179030221        9.447885663173        3.146406294529
      100000 249600000  -288650.623757193098     5493.926914121024        0.955919617261        0.838848279547        7.234764928699        6.307251255403
      100000 249700000  -288632.270354486303     5504.290443652309        0.958174826234        0.860184006979        6.513422035080        4.747707362128
      100000 249800000  -288709.408230795059     5498.483220424503        0.947929852484        0.848228492060       10.095116315891        5.594364216387
      100000 249900000  -288813.614917733008     5500.345805997960        0.933898692421        0.852063056143       16.268736019721        5.315247897107
      100000 250000000  -288726.704040026991     5490.251019242220        0.945784386443        0.831280597999       10.944160795899        6.913537040250
      100000 250100000  -288640.843326238217     5506.856710148044        0.956976308658        0.865467261329        6.892059999367        4.395681382984
      100000 250200000  -288624.535357238958     5501.161513067782        0.959273642131        0.853742378198        6.175681038593        5.195259603551
      100000 250300000  -288646.071620858042     5494.336232526228        0.956522078485        0.839690956349        7.038356485782        6.241461351754
      100000 250400000  -288575.345223084791     5501.517525510862        0.965872298207        0.854475312323        4.336584345206        5.143320537129
      100000 250500000  -288657.243731547147     5492.480724055320        0.955062221679        0.835870962122        7.518944968429        6.542460156035
      100000 250600000  -288702.574946404435     5519.493363482878        0.948480288745        0.891482740939        9.882812408151        2.860012100795
      100000 250700000  -288658.499514549505     5507.435964412056        0.954594880943        0.866659790481        7.676148161944        4.318098109258
      100000 250800000  -288706.701624394627     5499.018266082741        0.948282451261        0.849330007552        9.958858825962        5.513454210560
      100000 250900000  -288655.293251613155     5502.808967604302        0.955111252866        0.857134045182        7.502546219638        4.957100629592
      100000 251000000  -288556.682101458777     5472.553167521954        0.969060519717        0.794845468510        3.564180908606       10.221919758751
      100000 251100000  -288780.206739494810     5494.689168200828        0.938501798907        0.840417556233       14.081811796232        6.185010792799
      100000 251200000  -288825.339473822154     5517.758633081801        0.932020215927        0.887911396360       17.206529077310        3.051357949136
      100000 251300000  -288614.934521716088     5473.297487927601        0.961217505896        0.796377824571        5.600221201899       10.069789336594
      100000 251400000  -288628.553693037480     5501.406473393552        0.958729226114        0.854246685801        6.341893379682        5.159494056546
      100000 251500000  -288643.112028819742     5500.153955521062        0.956798952665        0.851668087472        6.948999212883        5.343667557801
      100000 251600000  -288530.770837610820     5509.456214519218        0.971711663145        0.870818943548        2.979535340415        4.052918801403
      100000 251700000  -288624.995334322797     5539.608246019110        0.958661082486        0.932893888543        6.362853316091        1.093690366503
      100000 251800000  -288630.736609249609     5514.964082999155        0.958196133919        0.882158167339        6.506787246443        3.372634009020
      100000 251900000  -288713.159319033846     5509.831375990994        0.947212641587        0.871591300387       10.375130553792        4.004599925403
      100000 252000000  -288767.200395274675     5513.952303456143        0.939886876155        0.880075184656       13.454646922091        3.492917724251
      100000 252100000  -288682.788165808422     5490.856173688546        0.951668088639        0.832526448680        8.697644482185        6.811812709987
      100000 252200000  -288614.315719807288     5501.685563838109        0.960635759208        0.854821258165        5.769490606836        5.118895878119
      100000 252300000  -288695.269491994521     5502.501962488517        0.949748837744        0.856502003998        9.402123102479        5.001058228531
      100000 252400000  -288668.954334119335     5521.300065088086        0.952969247028        0.895202254921        8.235644186491        2.667313820597
      100000 252500000  -288594.075787833892     5507.119689025916        0.963251873216        0.866008664298        5.028102510328        4.360373303104
      100000 252600000  -288657.148412213428     5494.651905924082        0.955027819557        0.840340843200        7.530461633728        6.190958627233
      100000 252700000  -288700.460557070561     5518.392682865262        0.948780432437        0.889216734789        9.767997192917        2.980702019044
      100000 252800000  -288727.185803101864     5489.351723782718        0.945740178657        0.829429189872       10.962015961028        7.066098113861
      100000 252900000  -288622.602752926759     5501.644762414508        0.959523708127        0.854737258978        6.100074639992        5.124821091105
      100000 253000000  -288678.325818402693     5513.789436376654        0.951824266803        0.879739885026        8.641524730553        3.512476833320
      100000 253100000  -288622.764628869714     5487.247673336416        0.959811466254        0.825097514385        6.013648421935        7.429544734908
      100000 253200000  -288685.108053401113     5490.295962024480        0.951369198570        0.831373123133        8.805551565570        6.905956400071
      100000 253300000  -288647.265363290207     5485.660554627888        0.956558943803        0.821830062686        7.026425775040        7.709728658856
      100000 253400000  -288619.358194411034     5489.584718889557        0.960214772766        0.829908864299        5.893555761602        7.026411830628
      100000 253500000  -288689.423418941675     5444.020436338149        0.952133596613        0.736104228510        8.530908896538       16.913562862060
      100000 253600000  -288578.587691701949     5492.874051431194        0.965616114010        0.836680717684        4.401935020457        6.478062961777
      100000 253700000  -288640.793922854587     5489.883924218826        0.957329395894        0.830524847814        6.779400545203        6.975611809140
      100000 253800000  -288601.680335327052     5508.048935064115        0.962214074964        0.867921732633        5.316108405387        4.236751240836
      100000 253900000  -288614.039095147280     5486.055502327159        0.961011395554        0.822643154060        5.659904350900        7.639521416318
      100000 254000000  -288664.799164871918     5471.602575111203        0.954568039491        0.792888453719        7.685226427423       10.417868261121
      100000 254100000  -288588.127021135995     5511.582203512080        0.963973176494        0.875195784617        4.832653473523        3.782933855269
      100000 254200000  -288733.794827752048     5505.155649116263        0.944525195168        0.861965232950       11.458434252994        4.627508364240
      100000 254300000  -288679.984560334124     5523.817564069293        0.951453470316        0.900385110040        8.775059933756        2.410009520369
      100000 254400000  -288614.089058501413     5517.057224788703        0.960399177778        0.886467384828        5.839048969596        3.130484246123
      100000 254500000  -288711.500462337863     5503.399041913450        0.947552042283        0.858348849905       10.242143933256        4.873157512531
      100000 254600000  -288556.562251627212     5464.929065289907        0.969294691020        0.779149487073        3.510432729417       11.845872763754
      100000 254700000  -288642.860254459782     5485.598721853457        0.957151975757        0.821702765590        6.835893897886        7.720749335966
      100000 254800000  -288586.285531866364     5493.268154401332        0.964573766715        0.837492069987        4.672869660616        6.413858225711
      100000 254900000  -288674.020581001416     5488.879654715769        0.952890458814        0.828457326289        8.263260806260        7.146848710414
      100000 255000000  -288622.366725399159     5465.494640095159        0.960441229090        0.780313853890        5.826654817435       11.721294546183
      100000 255100000  -288607.131494501606     5496.555853290483        0.961704157245        0.844260560120        5.460557362008        5.890707463476
      100000 255200000  -288629.000656405697     5498.964419146068        0.958717826817        0.849219151153        6.345397220315        5.521570312741
      100000 255300000  -288720.776200135471     5506.580153929070        0.946247312307        0.864897906256       10.758062916180        4.432965977862
      100000 255400000  -288620.131501641590     5494.824312094599        0.959995043673        0.840695781260        5.958834347333        6.163463000177
      100000 255500000  -288636.411597822793     5514.097961659543        0.957447862471        0.880375055826        6.741809443558        3.475471530453
      100000 255600000  -288560.660043084063     5513.158034578897        0.967635587140        0.878439998089        3.900041034275        3.588819661587
      100000 255700000  -288818.396626116708     5512.708058118820        0.933032103018        0.877513617258       16.698099048326        3.643727225718
      100000 255800000  -288684.871146355523     5492.059471206740        0.951361508355        0.835003715502        8.808336711706        6.611782645830
      100000 255900000  -288650.023608219810     5493.079250255600        0.956018653257        0.837103167022        7.202292557916        6.444593380096
      100000 256000000  -288554.356901308754     5519.613378165290        0.968382404833        0.891729818978        3.722128651831        2.847003262908
      100000 256100000  -288622.800819843076     5490.971488015726        0.959721060887        0.832763849948        6.040734634714        6.792514297980
      100000 256200000  -288620.595136566786     5507.730416370556        0.959679712900        0.867265988081        6.053143125381        4.278925071454
      100000 256300000  -288736.000918253791     5494.578725373372        0.944440466227        0.840190184076       11.493462854330        6.202648084912
      100000 256400000  -288781.730824227910     5501.557145300321        0.938156472799        0.854556878842       14.240400830425        5.137556495466
      100000 256500000  -288652.672802298563     5479.147239788435        0.955994493173        0.808420894538        7.210207540112        8.913874622447
      100000 256600000  -288713.763565178728     5502.874527073465        0.947258150723        0.857269014543       10.357249011175        4.947738837693
      100000 256700000  -288741.019036846003     5473.205305214040        0.944288425922        0.796188045091       11.556453325483       10.088568528460
      100000 256800000  -288741.928640894359     5468.217721880414        0.944306223282        0.785919948857       11.549070963352       11.130704130783
      100000 256900000  -288533.297895821743     5502.446999724954        0.971500693296        0.856388850411        3.024142847282        5.008948384574
      100000 257000000  -288520.479077593889     5474.238810464740        0.973876094924        0.798315755178        2.541030659802        9.879027302680
      100000 257100000  -288598.614727070089     5490.257199220359        0.962985067942        0.831293320916        5.101379402084        6.912494397348
      100000 257200000  -288555.678484878503     5477.618570261635        0.969059289378        0.805273774027        3.564464380584        9.209141216550
      100000 257300000  -288700.854324940592     5524.756647445261        0.948638476987        0.902318430815        9.822216391472        2.317370607908
      100000 257400000  -288667.004834506195     5493.076419528574        0.953738345057        0.837097339314        7.968490167470        6.445054504812
      100000 257500000  -288737.944754514610     5532.336526642554        0.943566201288        0.917923368885       11.858022792001        1.636097886407
      100000 257600000  -288662.600398630602     5499.376862843521        0.954197466462        0.850068262094        7.811109283059        5.459556807165
      100000 257700000  -288636.998614559183     5487.489059074782        0.957894355366        0.825594462872        6.601070220247        7.387385747415
      100000 257800000  -288713.621299835853     5481.702616596594        0.947745019712        0.813681729942       10.166912541753        8.431039527813
      100000 257900000  -288682.703218037030     5494.471492651850        0.951599995611        0.839969420666        8.722169320208        6.219796762931
      100000 258000000  -288574.989065736067     5502.700474111363        0.965897201808        0.856910686182        4.330257686281        4.972612772552
      100000 258100000  -288775.228502899408     5494.878185836598        0.939166269236        0.840806692844       13.779155900613        6.154883673408
      100000 258200000  -288659.285682699410     5498.349769486114        0.954663417411        0.847953752374        7.652992225406        5.614636598677
      100000 258300000  -288568.520259457408     5480.645469645970        0.967256911845        0.811505347935        3.991838715268        8.629155696652
      100000 258400000  -288747.531056795968     5465.345927072689        0.943637586938        0.780007693666       11.828042273239       11.753987501972
      100000 258500000  -288612.490748540964     5495.059368439950        0.961016082141        0.841179699224        5.658543746109        6.126074406715
      100000 258600000  -288602.324386720546     5496.978790967725        0.962340872231        0.845131275351        5.280490008261        5.825023515657
      100000 258700000  -288612.009885657346     5498.930874907412        0.961000158005        0.849150092563        5.663167489922        5.526629299778
      100000 258800000  -288585.680298339343     5518.461642228998        0.964192986193        0.889358703622        4.773862638513        2.973067370603
      100000 258900000  -288603.614071034361     5458.470378499478        0.963173524413        0.765852783424        5.049565686977       13.315216676360
      100000 259000000  -288672.077183589106     5504.226197476499        0.952830464830        0.860051741336        8.284320727009        4.756694253778
      100000 259100000  -288571.646852628561     5492.398417597637        0.966558646215        0.835701515203        4.163910747704        6.555976009033
      100000 259200000  -288684.345371336909     5496.130457676016        0.951344203635        0.843384784657        8.814605529279        5.957144613721
      100000 259300000  -288681.909233859042     5494.576909206808        0.951704354054        0.840186445076        8.684596980575        6.202938329552
      100000 259400000  -288641.553984823404     5500.586783305742        0.956999583171        0.852559163781        6.884605225086        5.279658225996
      100000 259500000  -288684.626881904202     5493.132087223232        0.951370703180        0.837211944166        8.805006696217        6.435989279132
      100000 259600000  -288570.555473035900     5495.297128081322        0.966642411552        0.841669182550        4.143076988525        6.088371538650
      100000 259700000  -288669.503174543614     5491.572979003191        0.953436050128        0.834002158550        8.072969974315        6.692295676677
      100000 259800000  -288563.845486727310     5506.216790832579        0.967327790250        0.864149839108        3.974575289882        4.482193002985
      100000 259900000  -288740.448255968280     5502.120290915482        0.943689259591        0.855716244607       11.806364487446        5.055977285404
      100000 260000000  -288695.725366589380     5479.370731488802        0.950207319764        0.808881004001        9.231339415751        8.871109697736
      100000 260100000  -288720.426242779242     5461.782655059360        0.947384452788        0.772671872389       10.307702943625       12.550949693604
      100000 260200000  -288575.855257105315     5485.613473321311        0.966149570767        0.821733134905        4.266404917233        7.718119414041
      100000 260300000  -288517.277292282553     5476.031687224284        0.974257941931        0.802006807512        2.467290249599        9.520741108347
      100000 260400000  -288646.730712790973     5489.535468089394        0.956540105022        0.829807470112        7.032521299202        7.034791452035
      100000 260500000  -288658.756275925785     5475.386108508334        0.955276274391        0.800677734104        7.447485387496        9.648990310073
      100000 260600000  -288663.752934314078     5478.978154094890        0.954510921504        0.808072792450        7.704562621399        8.946297337905
      100000 260700000  -288697.085264706286     5513.852623040788        0.949304083693        0.879869969419        9.569288881985        3.504882107626
      100000 260800000  -288697.936237714253     5487.687984053977        0.949706527567        0.826003996045        9.417962456076        7.352732862759
      100000 260900000  -288565.297436508117     5524.223652421497        0.966849132966        0.901221137029        4.091885702579        2.369726824261
      100000 261000000  -288628.641903234879     5518.897428053431        0.958417321765        0.890255869741        6.438113467621        2.925046948183
      100000 261100000  -288584.703835566528     5491.898385484703        0.964816320679        0.834672083209        4.609100931453        6.638387902065
      100000 261200000  -288717.558388724923     5483.454586783424        0.947172906575        0.817288566615       10.390755927200        8.107775008570
      100000 261300000  -288624.673468145076     5522.902091933414        0.958893432828        0.898500398474        6.291527967567        2.502066876907
      100000 261400000  -288689.300587491598     5492.756519800052        0.950751311489        0.836438751582        9.030734007299        6.497272362759
      100000 261500000  -288628.692767214030     5481.856590573676        0.959146029344        0.813998721059        6.214443679269        8.402375766961
      100000 261600000  -288626.946665071184     5472.027636473067        0.959639368243        0.793763541046        6.065262789032       10.330019128106
      100000 261700000  -288628.079282656545     5510.575139403343        0.958625096730        0.873122509748        6.373935935753        3.909663661554
      100000 261800000  -288525.072377567412     5496.170216764323        0.972731774503        0.843466637955        2.768518721791        5.950919362750
      100000 261900000  -288653.916716477135     5484.167938038707        0.955701769125        0.818757165503        7.306450994009        7.977961391640
      100000 262000000  -288704.505012897775     5500.256703463383        0.948552583751        0.851879617925        9.855095766602        5.328437626167
      100000 262100000  -288695.604231492151     5518.898225340992        0.949425091774        0.890257511142        9.523660777397        2.924959451207
      100000 262200000  -288721.129867905052     5505.515375239775        0.946219293592        0.862705812547       10.769281170412        4.577986855493
      100000 262300000  -288677.999698953936     5503.437010226771        0.952050061309        0.858427016478        8.560710755611        4.867780741208
      100000 262400000  -288774.396453509107     5500.500978300348        0.939162171135        0.852382514291       13.781012445369        5.292316966449
      100000 262500000  -288572.091097822646     5494.973931440152        0.966443082213        0.841003807359        4.192739104099        6.139651050557
      100000 262600000  -288558.262314968975     5502.099442514591        0.968154997835        0.855673323342        3.775863419985        5.058985818398
      100000 262700000  -288690.467514163116     5491.438233107328        0.950623802999        0.833724752894        9.077557016917        6.714681894171
      100000 262800000  -288727.130520215724     5491.395173443481        0.945701373311        0.833636104596       10.977701118968        6.721843559001
      100000 262900000  -288627.768798820674     5494.362202828750        0.958979363702        0.839744422236        6.265251318753        6.237298771656
      100000 263000000  -288825.103722342523     5484.889517504722        0.932695966465        0.820242704070       16.866147566380        7.847716250967
      100000 263100000  -288605.617254031124     5518.484731212258        0.961515354936        0.889406237645        5.514532266275        2.970513324319
      100000 263200000  -288833.881150129484     5496.109734616242        0.931263821065        0.843342121435       17.591565228046        5.960390602247
      100000 263300000  -288717.633716990706     5489.311832549050        0.947023820453        0.829347064522       10.449487283949        7.072904031945
      100000 263400000  -288634.090547857573     5511.729707959108        0.957798370269        0.875499456708        6.631200458573        3.764547074984
      100000 263500000  -288729.665435130941     5469.271373374388        0.945922883947        0.788089134655       10.888316996499       10.906281147994
      100000 263600000  -288734.104395747650     5498.257285761647        0.944618072696        0.847763353193       11.420098285251        5.628707206361
      100000 263700000  -288599.891351189697     5517.867834559642        0.962293487735        0.888136212911        5.293786692831        3.039129983120
      100000 263800000  -288607.053980368888     5500.679295646958        0.961630679519        0.852749621876        5.481531662383        5.266026938909
      100000 263900000  -288711.499867956387     5499.401266967878        0.947630377054        0.850118503640       10.211572033917        5.455898467439
      100000 264000000  -288605.949140139390     5479.808428215794        0.962251957353        0.809782104155        5.305454388727        8.787654743015
      100000 264100000  -288556.140400358941     5507.559221990407        0.968338247841        0.866913544773        3.732532528183        4.301678556506
      100000 264200000  -288576.613770498661     5497.610622813925        0.965780407204        0.846432047642        4.359968842114        5.727583458123
      100000 264300000  -288588.362623832421     5499.360390607268        0.964167019505        0.850034350178        4.780789010453        5.462026797476
      100000 264400000  -288525.432739981450     5463.265402047895        0.973524724800        0.775724450712        2.609844773284       12.216142697638
      100000 264500000  -288730.247303055599     5481.336189693771        0.945521538338        0.812927355238       11.050536986420        8.499449766043
      100000 264600000  -288649.099683622597     5488.340517088771        0.956249489043        0.827347386531        7.126888594749        7.239633025591
      100000 264700000  -288675.003364021424     5517.181784445420        0.952217237811        0.886723819749        8.501121322081        3.116358633274
      100000 264800000  -288652.527062758105     5503.407133556902        0.955471291614        0.858365508428        7.382677666861        4.872011389327
      100000 264900000  -288731.853634698316     5499.662782581523        0.944891862034        0.850656894140       11.307463256584        5.416772514705
      100000 265000000  -288606.450084560784     5482.133808681741        0.962126034791        0.814569438784        5.340910039858        8.350891950959
      100000 265100000  -288602.158686770126     5519.587700739503        0.961963585580        0.891676956045        5.386824817051        2.849784041139
      100000 265200000  -288687.440054475097     5499.781215640716        0.950853687133        0.850900716041        8.993227778739        5.399099792095
      100000 265300000  -288641.425549266161     5494.523899887688        0.957141953688        0.840077313107        6.839092076154        6.211412829790
      100000 265400000  -288778.363848260371     5460.000849097967        0.939658976692        0.769003611859       13.556858188629       12.959272370813
      100000 265500000  -288715.994419385213     5454.714488150552        0.948202270712        0.758120412661        9.989762291837       14.209168915686
      100000 265600000  -288626.537219849182     5488.671134586446        0.959271700513        0.828028039275        6.176269900595        7.182663568413
      100000 265700000  -288687.079605815234     5469.205306082033        0.951643518459        0.787953119822        8.706489860207       10.920286018154
      100000 265800000  -288683.032241220586     5492.387420674786        0.951601199227        0.835678875489        8.721735518066        6.557782911279
      100000 265900000  -288597.299290064489     5487.088201555423        0.963234897555        0.824769204764        5.032749009912        7.457462923849
      100000 266000000  -288530.253619729541     5472.145462010987        0.972620795369        0.794006112224        2.791099805749       10.305733496931
      100000 266100000  -288727.092326615937     5484.847135684453        0.945858716429        0.820155451270       10.914172325057        7.855336541342
      100000 266200000  -288705.136582939653     5498.200084083714        0.948509264023        0.847645590282        9.871699119351        5.637418766119
      100000 266300000  -288693.425981866894     5479.439236575738        0.950514341361        0.809022037599        9.117849535068        8.858021905059
      100000 266400000  -288707.676811504411     5506.592000206001        0.948006184408        0.864922294563       10.065540258444        4.431365665501
      100000 266500000  -288610.849380201660     5481.747174118645        0.961544911689        0.813773461928        5.506065041069        8.422739691061
      100000 266600000  -288695.834452105686     5499.372638891451        0.949734626315        0.850059566109        9.407441845002        5.460190130006
      100000 266700000  -288726.440861853072     5491.527782980353        0.945791025810        0.833909112062       10.941480466617        6.699800221576
      100000 266800000  -288611.583920042263     5477.065530592576        0.961566379977        0.804135213693        5.499919024940        9.317147378634
      100000 266900000  -288552.571682373295     5482.652555372566        0.969348362323        0.815637399074        3.498171342756        8.254977461384
      100000 267000000  -288692.464710674016     5498.081463154405        0.950213369680        0.847401381607        9.229096297700        5.655505671914
      100000 267100000  -288648.295299825026     5483.585552218370        0.956470877729        0.817558189316        7.054943357951        8.083863781854
      100000 267200000  -288630.287852456095     5484.600516492501        0.958864332824        0.819647728506        6.300438869339        7.899752265715
      100000 267300000  -288745.477748591686     5507.505226507783        0.942913532853        0.866802382558       12.133889771520        4.308867625015
      100000 267400000  -288591.521554022329     5464.304801200517        0.964618654074        0.777864294763        4.661035498698       11.984142957801
      100000 267500000  -288718.011199897854     5502.877449817024        0.946687689532        0.857275031688       10.582510797327        4.947321680418
      100000 267600000  -288685.394875408150     5501.023560138419        0.951103668438        0.853458370120        8.901972865043        5.215455860794
      100000 267700000  -288724.955885847099     5476.844933530316        0.946347726347        0.803681063514       10.717906726346        9.360404667191
      100000 267800000  -288796.540221883450     5452.418562390842        0.937461262385        0.753393717372       14.562365665563       14.769932561741
      100000 267900000  -288510.618578877999     5498.736621387303        0.974619705464        0.848750176671        2.398429883210        5.555971267841
      100000 268000000  -288655.562444916461     5489.312309080735        0.955359219001        0.829348045573        7.419886794558        7.072822710648
      100000 268100000  -288649.430937757948     5501.322850565426        0.955927306272        0.854074528829        7.232241205787        5.171689559014
      100000 268200000  -288559.071331422077     5471.468028019182        0.968769733553        0.792611457347        3.631491986775       10.445753151925
      100000 268300000  -288656.720445440151     5510.136294926517        0.954786444036        0.872219046685        7.611513830723        3.965541387272
      100000 268400000  -288803.102692575427     5482.156512144953        0.935717439590        0.814616179125       15.385798642290        8.346682565618
      100000 268500000  -288643.077966818586     5507.143017415889        0.956671062751        0.866056691195        6.990202952585        4.357248061167
      100000 268600000  -288662.192911913618     5500.590129225515        0.954227962508        0.852566052132        7.800711227601        5.279164912311
      100000 268700000  -288717.039636208676     5478.701927976683        0.947362301769        0.807504116966       10.316383806934        8.999391186935
      100000 268800000  -288605.375812077662     5497.099147234112        0.961928602241        0.845379056619        5.396738253197        5.806399005193
      100000 268900000  -288729.330156148644     5490.260718519799        0.945431511559        0.831300566210       11.087089642864        6.911900680776
      100000 269000000  -288717.596491508419     5508.620941673405        0.946637858731        0.869099340809       10.602302902668        4.161538398788
      100000 269100000  -288583.625677414471     5487.410293797031        0.965063530870        0.825432306293        4.544558858898        7.401129234142
      100000 269200000  -288697.892068405636     5495.851626386866        0.949530923589        0.842810745825        9.483844521482        6.000893866110
      100000 269300000  -288694.108339001657     5493.444785691798        0.950090637736        0.837855706435        9.274654756493        6.385186355110
      100000 269400000  -288660.168464751216     5492.302595815621        0.954673396356        0.835504243857        7.649623626400        6.571728834075
      100000 269500000  -288709.014936031541     5471.114745455794        0.948644005167        0.791884143312        9.820102121738       10.519148381574
      100000 269600000  -288698.207326989388     5484.129839147441        0.949755011596        0.818678730105        9.399812956592        7.984868036835
      100000 269700000  -288627.930109770270     5519.532475942746        0.958503603747        0.891563263002        6.411423657994        2.855769298563
      100000 269800000  -288721.444543443155     5526.014719783328        0.945857179638        0.904908464298       10.914791927570        2.196109352517
      100000 269900000  -288616.471878989134     5504.382026580162        0.960294649091        0.860372551662        5.869914674275        4.734911237864
      100000 270000000  -288650.401778323809     5477.349984209985        0.956346147797        0.804720827391        7.095432267249        9.261516221614
      100000 270100000  -288660.117540994659     5490.599730512127        0.954718251513        0.831998500967        7.634490999736        6.854827853748
      100000 270200000  -288612.139863958349     5493.079431337304        0.961105970855        0.837103539821        5.632479007387        6.444563882494
      100000 270300000  -288727.530766112497     5456.734671575949        0.946588026676        0.762279428448       10.622113997879       13.724728769782
      100000 270400000  -288650.956372714601     5486.169048230164        0.956051156078        0.822876914617        7.191651304738        7.619396544369
      100000 270500000  -288617.477415534668     5479.098430525512        0.960722057371        0.808320409358        5.744221445785        8.923227909680
      100000 270600000  -288681.891879761126     5503.826217301190        0.951520010755        0.859228289445        8.751021297498        4.812835465029
      100000 270700000  -288642.713797323639     5517.342137726955        0.956550894356        0.887053944144        7.029029951304        3.098220894316
      100000 270800000  -288576.277574668871     5504.971855499782        0.965681239138        0.861586851194        4.385275758181        4.652913045352
      100000 270900000  -288697.742476542946     5503.171575743705        0.949403904813        0.857880558076        9.531641797922        4.905431617357
      100000 271000000  -288675.400070637930     5495.244485976174        0.952564189468        0.841560806576        8.378115874605        6.096709258760
      100000 271100000  -288720.701575853163     5452.439388500527        0.947644771461        0.753436592746       10.205959263901       14.764797158714
      100000 271200000  -288730.671930599259     5511.285986253992        0.944836122550        0.874585952739       11.330348839202        3.819993339111
      100000 271300000  -288723.977183014387     5511.921938807704        0.945724490393        0.875895208462       10.968355822215        3.740652267744
      100000 271400000  -288699.425383806927     5489.564549242146        0.949463193384        0.829867340405        9.509316505241        7.029842927624
      100000 271500000  -288648.663796553621     5474.118566256948        0.956665720215        0.798068204608        6.991926868044        9.903293548184
      100000 271600000  -288683.462715525879     5476.903848324902        0.951918196791        0.803802353273        8.607860187991        9.348842150255
      100000 271700000  -288692.281453333097     5490.815082984045        0.950394181072        0.832441853941        9.162182929202        6.818696054225
      100000 271800000  -288671.212412354769     5470.531349819154        0.953736771239        0.790683088184        7.969032351440       10.640912609442
      100000 271900000  -288657.736169821816     5485.834733612835        0.955148679872        0.822188650495        7.490040600656        7.678726429257
      100000 272000000  -288610.676476625027     5521.597489287145        0.960791074073        0.895814571567        5.724052420322        2.636235494098
      100000 272100000  -288645.965266990941     5506.612132134847        0.956292921761        0.864963740804        7.112745376980        4.428646707943
      100000 272200000  -288648.715802100953     5510.001937552355        0.955863677311        0.871942440891        7.253139051706        3.982728282641
      100000 272300000  -288688.034965348197     5529.207590173930        0.950304313062        0.911481727989        9.195410199927        1.902988193283
      100000 272400000  -288708.538703942439     5507.849573876709        0.947867849974        0.867511301424       10.119172142084        4.263123433075
      100000 272500000  -288577.217351321364     5465.859890860505        0.966493478619        0.781065807242        4.180155092705       11.641191338949
      100000 272600000  -288588.918267623987     5498.469445860013        0.964110455425        0.848200133927        4.795894333343        5.596454998121
      100000 272700000  -288709.790272558108     5487.010661936365        0.948130565684        0.824609571487       10.017439643864        7.471056441911
      100000 272800000  -288629.725422219839     5504.954962899908        0.958504163693        0.861552073862        6.411250629608        4.655251497032
      100000 272900000  -288679.692929045530     5484.385789209045        0.952235044714        0.819205662627        8.494786383078        7.938526280841
      100000 273000000  -288635.315521321958     5492.104635089636        0.958015219732        0.835096695822        6.563227831994        6.604332872635
      100000 273100000  -288561.435815567151     5508.075100491755        0.967617955689        0.867975600230        3.904291512396        4.233296061222
      100000 273200000  -288723.752388792578     5486.913076387718        0.946257924686        0.824408669018       10.753815412148        7.488181815693
      100000 273300000  -288690.687743474962     5501.066514348611        0.950392056235        0.853546801317        9.162967859680        5.209163180068
      100000 273400000  -288656.277854859130     5466.887709997594        0.955846551998        0.783181811147        7.258768717395       11.417254020523
      100000 273500000  -288585.801764641656     5495.626124205999        0.964588041732        0.842346497322        4.669104549485        6.036392730260
      100000 273600000  -288561.587442013202     5477.020874495618        0.968281467741        0.804043278768        3.745931887922        9.325895988250
      100000 273700000  -288686.286384066334     5479.006485012360        0.951484225887        0.808131118210        8.763944968388        8.940860690238
      100000 273800000  -288594.982497864636     5477.823160801083        0.963775899051        0.805694971069        4.885724141026        9.169345159398
      100000 273900000  -288645.542904808884     5481.099374295212        0.956902255591        0.812439815855        6.915805865664        8.543809177389
      100000 274000000  -288630.768784553278     5489.152730392292        0.958692363567        0.829019515858        6.353227441294        7.100081338886
      100000 274100000  -288677.425152763026     5489.302888737991        0.952423541752        0.829328651614        8.427871946167        7.074430401898
      100000 274200000  -288605.275235859910     5476.444002402015        0.962429959757        0.802855653865        5.255536197917        9.439280506114
      100000 274300000  -288661.908533818321     5500.370805900544        0.954270499930        0.852114524237        7.786219062452        5.311550131271
      100000 274400000  -288748.778672450921     5465.377340943553        0.943469119578        0.780072366400       11.898856028089       11.747077707880
      100000 274500000  -288581.867273127893     5471.400080214255        0.965710411532        0.792471571043        4.377823588015       10.459849500649
      100000 274600000  -288659.414888784289     5460.952090073377        0.955602978603        0.770961961871        7.339075907290       12.740470572630
      100000 274700000  -288588.591757850489     5470.673264465295        0.964827724126        0.790975252374        4.606113687278       10.611228205159
      100000 274800000  -288798.547654171241     5486.669315212406        0.936219595239        0.823906830144       15.146359241526        7.531045329325
      100000 274900000  -288661.745992995566     5498.064509940334        0.954338863618        0.847366479486        7.762956320944        5.658093004811
      100000 275000000  -288706.670819219435     5486.369289726019        0.948564632915        0.823289158145        9.850480111649        7.583970426932
      100000 275100000  -288741.651893254369     5501.316265241243        0.943543293676        0.854060971413       11.867651565009        5.172650570188
      100000 275200000  -288643.976089597214     5472.683751266450        0.957334414080        0.795114305412        6.777806084875       10.195147464693
      100000 275300000  -288617.189576610457     5469.860361671075        0.961010297395        0.789301703570        5.660223190812       10.781825222815
      100000 275400000  -288730.701581541216     5516.388685421087        0.944749802547        0.885091041596       11.365835864489        3.206845338691
      100000 275500000  -288695.810807212954     5503.478607851081        0.949657457634        0.858512654828        9.436349105765        4.861893422603
      100000 275600000  -288638.516777865123     5486.696530085057        0.957709132946        0.823962858267        6.659274076825        7.526253738532
      100000 275700000  -288691.135436862241     5498.324420000426        0.950386904285        0.847901564583        9.164871167916        5.618491554322
      100000 275800000  -288683.719439490233     5474.285942208953        0.951953643074        0.798412786797        8.595173301827        9.869523859076
      100000 275900000  -288738.137317486107     5458.491443527862        0.945108042366        0.765896150668       11.218922556425       13.310284815363
      100000 276000000  -288544.429481978295     5508.082177412696        0.969901571953        0.867990169712        3.373038821503        4.232361786536
      100000 276100000  -288549.216931398958     5489.697345153429        0.969631312140        0.830140731566        3.433885158394        7.007268158669
      100000 276200000  -288681.623274930520     5505.567646697164        0.951523580454        0.862813425457        8.749732627260        4.570813100766
      100000 276300000  -288736.460775496438     5472.900342225097        0.944908903959        0.795560208099       11.300470781717       10.150819364935
      100000 276400000  -288671.273080368293     5503.184303252026        0.952958176737        0.857906760602        8.239521722237        4.903622957724
      100000 276500000  -288694.760798106436     5479.505212062970        0.950333400529        0.809157863430        9.184648987582        8.845426521527
      100000 276600000  -288571.561008183518     5490.717626678757        0.966607648322        0.832241217550        4.151716808997        6.835035428701
      100000 276700000  -288604.281761800405     5466.913610330783        0.962828234649        0.783235132986        5.144700356068       11.411639047717
      100000 276800000  -288504.742507168325     5467.912225568667        0.976166203285        0.785291013896        2.115047731503       11.196200865481
      100000 276900000  -288525.965232047485     5477.260146202520        0.973058804600        0.804535875031        2.702510778228        9.279068021256
      100000 277000000  -288713.201308030169     5487.132708090357        0.947669633048        0.824860831781       10.196268690449        7.449666047340
      100000 277100000  -288790.318711798172     5472.272166488692        0.937693744935        0.794266962757       14.454298142133       10.279649674435
      100000 277200000  -288726.682275546715     5503.232872948050        0.945516475919        0.858006752578       11.052590827048        4.896723960569
      100000 277300000  -288759.429468607530     5486.157214283943        0.941484833081        0.822852551696       12.748838148496        7.621492753590
      100000 277400000  -288713.528198885033     5509.091091820039        0.947175946554        0.870067253850       10.389560072527        4.100222966904
      100000 277500000  -288695.299053082010     5500.297409845516        0.949788021633        0.851963421447        9.387466003898        5.322409886962
      100000 277600000  -288570.477977510542     5503.100687228143        0.966495317542        0.857734617638        4.179696270400        4.915511426378
      100000 277700000  -288672.951979172649     5478.501210640185        0.953287926694        0.807090893810        8.124413118302        9.038069918390
      100000 277800000  -288512.669674898731     5504.161638417281        0.974238149231        0.859918831551        2.471085836665        4.765733471962
      100000 277900000  -288711.888747101650     5496.513980062678        0.947637420844        0.844174354376       10.208825276460        5.897230581377
      100000 278000000  -288474.297801724402     5505.705281486735        0.979362312141        0.863096778570        1.585826935944        4.551950955070
      100000 278100000  -288633.327278628480     5486.929513193667        0.958400518825        0.824442507993        6.443317610056        7.485295933162
      100000 278200000  -288631.213559063850     5481.586518341675        0.958814273821        0.813442714777        6.315782516968        8.452684628448
      100000 278300000  -288787.941218958702     5491.818350299262        0.937525814076        0.834507312231       14.532319002579        6.651626546282
      100000 278400000  -288656.781480815727     5495.758829245344        0.955053530581        0.842619701402        7.521853621824        6.015489443763
      100000 278500000  -288690.299096184317     5493.647336076945        0.950597767603        0.838272703347        9.087132485154        6.352386197441
      100000 278600000  -288592.886717816116     5513.854617464356        0.963296636582        0.879874075402        5.015860378506        3.504642521556
      100000 278700000  -288547.318614101736     5491.305238191038        0.969849914148        0.833450952035        3.384627022057        6.736813863803
      100000 278800000  -288726.506656990387     5497.311175357550        0.945657821248        0.845815565652       10.995318259877        5.773661292819
      100000 278900000  -288666.929433442187     5486.318654943258        0.953902614836        0.823184914710        7.912000268794        7.592920781192
      100000 279000000  -288641.458233790006     5523.946123342961        0.956625365323        0.900649779100        7.004955345004        2.397220115300
      100000 279100000  -288637.600685087265     5472.677739519626        0.958190718012        0.795101928838        6.508473331655       10.196379222820
      100000 279200000  -288521.035155182006     5469.129599457607        0.973943405351        0.787797260190        2.527953173028       10.936345271475
      100000 279300000  -288626.304984593764     5523.692301559262        0.958663655848        0.900127228131        6.362061161188        2.422503682989
      100000 279400000  -288733.002236770699     5465.464640971273        0.945585123892        0.780252093740       11.024756358938       11.727885864471
      100000 279500000  -288608.042834539199     5500.232048456557        0.961506760029        0.851828859879        5.516995699907        5.332090160918
      100000 279600000  -288549.385185392806     5491.922186012380        0.969558653278        0.834721082112        3.450336357286        6.634453593506
      100000 279700000  -288666.600645826664     5498.165298643522        0.953684878926        0.847573976391        7.986919708555        5.642719726887
      100000 279800000  -288760.518985558534     5467.510635658167        0.941830164977        0.784464247991       12.598805615356       11.282591838417
      100000 279900000  -288653.988042236771     5494.198525886051        0.955461967430        0.839407455315        7.385769813673        6.263556491532
      100000 280000000  -288674.170591775561     5496.815057895146        0.952696218178        0.844794192873        8.331542940378        5.850408243565
      100000 280100000  -288624.688585911179     5492.881286886521        0.959425171459        0.836695613546        6.129811191721        6.476881326295
      100000 280200000  -288728.461677250685     5473.911621352658        0.945955462566        0.797642160561       10.875201671240        9.945126388077
      100000 280300000  -288624.404763027327     5506.139340804890        0.959196836994        0.863990390275        6.198996223830        4.492720776366
      100000 280400000  -288595.217230308801     5476.158019334078        0.963788208808        0.802266891439        4.882404149276        9.495744639091
      100000 280500000  -288644.536095297430     5495.893840629607        0.956695084612        0.842897653627        6.982454267673        5.994260075151
      100000 280600000  -288702.036723965779     5461.610160133801        0.949859209231        0.772316751607        9.360866875257       12.590193270320
      100000 280700000  -288665.269487418002     5494.020595560782        0.953950849455        0.839041144503        7.895451275887        6.292163364145
      100000 280800000  -288809.240685994970     5469.304335589521        0.935235967257        0.788156995015       15.617139100026       10.899297214875
      100000 280900000  -288647.276852390030     5491.793512676843        0.956415862908        0.834456178229        7.072787582276        6.655737626198
      100000 281000000  -288678.894699654309     5447.684024747461        0.953419499517        0.743646574338        8.078709879497       15.960573397741
      100000 281100000  -288500.978846313665     5512.457012210041        0.975661550282        0.876996781071        2.205563339318        3.674541805791
      100000 281200000  -288628.484409214696     5464.902155379765        0.959637226798        0.779094086786        6.065906424791       11.851816576620
      100000 281300000  -288664.916177363601     5467.146866858006        0.954678995051        0.783715345607        7.647733995981       11.361133233978
      100000 281400000  -288542.184279610636     5496.375267616473        0.970429551769        0.843888782657        3.255738584299        5.918865344039
      100000 281500000  -288584.744644396473     5500.117983294651        0.964637692230        0.851594030307        4.656020785744        5.349004718943
      100000 281600000  -288753.861909943167     5480.521149588749        0.942370953575        0.811249406285       12.365639411681        8.652605271922
      100000 281700000  -288685.822912605479     5475.369647819549        0.951641998156        0.800643845961        8.707037324032        9.652271570770
      100000 281800000  -288725.268527557608     5475.122994376346        0.946351548135        0.800136052682       10.716379853152        9.701506077068
      100000 281900000  -288499.324671860086     5500.284104691818        0.976105238562        0.851936029704        2.125881776253        5.324379718618
      100000 282000000  -288712.426707365084     5494.322869377211        0.947611693052        0.839663445210       10.218859734427        6.243603769211
      100000 282100000  -288660.654472009279     5472.282005748712        0.955105787958        0.794287219154        7.504373101404       10.277625513241
      100000 282200000  -288564.749373708153     5458.330042919144        0.968396991228        0.765563870108        3.718695125911       13.348096134291
      100000 282300000  -288706.996683253907     5490.760644494556        0.948419331759        0.832329779694        9.906212494698        6.827820717174
      100000 282400000  -288655.801619382109     5477.910400815308        0.955606362741        0.805874574857        7.337957116143        9.152401820229
      100000 282500000  -288584.929609710118     5506.951529444195        0.964483122273        0.865662468826        4.696813021995        4.382934338113
      100000 282600000  -288620.081839306513     5496.819427943788        0.959959582227        0.844803189631        5.969403164668        5.849730006297
      100000 282700000  -288675.110544762341     5465.435885594226        0.953360115762        0.780192894132        8.099321505792       11.734205649525
      100000 282800000  -288539.718585116090     5514.795959306881        0.970421401076        0.881812045754        3.257533631916        3.392475108651
      100000 282900000  -288677.899029248627     5512.700726591051        0.951899325260        0.877498523609        8.614618477678        3.644625293364
      100000 283000000  -288732.913064024411     5512.651865472086        0.944512420199        0.877397931671       11.463712252416        3.650613310092
      100000 283100000  -288620.362940221559     5499.240057500079        0.959872195383        0.849786616588        5.995487634912        5.480087535367
      100000 283200000  -288704.997077186126     5496.612389227375        0.948560829549        0.844376952450        9.851936944472        5.881905878506
      100000 283300000  -288703.675277391216     5510.720559519716        0.948471008363        0.873421890761        9.886373163202        3.891234890167
      100000 283400000  -288771.301005518064     5472.678572267294        0.940236384197        0.795103643242       13.298646488106       10.196208595142
      100000 283500000  -288648.057729377644     5501.619974798523        0.956105901049        0.854686227925        7.173745872156        5.128422440616
      100000 283600000  -288693.405788531993     5486.216979510151        0.950349581155        0.822975592266        9.178665523278        7.610909173044
      100000 283700000  -288547.994565276895     5478.656165871769        0.970064161784        0.807409905067        3.336695359213        9.008202359397
      100000 283800000  -288655.171942490386     5479.724457814358        0.955644085469        0.809609231623        7.325491809132        8.803634674177
      100000 283900000  -288622.788147895830     5511.199262797832        0.959325051117        0.874407412405        6.160099723046        3.830877420557
      100000 284000000  -288622.026507284958     5502.362650659867        0.959587158231        0.856215198311        6.080964835953        5.021069174474
      100000 284100000  -288562.149164080620     5493.388129000552        0.967812368267        0.837739065505        3.857551730775        6.394376218532
      100000 284200000  -288563.956075601047     5528.593112099916        0.966973940439        0.910216682460        4.061133169486        1.957769401953
      100000 284300000  -288716.436691380572     5508.588926096447        0.946794168566        0.869033429324       10.540280766529        4.165730314013
      100000 284400000  -288621.465118998196     5484.206543882377        0.960058680681        0.818836644580        5.939891655469        7.970965893283
      100000 284500000  -288587.105577982264     5492.677430501208        0.964476584091        0.836275927930        4.698542422082        6.510214746019
      100000 284600000  -288559.149672559462     5487.677985784598        0.968344092293        0.825983412290        3.731154676778        7.354472624578
      100000 284700000  -288595.772778741550     5512.178450523876        0.962936501392        0.876423297280        5.114775019652        3.708885665166
      100000 284800000  -288707.604161325842     5502.701336431317        0.948088606704        0.856912461467       10.033653105925        4.972489384547
      100000 284900000  -288722.615426070523     5478.149363037199        0.946627867590        0.806366533974       10.606273471214        9.106071957133
      100000 285000000  -288662.556392679922     5510.580934019759        0.953995145583        0.873134439309        7.880268815123        3.908928489729
      100000 285100000  -288654.925765933003     5474.665915773250        0.955810013596        0.799195050444        7.270787418811        9.793074666912
      100000 285200000  -288648.858055787627     5489.925433983095        0.956245537428        0.830610305284        7.128176076489        6.968578709183
      100000 285300000  -288668.523828546051     5487.187211167067        0.953667988356        0.824973038996        7.992746238771        7.440123481639
      100000 285400000  -288629.465052901534     5496.035553322174        0.958715953576        0.843189402049        6.345973097310        5.972017350865
      100000 285500000  -288652.739937684964     5513.691453073174        0.955261720037        0.879538163687        7.452333417223        3.524270199324
      100000 285600000  -288609.402754769893     5513.220408114605        0.961089021979        0.878568408468        5.637389015097        3.581241539172
      100000 285700000  -288612.876066448400     5521.246245884337        0.960500627413        0.895091455617        5.809170265532        2.672956933357
      100000 285800000  -288697.657554963138     5483.352592108771        0.949847848093        0.817078586938        9.365109415039        8.126421310177
      100000 285900000  -288785.445339897182     5481.852848672308        0.938096177562        0.813991017488       14.268182134237        8.403071779814
      100000 286000000  -288584.698867948493     5533.153438633308        0.964136329999        0.919605171548        4.788981624272        1.569735444669
      100000 286100000  -288637.928391279653     5497.331104353070        0.957552381822        0.845856594108        6.708730769757        5.770588960745
      100000 286200000  -288637.031255970243     5480.764369996265        0.958053718765        0.811750131863        6.551196706787        8.606758168940
      100000 286300000  -288648.949969184818     5508.871531710960        0.955851847271        0.869615238479        7.257027750193        4.128800637093
      100000 286400000  -288624.919515983434     5505.687608054839        0.959135990839        0.863060393714        6.217498040352        4.554370826353
      100000 286500000  -288633.303447974147     5486.176786002703        0.958421543016        0.822892844615        6.436806408242        7.618026067854
      100000 286600000  -288636.165438800119     5470.277136603370        0.958450303868        0.790159731362        6.427904490185       10.694190256823
      100000 286700000  -288692.213782442734     5500.325303521007        0.950201781182        0.852020847043        9.233393186617        5.318281403584
      100000 286800000  -288685.550233091461     5481.588906376623        0.951517466047        0.813447631100        8.751940001230        8.452239129002
      100000 286900000  -288650.655725483317     5480.929454470053        0.956219950338        0.812089996513        7.136515459407        8.575709091706
      100000 287000000  -288668.831378012663     5509.267851825804        0.953175100767        0.870431155288        8.163707090484        4.077288215555
      100000 287100000  -288707.813755398849     5480.318042281084        0.948559808999        0.810831262819        9.852327872177        8.690984360829
      100000 287200000  -288626.524493805366     5517.785401451401        0.958718223039        0.887966505253        6.345275415983        3.048358257554
      100000 287300000  -288676.749269092223     5473.926605597138        0.952899396687        0.797673009101        8.260125603884        9.942094439859
      100000 287400000  -288559.072927156696     5486.669968225062        0.968378094362        0.823908174522        3.723143606994        7.530930338696
      100000 287500000  -288565.167015241925     5490.992550224997        0.967460100027        0.832807211387        3.942449493704        6.788992391834
      100000 287600000  -288611.968715971569     5514.036987046711        0.960731221312        0.880249525454        5.741541388624        3.482769442192
      100000 287700000  -288716.383240499767     5476.798058966175        0.947500163395        0.803584561360       10.262415984038        9.369609293520
      100000 287800000  -288736.891142442124     5449.639600474387        0.945564497286        0.747672580204       11.033116073216       15.463191440676
      100000 287900000  -288656.355197836645     5480.593143355101        0.955463083314        0.811397622138        7.385399722860        8.639021741088
      100000 288000000  -288673.813020373927     5494.261895195581        0.952798350318        0.839537915725        8.295605022340        6.253383986453
      100000 288100000  -288663.755204506218     5486.896706266329        0.954315195680        0.824374967330        7.771006089368        7.491056542947
      100000 288200000  -288634.842824388063     5479.335194858722        0.958384009631        0.808807843611        6.448432822235        8.877902722735
      100000 288300000  -288646.736941090552     5484.437159752473        0.956659382292        0.819311420797        6.993972247897        7.929241493909
      100000 288400000  -288713.072918256046     5481.015593790449        0.947835915354        0.812267334268       10.131573353258        8.559530289587
      100000 288500000  -288670.971322874771     5479.878534867428        0.953518486706        0.809926434946        8.044410588003        8.774324262531
      100000 288600000  -288635.418618261348     5499.165885545313        0.957851899682        0.849633916428        6.614388826064        5.491234818682
      100000 288700000  -288736.368790032109     5498.853323126212        0.944301856366        0.848990434248       11.550882145786        5.538334169687
      100000 288800000  -288775.553991361521     5503.364436112344        0.938951098490        0.858277605843       13.876802868552        4.878060696787
      100000 288900000  -288587.642021567561     5517.959953425452        0.963937039625        0.888325860946        4.842353165976        3.028833953009
      100000 289000000  -288659.414016061928     5493.899149376899        0.954739794413        0.838791119386        7.627228472772        6.311726385205
      100000 289100000  -288675.669276040979     5484.208580223843        0.952779678596        0.818840836860        8.302169363654        7.970596987099
      100000 289200000  -288578.784596195910     5509.547129712999        0.965262429078        0.871006113545        4.492960537138        4.041182788921
      100000 289300000  -288491.883154905634     5475.712946109474        0.977676551435        0.801350605055        1.855480024280        9.583954258597
      100000 289400000  -288560.801150560379     5497.811535716057        0.967899710144        0.846845673415        3.836645024544        5.696771226517
      100000 289500000  -288653.703082250664     5530.776665516198        0.954896352148        0.914712033237        7.574553662186        1.766630651487
      100000 289600000  -288837.519486378413     5485.452230580151        0.931015142176        0.821401179352       17.719083645012        7.746890414738
      100000 289700000  -288626.634439374553     5486.861744238995        0.959300883237        0.824302989893        6.167422204592        7.497198008378
      100000 289800000  -288534.434674958698     5502.132708790712        0.971354112642        0.855741809682        3.055331030563        5.054185746464
      100000 289900000  -288593.749546870589     5467.799471959472        0.964216903811        0.785058884459        4.767487279222       11.220423165307
      100000 290000000  -288546.742221808061     5475.428384482861        0.970317254748        0.800764768995        3.280513586876        9.640565606779
      100000 290100000  -288637.412468324183     5488.684385105968        0.957810982235        0.828055318540        6.627237579688        7.180385031322
      100000 290200000  -288631.839552828809     5466.623285773210        0.959136024451        0.782637432597        6.217487811945       11.474657975381
      100000 290300000  -288610.884260893334     5488.258548416197        0.961383252329        0.827178635021        5.552455671077        7.253792047302
      100000 290400000  -288735.884997590445     5461.807820976712        0.945307763722        0.772723682263       11.137432215471       12.545229424654
      100000 290500000  -288627.097117015393     5498.956820882857        0.958973602635        0.849203508367        6.267011265435        5.522716044747
      100000 290600000  -288685.045874526026     5488.113079475239        0.951427637422        0.826879153492        8.784401301850        7.278953970871
      100000 290700000  -288699.209888690617     5509.237575487234        0.949096166817        0.870368824428        9.647942026433        4.081212029341
      100000 290800000  -288625.512867125683     5495.522249980830        0.959257529013        0.842132648156        6.180568741342        6.052779972404
      100000 290900000  -288654.528645260958     5464.940204456449        0.956138677253        0.779172419629        7.163036442834       11.843412800834
      100000 291000000  -288668.248027540278     5503.641268649139        0.953355713513        0.858847529780        8.100850536607        4.838906213636
      100000 291100000  -288593.237981752492     5484.866176409647        0.963833251119        0.820194651016        4.870265672389        7.851912543908
      100000 291200000  -288601.912415271159     5465.520763202570        0.963187221150        0.780367634361        5.045810252502       11.715556363848
      100000 291300000  -288573.290089857066     5516.874600503594        0.965880767073        0.886091410411        4.334432345992        3.151252389835
      100000 291400000  -288680.818714738591     5473.100840442814        0.952375450441        0.795972980148        8.444918707474       10.109870931058
      100000 291500000  -288617.080267177895     5464.927452404052        0.961167912659        0.779146166574        5.614552960426       11.846228973100
      100000 291600000  -288754.497783439467     5483.502699496225        0.942211219393        0.817387617785       12.434283709535        8.098986648660
      100000 291700000  -288653.015337891644     5512.062458854169        0.955251455484        0.876184501545        7.455753470480        3.723233382409
      100000 291800000  -288694.623287116410     5469.241762661375        0.950629456785        0.788028174140        9.075478297565       10.912556882354
      100000 291900000  -288626.816239003791     5466.491259406321        0.959814449944        0.782365625722        6.012755520545       11.503373508290
      100000 292000000  -288628.377210612642     5484.144088781439        0.959131991620        0.818708066279        6.218715069790        7.982284484118
      100000 292100000  -288738.664167087292     5472.466923499480        0.944624940468        0.794667915201       11.417266106088       10.239620767231
      100000 292200000  -288593.197166723199     5490.315656863153        0.963711255858        0.831413669522        4.903177195993        6.902635720213
      100000 292300000  -288571.051531791454     5474.746856830083        0.967071111361        0.799361686368        4.037270588315        9.776828045921
      100000 292400000  -288652.143312509870     5506.496148990467        0.955465391192        0.864724962621        7.384634328094        4.444322485012
      100000 292500000  -288663.226571375737     5496.614235441200        0.954170056864        0.844380753309        7.820460880535        5.881618568593
      100000 292600000  -288606.407532504760     5494.680945753120        0.961841073988        0.840400628419        5.421581578942        6.186323020692
      100000 292700000  -288705.401056002825     5492.270297143608        0.948599928520        0.835437749555        9.836965699815        6.577042902389
      100000 292800000  -288625.221423444338     5473.583071415313        0.959828303631        0.796965764369        6.008610524635       10.011722158509
      100000 292900000  -288628.749934321502     5502.594682542607        0.958679811805        0.856692889719        6.357089018433        4.987761936047
      100000 293000000  -288542.882750675315     5512.187219154090        0.970038837053        0.876441349537        3.342343215519        3.707802145903
      100000 293100000  -288553.763034165837     5516.965252968483        0.968501625286        0.886278039520        3.694111515888        3.140934754611
      100000 293200000  -288622.760238610208     5490.038463230245        0.959747584431        0.830843002186        6.032781647830        6.949445870293
      100000 293300000  -288659.462063605431     5491.561191990972        0.954784710769        0.833977892253        7.612097418443        6.694252438276
      100000 293400000  -288713.821232613409     5468.568000339903        0.948070650036        0.786641078247       10.040595787625       11.055842798307
      100000 293500000  -288679.388072676724     5485.524407595396        0.952248518491        0.821549772466        8.489994555771        7.734005047441
      100000 293600000  -288631.620628474047     5501.316487308592        0.958319136759        0.854061428590        6.468552704381        5.172618161946
      100000 293700000  -288689.604696173687     5504.139086498879        0.950478373320        0.859872403200        9.131108745035        4.768893094567
      100000 293800000  -288661.605764175532     5504.189742099494        0.954237333147        0.859976689494        7.797517567390        4.761797488330
      100000 293900000  -288483.666909562889     5479.493752452545        0.978681010769        0.809134271166        1.692259386106        8.847613633244
      100000 294000000  -288654.399184594862     5481.769830454141        0.955696141328        0.813820105245        7.308307584380        8.418521008520
      100000 294100000  -288651.934593196027     5510.525494885631        0.955422467708        0.873020305003        7.398876150322        3.915964970318
      100000 294200000  -288562.174404284684     5478.525356516242        0.968163368985        0.807140603692        3.773878545467        9.033412559166
      100000 294300000  -288599.306504592067     5490.749845122918        0.962881043258        0.832307546684        5.130092952833        6.829631570247
      100000 294400000  -288711.823729603784     5480.470302700065        0.948017454042        0.811144726180       10.061177329794        8.662205313679
      100000 294500000  -288570.801803614479     5500.458936161362        0.966503265684        0.852295960804        4.177713450224        5.298524940747
      100000 294600000  -288642.940231945831     5482.324044805020        0.957221124100        0.814961083934        6.813848105455        8.315653612383
      100000 294700000  -288639.452380811796     5476.400332690217        0.957841545339        0.802765749642        6.617639082481        9.447891705938
      100000 294800000  -288712.452513331315     5474.867293937132        0.948079453289        0.799609634066       10.037191839190        9.752678678916
      100000 294900000  -288682.691032840172     5498.915593986399        0.951508857639        0.849118633246        8.755048211784        5.528934665662
      100000 295000000  -288593.406093710801     5496.051377541386        0.963557895725        0.843221979872        4.944707474284        5.969536203348
      100000 295100000  -288549.428891967051     5492.980664603412        0.969529446036        0.836900205608        3.456960450121        6.460662675156
      100000 295200000  -288709.968370307470     5509.220886567608        0.947651725431        0.870334466419       10.203248275182        4.083375720310
      100000 295300000  -288677.167874507839     5499.825554736890        0.952232227243        0.850991998347        8.495788562229        5.392490888292
      100000 295400000  -288539.465989127755     5482.847912672907        0.971103464650        0.816039587353        3.109032489332        8.219000166591
      100000 295500000  -288596.318174015032     5488.455370489508        0.963334736444        0.827583838875        5.005452373170        7.219816864466
      100000 295600000  -288728.639708252158     5525.486450262368        0.944897741756        0.903820899056       11.305050502609        2.246630576315
      100000 295700000  -288558.057316098828     5526.181784025393        0.967795948028        0.905252404760        3.861488527226        2.180251687255
      100000 295800000  -288593.032687174622     5487.338794667274        0.963801961808        0.825285108763        4.878696243588        7.413615934573
      100000 295900000  -288807.248291098047     5452.977438131347        0.936004835546        0.754544292611       15.248531809741       14.632431807218
      100000 296000000  -288667.907269446412     5497.760340743698        0.953517727151        0.846740276700        8.044673497874        5.704614655924
      100000 296100000  -288593.260010159807     5508.424725982361        0.963338175523        0.868695385333        5.004513427725        4.187262793291
      100000 296200000  -288746.332343388814     5484.815066153184        0.943275793136        0.820089428708       11.980379504087        7.861105130377
      100000 296300000  -288534.180839894572     5514.092332115397        0.971176288082        0.880363466105        3.093381815610        3.476144996979
      100000 296400000  -288690.900840699207     5496.174117504619        0.950462966647        0.843474668533        9.136791187499        5.950308782420
      100000 296500000  -288683.424608372850     5490.736215920188        0.951585322016        0.832279487812        8.727458781804        6.831917275900
      100000 296600000  -288660.978270478779     5488.636421623640        0.954647492242        0.827956574596        7.658369631074        7.188634465064
      100000 296700000  -288627.191391521133     5472.174280873500        0.959602446139        0.794065442531        6.076364929170       10.299797842317
      100000 296800000  -288651.888497160282     5509.114926869981        0.955452985621        0.870116323824        7.388749032198        4.097126598203
      100000 296900000  -288621.763469239464     5500.124227936380        0.959666394281        0.851606886350        6.057142740925        5.348078016972
      100000 297000000  -288620.311268741731     5500.615864759311        0.959851643352        0.852619034693        6.001630557540        5.275371302730
      100000 297100000  -288679.160624555312     5487.791473442689        0.952225445205        0.826217052937        8.498201186982        7.334737147235
      100000 297200000  -288572.110772257438     5511.989207223058        0.966117163653        0.876033696085        4.274577815349        3.732308593001
      100000 297300000  -288666.425210923422     5519.466617635451        0.953335144076        0.891427678413        8.107996821328        2.862915223196
      100000 297400000  -288653.771608415525     5508.912247438915        0.955203647677        0.869699061241        7.471692922074        4.123493633066
      100000 297500000  -288671.420529361349     5518.371747952886        0.952680462989        0.889173635420        8.337093739241        2.983021708135
      100000 297600000  -288810.420956940856     5496.279296353459        0.934410673733        0.843691203570       16.017696145658        5.933857015695
      100000 297700000  -288670.630202490604     5520.103701908141        0.952761232816        0.892739264042        8.308656820318        2.794163299951
      100000 297800000  -288666.658854975598     5519.996273596771        0.953296084982        0.892518097965        8.121575500317        2.805698019441
      100000 297900000  -288587.880782659398     5512.935764088295        0.963983811321        0.877982402770        4.829800774152        3.615889717818
      100000 298000000  -288639.219213378849     5507.393060722388        0.957184757072        0.866571463293        6.825438159189        4.323820791009
      100000 298100000  -288641.427985052578     5503.180537336506        0.956966078335        0.857899007592        6.895338024805        4.904158083458
      100000 298200000  -288663.675297877053     5501.631047745235        0.954008437358        0.854709024153        7.875715920341        5.126813515172
      100000 298300000  -288670.897985379910     5468.644163051620        0.953832533576        0.786797876841        7.936075579766       11.039598775360
      100000 298400000  -288632.652415749151     5472.523857690394        0.958859447186        0.794785127428        6.301935550749       10.227933687806
      100000 298500000  -288580.978844619356     5510.740305395797        0.964947296720        0.873462542223        4.574848791941        3.888735895857
      100000 298600000  -288602.289910780499     5515.216476319358        0.962012190891        0.882677777484        5.373066369720        3.342957090681
      100000 298700000  -288612.185840192484     5486.736030480824        0.961244120915        0.824044178986        5.592537381930        7.519301807864
      100000 298800000  -288594.355226185638     5498.159443737939        0.963386671301        0.847561922711        4.991282375747        5.643612202150
      100000 298900000  -288643.175223319326     5497.522129022516        0.956843847637        0.846249862663        6.934563774807        5.741181329585
      100000 299000000  -288735.107145654270     5488.571023203433        0.944694406283        0.827821936791       11.388639058632        7.199890235843
      100000 299100000  -288573.916018173797     5484.341299728490        0.966440665083        0.819114070720        4.193343138202        7.946571764436
      100000 299200000  -288677.005312897963     5493.504323114641        0.952386068202        0.837978278019        8.441153584586        6.375536350540
      100000 299300000  -288754.355800153455     5494.960277938284        0.941967462843        0.840975698461       12.539402052605        6.141822097263
      100000 299400000  -288696.706886054482     5481.379868045449        0.950024507387        0.813017277248        9.299249039871        8.491280705098
      100000 299500000  -288631.532921427162     5495.824757937342        0.958442709247        0.842755430895        6.430254541487        6.005118040764
      100000 299600000  -288580.839205264812     5510.228655263782        0.964974778934        0.872409191845        4.567678007541        3.953748276263
      100000 299700000  -288708.587558467640     5495.156429236755        0.948109392073        0.841379521370       10.025619746932        6.110668879221
      100000 299800000  -288568.123609841103     5487.688757176511        0.967138751043        0.826005587697        4.020701597177        7.352598343143
      100000 299900000  -288544.761922153644     5479.686320734210        0.970471770382        0.809530717604        3.246448590319        8.810897119318
      100000 300000000  -288703.927840089891     5494.186653232202        0.948755922009        0.839383012705        9.777348114460        6.265463296325
      100000 300100000  -288622.130079671275     5512.276884442195        0.959395407447        0.876625946314        6.138807640742        3.696731499873
      100000 300200000  -288635.293395156041     5506.375158297829        0.957730328053        0.864475875239        6.652600832021        4.460704574109
      100000 300300000  -288690.574314370984     5487.152544767596        0.950707693902        0.824901670179        9.046737408186        7.446192273237
      100000 300400000  -288645.088404560229     5488.314763300121        0.956788751750        0.827294366388        6.952281287149        7.244080167243
      100000 300500000  -288685.578225288074     5482.329462303780        0.951495230670        0.814972237110        8.759969586427        8.314651194496
      100000 300600000  -288522.377532412298     5492.390062944032        0.973175095125        0.835684315212        2.679230585015        6.557348737811
      100000 300700000  -288766.701571544399     5467.546010049991        0.940998895918        0.784537074375       12.961461924679       11.274968680368
      100000 300800000  -288537.964939898346     5502.576036844403        0.970871480391        0.856654503228        3.159152111642        4.990434355048
      100000 300900000  -288666.407916498370     5467.772441145964        0.954460557490        0.785003235265        7.721632543242       11.226233950637
      100000 301000000  -288667.485501290997     5498.990034880117        0.953549266250        0.849271887078        8.033760276143        5.517708626052
      100000 301100000  -288648.074243579526     5505.178779179230        0.956035988113        0.862012851546        7.196616238092        4.624316162097
      100000 301200000  -288709.699081443716     5484.232461906970        0.948209312789        0.818890002840        9.987046192459        7.966271188453
      100000 301300000  -288706.307083372958     5490.363833085634        0.948520892945        0.831512851442        9.867240676649        6.894516256754
      100000 301400000  -288548.032163690776     5503.629224361852        0.969499455835        0.858822733823        3.463768725450        4.840606443864
      100000 301500000  -288637.869160284521     5488.976377772167        0.957742923771        0.828656453117        6.648636675192        7.130266208788
      100000 301600000  -288656.514275569236     5478.284972427413        0.955500916582        0.806645717333        7.372857537732        9.079832370823
      100000 301700000  -288699.275337655097     5488.059956783429        0.949518030679        0.826769788118        9.488690655962        7.288153521138
      100000 301800000  -288630.610625536181     5520.954887978733        0.958123210311        0.894491627842        6.529508220030        2.703610249411
      100000 301900000  -288674.244840296917     5463.795203446411        0.953525169997        0.776815169680        8.042097441648       12.097610130190
      100000 302000000  -288704.748071830720     5503.027278049849        0.948465896195        0.857583487830        9.888334905907        4.925960558355
      100000 302100000  -288699.362712348346     5495.230965889990        0.949346588685        0.841532972345        9.553249245735        6.098851558471
      100000 302200000  -288716.233412121423     5493.382549923845        0.947120867817        0.837727579683       10.411237401012        6.395281516772
      100000 302300000  -288617.265629716916     5483.587778310291        0.960637726774        0.817562772242        5.768913861633        8.083457654714
      100000 302400000  -288764.213053322863     5490.748216766864        0.940736155845        0.832304194336       13.077157319906        6.829904635998
      100000 302500000  -288714.790329549462     5484.046889092773        0.947530138748        0.818507958193       10.250700453274        7.999915728855
      100000 302600000  -288577.628227415029     5474.457898288965        0.966195738942        0.798766798241        4.254775061577        9.834890149323
      100000 302700000  -288679.658653267659     5485.802982619964        0.952205517887        0.822123283718        8.505292060966        7.684373153877
      100000 302800000  -288644.387869470054     5495.616533772089        0.956720850470        0.842326753192        6.974147801913        6.037904790436
      100000 302900000  -288733.960706625367     5516.627332882956        0.944308467414        0.885582352706       11.548140262756        3.179481232497
      100000 303000000  -288667.920972544234     5476.630590935238        0.954012471803        0.803239789605        7.874334243225        9.402531469398
      100000 303100000  -288703.623718566494     5493.741792582907        0.948806384300        0.838467163956        9.758101228685        6.337119186116
      100000 303200000  -288698.289424790302     5474.783732816577        0.949983631719        0.799437604133        9.314467237693        9.769430709949
      100000 303300000  -288650.913209205261     5458.112000027671        0.956833117376        0.765114978281        6.938012596327       13.399262204754
      100000 303400000  -288568.916436997475     5496.003696862608        0.966847559988        0.843123818144        4.092274024064        5.977013825974
      100000 303500000  -288706.727042894112     5496.687803803943        0.948326941155        0.844532210834        9.941732028276        5.870175486644
      100000 303600000  -288539.883217173396     5501.306321072392        0.970638543611        0.854040499037        3.209880751962        5.174101914321
      100000 303700000  -288548.813062075991     5476.565857321955        0.970008912275        0.803106520460        3.349023118201        9.415272782264
      100000 303800000  -288672.533773624338     5510.643945630640        0.952654232919        0.873264163314        8.346339102990        3.900938573444
      100000 303900000  -288639.312076013535     5505.578268948942        0.957205259122        0.862835293824        6.818903011457        4.569355986576
      100000 304000000  -288654.108778083231     5495.933411262929        0.955408756286        0.842979118947        7.403428430783        5.988045047626
      100000 304100000  -288602.627983074402     5515.019874034449        0.961969894733        0.882273026116        5.385037925132        3.366062695220
      100000 304200000  -288654.480622332310     5508.888648536056        0.955108848822        0.869650477430        7.503349847733        4.126569165525
      100000 304300000  -288776.666374714347     5483.776073749177        0.939227556346        0.817950422043       13.751406188511        8.049142053189
      100000 304400000  -288718.730751297902     5489.533225911669        0.946871435413        0.829802854070       10.509689273796        7.035173059109
      100000 304500000  -288555.446709593758     5502.508334615268        0.968525197306        0.856515122498        3.688584558461        5.000143882909
      100000 304600000  -288627.227793383645     5480.246658358723        0.959383327998        0.810684302471        6.142460648323        8.704493212580
      100000 304700000  -288561.440416197758     5485.407014653087        0.968090255172        0.821308091887        3.791232107950        7.754968030504
      100000 304800000  -288674.328247556230     5534.210138218477        0.952088951344        0.921780632549        8.546829973268        1.485931667163
      100000 304900000  -288598.971426428296     5476.125200570561        0.963284937969        0.802199326408        5.019058339377        9.502235103921
      100000 305000000  -288673.750958070392     5485.792770159431        0.952999092749        0.822102259001        8.225194821937        7.686189820179
      100000 305100000  -288593.400668506743     5501.987936913036        0.963438511372        0.855443763218        4.977158270317        5.075091849919
      100000 305200000  -288725.807180591393     5484.398729868233        0.946042152959        0.819232303973       10.840340816752        7.936186855316
      100000 305300000  -288672.401229039067     5513.545680140145        0.952623811132        0.879238056319        8.357068346079        3.541852148286
      100000 305400000  -288686.528378843097     5485.998097063042        0.951278342748        0.822524972019        8.838484725207        7.649706025038
      100000 305500000  -288618.997844032478     5480.267807272263        0.960487971512        0.810727842411        5.812893467077        8.700489851672
      100000 305600000  -288567.738114349544     5482.076525439508        0.967326003789        0.814451507954        3.975009947777        8.361517392445
      100000 305700000  -288643.350437729852     5494.967246911488        0.956873970813        0.840990045708        6.924886444228        6.140713911159
      100000 305800000  -288594.449317179620     5474.116437039338        0.963946116661        0.798063821121        4.839915835010        9.903723509585
      100000 305900000  -288732.365482421825     5490.065925357863        0.945028322661        0.830899539340       11.251532748331        6.944801235546
      100000 306000000  -288664.988018284319     5483.344615571201        0.954235161561        0.817062165387        7.798257619530        8.127880455195
      100000 306100000  -288775.331711981911     5496.500333678909        0.939118095461        0.844146260133       13.800987761856        5.899357229631
      100000 306200000  -288609.926947038621     5487.023401566781        0.961540683730        0.824635798969        5.507275840251        7.468822199737
      100000 306300000  -288604.747310865438     5492.303790659644        0.962115750237        0.835506703720        5.343811047926        6.571532288773
      100000 306400000  -288698.601233883295     5500.995683169924        0.949330765389        0.853400978920        9.559218735091        5.219541797140
      100000 306500000  -288664.185014929157     5493.091433770023        0.954116683775        0.837128249610        7.838686746810        6.442608876979
      100000 306600000  -288716.702252532355     5488.827137133107        0.947160044731        0.828349206673       10.395816230230        7.155860556051
      100000 306700000  -288663.252780717565     5468.729148264974        0.954856758497        0.786972838599        7.587857945990       11.021487182017
      100000 306800000  -288659.654993781354     5478.285543334670        0.955079141877        0.806646892678        7.513283892593        9.079721983795
      100000 306900000  -288721.789460581960     5491.521463896148        0.946415792817        0.833896102762       10.690729227223        6.700849804986
      100000 307000000  -288563.937856177799     5486.293830406852        0.967733708223        0.823133807648        3.876428916861        7.597310768069
      100000 307100000  -288545.039511112496     5494.184248402715        0.970092724965        0.839378061807        3.330331003312        6.265849558746
      100000 307200000  -288608.230838469928     5519.089627589099        0.961155449677        0.890651557030        5.618157469543        2.903992202761
      100000 307300000  -288661.045221016509     5497.462095376104        0.954445366428        0.846126269488        7.726784972119        5.750415220841
      100000 307400000  -288668.346744465176     5513.375563208945        0.953171041373        0.878887831189        8.165122625413        3.562425589163
      100000 307500000  -288565.714832835598     5480.022019865923        0.967649480996        0.810221832070        3.896693222880        8.747072749863
      100000 307600000  -288689.102850010851     5484.912024109624        0.950958670010        0.820289039132        8.954847421238        7.843671045952
      100000 307700000  -288579.950533890631     5517.548701356165        0.964976102658        0.887479203248        4.567332757622        3.074934268646
      100000 307800000  -288744.500357228098     5494.741344389506        0.943295609736        0.840524973010       11.972010275901        6.176687191402
      100000 307900000  -288627.735893474426     5513.305498768575        0.958625720069        0.878743587301        6.373743882379        3.570916298677
      100000 308000000  -288688.412009279011     5493.755543177947        0.950848831774        0.838495472743        8.995004819666        6.334898208133
      100000 308100000  -288628.255744321505     5512.721057689749        0.958565474299        0.877540379887        6.392319223105        3.642135129249
      100000 308200000  -288501.246889424045     5514.783270579763        0.975587878699        0.881785923068        2.218935864387        3.393974929082
      100000 308300000  -288757.614127744455     5527.300139741041        0.940983862776        0.907554799195       12.968067778070        2.075577620562
      100000 308400000  -288651.696876906790     5494.357406654395        0.955766219923        0.839734548200        7.285205719993        6.238067409027
      100000 308500000  -288698.119126453064     5504.342139747925        0.949331174672        0.860290435373        9.559064305754        4.740482172151
      100000 308600000  -288780.804937317269     5500.055416887626        0.938310450372        0.851465222858       14.169577810876        5.358293976757
      100000 308700000  -288722.762467397144     5503.654060411267        0.946034851351        0.858873864587       10.843274858141        4.837100793248
      100000 308800000  -288583.250010247342     5511.043544320390        0.964637167017        0.874086829830        4.656159092379        3.850459467391
      100000 308900000  -288598.572449109517     5494.765904832631        0.962891409591        0.840575536375        5.127227957039        6.172771035001
      100000 309000000  -288670.283391116420     5497.214208547957        0.953209924315        0.845615937001        8.151568952949        5.788621744183
      100000 309100000  -288537.368080466520     5499.872279630974        0.971004687875        0.851088192370        3.130323974786        5.385530752525
      100000 309200000  -288691.475342174526     5511.680880011059        0.950093113882        0.875398933060        9.273734495237        3.770628635225
      100000 309300000  -288557.485226493096     5496.739893934689        0.968367196950        0.844639450441        3.725710158350        5.862079942242
      100000 309400000  -288626.370377272833     5461.182221497409        0.960033379810        0.771435740743        5.947419300186       12.687816238461
      100000 309500000  -288657.041496449383     5495.083801680245        0.955032942857        0.841230000712        7.528745967964        6.122194526657
      100000 309600000  -288698.510364814429     5489.311539872549        0.949591858481        0.829346461979        9.460957311492        7.072953978137
      100000 309700000  -288592.647031851811     5482.366353075951        0.963973832115        0.815048185315        4.832477584704        8.307826778344
      100000 309800000  -288529.535866752034     5489.351465362124        0.972282143456        0.829428657853        2.860572746023        7.066142192939
      100000 309900000  -288650.388011569623     5485.327567846514        0.956147592873        0.821144532223        7.160124701382        7.769171029111
      100000 310000000  -288706.761599569581     5496.531295505352        0.948325571492        0.844210002228        9.942259072670        5.894532699972
      100000 310100000  -288746.100018942496     5502.673684203997        0.942919617280        0.856855532948       12.131303385188        4.976446860789
      100000 310200000  -288756.046797097428     5504.316167123616        0.941552687355        0.860236964707       12.719288148396        4.744111490572
      100000 310300000  -288741.459079488879     5481.306709425524        0.944016675178        0.812866663273       11.669468768542        8.504965612400
      100000 310400000  -288743.984915122390     5487.101607972756        0.943536504284        0.824796804981       11.870506105651        7.455113891689
      100000 310500000  -288723.480053973850     5489.277132856660        0.946239524567        0.829275627163       10.761180418418        7.078826875739
      100000 310600000  -288541.846617972013     5505.119004049338        0.970302161650        0.861889790587        3.283850589543        4.632568039812
      100000 310700000  -288578.036940182326     5487.209304143675        0.965818746881        0.825018522509        4.350204485387        7.436257117517
      100000 310800000  -288626.600302184466     5474.301148287952        0.959623630059        0.798444092035        6.069993876223        9.866458746002
      100000 310900000  -288716.816503163194     5479.077295943163        0.947382582074        0.808276898922       10.308435924902        8.927279437560
      100000 311000000  -288672.165622362401     5487.420963403769        0.953173453623        0.825454272151        8.164281444621        7.399266782684
      100000 311100000  -288653.869118993403     5489.604991111904        0.955579916480        0.829950599367        7.346702483470        7.022964128337
      100000 311200000  -288605.151676915586     5512.471495126374        0.961672179405        0.877026597511        5.469680531709        3.672760576377
      100000 311300000  -288462.130643397570     5470.297324989922        0.981820470532        0.790201293834        1.230549215759       10.689954339905
      100000 311400000  -288768.147824343527     5473.205017658882        0.940645370832        0.796187453092       13.117253241630       10.088627135724
      100000 311500000  -288607.004576838110     5486.296574324369        0.961950311422        0.823139456638        5.390585320935        7.596825469575
      100000 311600000  -288787.253812906565     5503.482769241557        0.937377706025        0.858521222015       14.601304447048        4.861304656338
      100000 311700000  -288766.342911969870     5522.770176585764        0.939870766964        0.898228820158       13.461859075169        2.515474144803
      100000 311800000  -288605.770328027196     5513.605341587216        0.961570555736        0.879360883235        5.498723972759        3.534650979991
      100000 311900000  -288610.816042067017     5474.993431822397        0.961724590896        0.799869318137        5.454731698231        9.727418239929
      100000 312000000  -288593.560230798554     5516.302585703321        0.963167531174        0.884913785372        5.051209380506        3.216746598434
      100000 312100000  -288664.641876666807     5503.166703062132        0.953849001827        0.857870526532        7.930414884675        4.906124144584
      100000 312200000  -288639.552944445051     5474.756336153485        0.957871957597        0.799381201753        6.608094863741        9.774926222956
      100000 312300000  -288767.019024234964     5473.002652034163        0.940802499134        0.795770836552       13.047895093500       10.129913943538
      100000 312400000  -288727.140909049427     5453.248629432172        0.946753344305        0.755102602756       10.556461859877       14.565942059064
      100000 312500000  -288618.089837874286     5496.826623953879        0.960226933588        0.844818004286        5.889953442901        5.848613261786
      100000 312600000  -288640.253874105401     5530.006729859859        0.956711315730        0.913126942245        6.977221060370        1.832907107191
      100000 312700000  -288812.223806787282     5476.623103405349        0.934634571365        0.803224374790       15.908525850889        9.404004775064
      100000 312800000  -288693.003364820266     5486.736301677302        0.950391313565        0.824044737307        9.163242215294        7.519254089341
      100000 312900000  -288615.457810217747     5501.435792524368        0.960487268589        0.854307046027        5.813100292891        5.155221580915
      100000 313000000  -288631.756511746673     5460.785884085111        0.959322274749        0.770619788323        6.160940696945       12.778566501754
      100000 313100000  -288706.548801600467     5493.411178736016        0.948420768319        0.837786518728        9.905660711475        6.390636693808
      100000 313200000  -288545.210587856593     5517.654718399048        0.969639650347        0.887697463902        3.431999761664        3.063016716186
      100000 313300000  -288625.905678316718     5476.771070542745        0.959650900686        0.803528999436        6.061797169167        9.374910986310
      100000 313400000  -288782.554659293499     5498.626213264652        0.938104274017        0.848522875962       14.264450082418        5.572683024808
      100000 313500000  -288787.518483440159     5486.846578727476        0.937696489972        0.824271768173       14.453024539136        7.499862780156
      100000 313600000  -288621.718428740744     5513.988867331296        0.959422728769        0.880150459867        6.130549268907        3.488534184451
      100000 313700000  -288605.557763353689     5496.293145608157        0.961920993790        0.843719715470        5.398895511457        5.931692452796
      100000 313800000  -288722.275147675304     5478.400258144364        0.946667047577        0.806883059700       10.590707253257        9.057555064813
      100000 313900000  -288523.467594371177     5484.632091846317        0.973208216910        0.819712733690        2.672618363041        7.894058605212
      100000 314000000  -288705.083530778298     5482.862203535624        0.948862709944        0.816069008406        9.736640389807        8.216371423815
      100000 314100000  -288632.949867106741     5508.622340400703        0.958004836156        0.869102220413        6.566474637340        4.161355306476
      100000 314200000  -288692.615448337048     5499.648364562541        0.950161357713        0.850627211307        9.248389597212        5.418925960424
      100000 314300000  -288703.133388433140     5498.946915283799        0.948763065878        0.849183115396        9.774622209939        5.524209875334
      100000 314400000  -288734.542886372888     5493.268760337494        0.944664611706        0.837493317447       11.400913082235        6.413759756658
      100000 314500000  -288795.543597039767     5491.360932176001        0.936515102489        0.833565611011       15.006332215165        6.727541276537
      100000 314600000  -288698.343334491597     5508.335899137892        0.949228343057        0.868512514687        9.597903630714        4.198934289787
      100000 314700000  -288685.210845362162     5505.839081024751        0.951036823501        0.863372235929        8.926328825379        4.533651795323
      100000 314800000  -288656.327537544770     5507.389783181250        0.954887377992        0.866564715715        7.577568140779        4.324258119584
      100000 314900000  -288697.690965600545     5498.986270996742        0.949493119569        0.849264138252        9.498057649643        5.518275963673
      100000 315000000  -288730.696096459171     5475.961979993619        0.945600271831        0.801863299022       11.018619100225        9.534547667276
      100000 315100000  -288642.297744342359     5512.555334099568        0.956682535254        0.877199199468        6.986501753482        3.662457847968
      100000 315200000  -288595.413675829303     5500.543822111562        0.963196510830        0.852470718206        5.043263960084        5.285994360255
      100000 315300000  -288742.727009030059     5489.972743289545        0.943639014089        0.830707702456       11.827443285442        6.960567304103
      100000 315400000  -288654.915923002409     5493.255855630152        0.955357816531        0.837466750116        7.420353019813        6.415857029259
      100000 315500000  -288693.086504583713     5504.112605111673        0.950011307623        0.859817885127        9.304162011896        4.772604589573
      100000 315600000  -288678.385126884095     5508.161131195724        0.951911575335        0.868152714373        8.610231167858        4.221945527796
      100000 315700000  -288672.490233697928     5525.239655313082        0.952441122492        0.903312814454        8.421644460712        2.270429789011
      100000 315800000  -288678.935758308740     5493.179419793189        0.952133916779        0.837309389231        8.530794774842        6.428286408254
      100000 315900000  -288595.432498605223     5472.575876710936        0.963856191759        0.794892220638        4.864089193845       10.217261396576
      100000 316000000  -288589.318137300666     5515.989983283915        0.963742036902        0.884270220842        4.894862722350        3.252823417481
      100000 316100000  -288636.621158699738     5512.287797627971        0.957449252727        0.876648413636        6.741368916514        3.695385218501
      100000 316200000  -288778.838680120884     5493.842098717578        0.938703764330        0.838673667382       13.989471890798        6.320926808490
      100000 316300000  -288665.337801898597     5490.017308479175        0.954030421234        0.830799450228        7.868188566710        6.953024805139
      100000 316400000  -288609.352872981923     5489.263243553229        0.961565721699        0.829247032813        5.500107428211        7.081198316934
      100000 316500000  -288745.703893787228     5483.479783714749        0.943392692792        0.817340440338       11.931051035203        8.103171894660
      100000 316600000  -288699.304384061368     5475.552096338943        0.949826722378        0.801019458523        9.373000853195        9.615933600612
      100000 316700000  -288657.689535389654     5484.654732448980        0.955183310704        0.819759344618        7.478478568851        7.889977320500
      100000 316800000  -288476.788793306332     5475.891445747577        0.979698781523        0.801718087929        1.534538967327        9.548528211270
      100000 316900000  -288733.610621589003     5488.716270172037        0.944892015687        0.828120961339       11.307400201669        7.174903610306
      100000 317000000  -288525.405962288612     5516.118284151889        0.972322665365        0.884534357914        2.852214874647        3.237992130873
      100000 317100000  -288704.852573513985     5488.743109612726        0.948753248944        0.828176216548        9.778368180360        7.170291214552
      100000 317200000  -288638.985335670179     5507.563971173018        0.957213105672        0.866923322066        6.816402706131        4.301046527844
      100000 317300000  -288763.001197649166     5480.135414234363        0.941153457244        0.810455280658       12.893642287666        8.725566210245
      100000 317400000  -288655.576431269292     5491.037908001803        0.955318207794        0.832900590883        7.433526264269        6.781411016387
      100000 317500000  -288611.953063262627     5481.665587035008        0.961398741854        0.813605496007        5.548002284498        8.437940223124
      100000 317600000  -288554.306438743137     5499.026849520393        0.968747079289        0.849347678548        3.636762426525        5.512161019913
      100000 317700000  -288674.914495864185     5501.322009745985        0.952505193889        0.854072797807        8.398968439621        5.171812256715
      100000 317800000  -288702.983337841230     5523.254271251149        0.948372596032        0.899225441222        9.924172083051        2.466448489022
      100000 317900000  -288666.308778099017     5490.798868183978        0.953882357240        0.832408472017        7.918955688311        6.821413246703
      100000 318000000  -288626.542201794684     5527.911080327816        0.958577679804        0.908812561987        6.388553764657        2.019483304507
      100000 318100000  -288757.974284183932     5490.291182884946        0.941584266957        0.831363284166       12.705547173073        6.906762314956
      100000 318200000  -288618.321730569471     5489.763104743324        0.960349886990        0.830276112922        5.853593639346        6.996102734148
      100000 318300000  -288548.348980084760     5495.996417207643        0.969609670203        0.843108831287        3.438781149185        5.978155885000
      100000 318400000  -288706.266668313881     5496.255471373908        0.948397815627        0.843642154328        9.914478685746        5.937581653872
      100000 318500000  -288704.503712846432     5505.158109012060        0.948458586544        0.861970297216        9.891140248083        4.627168819326
      100000 318600000  -288777.227256534854     5484.760458214208        0.939128305485        0.819977005609       13.796359240171        7.870932745472
      100000 318700000  -288764.521945047192     5465.487216253765        0.941351748088        0.780298570191       12.806895181096       11.722925518020
      100000 318800000  -288760.217262188671     5509.652597341686        0.940896425021        0.871223243103       13.006522979524        4.027589559672
      100000 318900000  -288542.085284923203     5495.675428102724        0.970457584551        0.842448000821        3.249568630565        6.028622300505
      100000 319000000  -288707.136883231578     5503.772733720019        0.948130928297        0.859118181097       10.017299582911        4.820367384731
      100000 319100000  -288712.850796524668     5505.663906631060        0.947328335781        0.863011598840       10.329701988963        4.557617068247
      100000 319200000  -288663.706939708209     5487.756510334089        0.954301501375        0.826145073275        7.775665602780        7.340814397602
      100000 319300000  -288629.918615387287     5477.094477871433        0.959103494320        0.804194808376        6.227390725041        9.311478488599
      100000 319400000  -288771.020389665151     5525.978995645419        0.939200208750        0.904834917881       13.763785237239        2.199507729344
      100000 319500000  -288632.835848917253     5481.165313147940        0.958606996924        0.812575566265        6.379513821088        8.531446149642
      100000 319600000  -288687.155893550720     5474.708244773559        0.951480762132        0.799282194501        8.765196406433        9.784576638500
      100000 319700000  -288566.212981702993     5492.469875799492        0.967286772444        0.835848628473        3.984561188854        6.544240790967
      100000 319800000  -288741.912549161352     5508.521736533381        0.943374256066        0.868895104036       11.938824072060        4.174534547681
      100000 319900000  -288675.245306957979     5491.369393561035        0.952669496219        0.833583030733        8.340958594767        6.726133084787
      100000 320000000  -288680.783136723563     5493.940915837884        0.951869280033        0.838877105326        8.625383773708        6.304995056447
      100000 320100000  -288719.828762395075     5495.941097152419        0.946583207521        0.842994942132       10.624030868573        5.986838263294
      100000 320200000  -288551.512499761069     5484.581559818238        0.969443354321        0.819608701799        3.476522687058        7.903171514887
      100000 320300000  -288614.336720744148     5498.116223099642        0.960704287007        0.847472943010        5.749420292260        5.650202596031
      100000 320400000  -288725.481842913665     5477.870508767664        0.946250204698        0.805792447832       10.756905180931        9.160147519045
      100000 320500000  -288758.785159991356     5489.785761907697        0.941486857289        0.830322757946       12.747956125837        6.992257800562
      100000 320600000  -288617.993222785415     5508.934633428231        0.960007853794        0.869745147989        5.955018761952        4.120577233492
      100000 320700000  -288738.835550819524     5468.802127477713        0.944704833819        0.787123083223       11.384344944936       11.005946109853
      100000 320800000  -288515.354354899842     5482.875162615441        0.974340687914        0.816095687675        2.451453891093        8.213988020283
      100000 320900000  -288668.981003223453     5497.925003102981        0.953370152741        0.847079272329        8.095835906447        5.679406458213
      100000 321000000  -288599.176394598093     5489.174681087956        0.962934329580        0.829064706452        5.115374458780        7.096328694297
      100000 321100000  -288604.304329892155     5524.995165540837        0.961600834596        0.902809475594        5.490062411237        2.294130347586
      100000 321200000  -288641.418228664435     5483.831708141603        0.957388361551        0.818064958334        6.760676854323        8.039017021606
      100000 321300000  -288684.444571466884     5489.561110602692        0.951475011047        0.829860261169        8.767274443088        7.030427964672
      100000 321400000  -288675.148545828415     5493.535430809483        0.952634732522        0.838042320418        8.353215765916        6.370497224361
      100000 321500000  -288712.830209567212     5483.076695909724        0.947817134597        0.816510590670       10.138870054467        8.176966986771
      100000 321600000  -288720.261432775995     5477.031590564176        0.946973217672        0.804065340279       10.469459492612        9.323796220797
      100000 321700000  -288686.899255429395     5499.163854840212        0.950938723410        0.849629735751        8.962133319967        5.491540172100
      100000 321800000  -288618.768288976280     5508.287574807182        0.959915147907        0.868413027852        5.982659447385        4.205290738329
      100000 321900000  -288688.301992989145     5493.596055593342        0.950867068105        0.838167130587        8.988331307643        6.360682358337
      100000 322000000  -288669.150695636868     5477.430547463708        0.953826286718        0.804886685520        7.938223364282        9.245790577119
      100000 322100000  -288595.719508590410     5503.069027643651        0.963106294918        0.857669439045        5.068019238240        4.920016521035
      100000 322200000  -288678.724867200945     5490.359650758095        0.952224940437        0.831504241151        8.498380765301        6.895220943200
      100000 322300000  -288576.610917712562     5499.714011767879        0.965738025170        0.850762361293        4.370775445149        5.409124490402
      100000 322400000  -288564.027437107405     5501.115640840493        0.967400013884        0.853647939586        3.957022697310        5.201970932476
      100000 322500000  -288608.672333005117     5506.812178993598        0.961297282697        0.865375583627        5.577205238907        4.401674322405
      100000 322600000  -288603.515457034111     5504.467163112015        0.962032942097        0.860547824944        5.367197794474        4.723031302241
      100000 322700000  -288624.436289135832     5472.647547024302        0.959959365582        0.795039770589        5.969467761665       10.202566545231
      100000 322800000  -288636.081616728799     5507.527225604281        0.957603696312        0.866847672797        6.692520342159        4.305937895948
      100000 322900000  -288570.782463536365     5509.293945689686        0.966341411800        0.870484875554        4.218183829627        4.073907964643
      100000 323000000  -288643.246029088739     5485.560450706631        0.957101087496        0.821623975564        6.852140776500        7.727574483296
      100000 323100000  -288603.654774592957     5467.915933233686        0.962883393728        0.785298646984        5.129443271414       11.195404810634
      100000 323200000  -288580.194492632523     5513.189919383265        0.965011830144        0.878505640349        4.558019340049        3.584944791203
      100000 323300000  -288770.409779235721     5481.649612146430        0.940120350988        0.813572607997       13.350336218789        8.440918117248
      100000 323400000  -288604.442719272804     5516.721150242724        0.961699702075        0.885775497485        5.461827950417        3.168755931083
      100000 323500000  -288659.148082064232     5477.252282724716        0.955174190032        0.804519686240        7.481522778031        9.280605112714
      100000 323600000  -288632.510301212082     5504.661323468201        0.958135659870        0.860947549037        6.525626479585        4.695994023547
      100000 323700000  -288652.452978025889     5508.397316313349        0.955389770365        0.868638956177        7.409734190316        4.190862582671
      100000 323800000  -288684.063392524375     5492.400756298564        0.951462434029        0.835706329961        8.771819749198        6.555591769644
      100000 323900000  -288663.879341779277     5493.512258204632        0.954148552269        0.837994614241        7.827801727618        6.374250758411
      100000 324000000  -288572.063400836894     5485.216866520233        0.966668286626        0.820916627886        4.136652013091        7.788983181263
      100000 324100000  -288690.710764752468     5503.240434321575        0.950346863838        0.858022319418        9.179670228886        4.895650355441
      100000 324200000  -288687.339850352611     5511.443069725297        0.950652446593        0.874909345471        9.067028119983        3.800318265043
      100000 324300000  -288582.052004713332     5487.252797921188        0.965278551279        0.825108064530        4.488791011064        7.428648459326
      100000 324400000  -288656.156772533897     5482.198551539332        0.955449425518        0.814702726961        7.389930065757        8.338890961270
      100000 324500000  -288735.510271472856     5492.344022627920        0.944555002204        0.835589530551       11.446124152526        6.564916065839
      100000 324600000  -288685.409740566043     5481.063780697063        0.951549525873        0.812366538184        8.740369116793        8.550486423320
      100000 324700000  -288753.576955657220     5470.892010213807        0.942666104980        0.791425591194       12.239300703286       10.565554185133
      100000 324800000  -288673.205649353098     5508.880964579061        0.952594442188        0.869634658224        8.367432807605        4.127570826428
      100000 324900000  -288745.636947192019     5484.317575173452        0.943381229789        0.819065228225       11.935883610094        7.950863782004
      100000 325000000  -288674.372051622020     5469.407435823232        0.953344236855        0.788369250741        8.104837397103       10.877467093359
      100000 325100000  -288661.670922047226     5508.694570912980        0.954146682291        0.869250923663        7.828440229527        4.151905863257
      100000 325200000  -288622.119652271969     5494.149278086610        0.959742563183        0.839306067306        6.034286848538        6.271467817533
      100000 325300000  -288640.896083252737     5483.202464989386        0.957473907442        0.816769515469        6.733559024114        8.153905974999
      100000 325400000  -288615.069560830249     5479.198312358931        0.961042833083        0.808526039261        5.650780573459        8.904092870084
      100000 325500000  -288662.622529417509     5502.132870833389        0.954140055076        0.855742143284        7.830703293858        5.054162370507
      100000 325600000  -288602.805291121127     5488.711231790483        0.962457681289        0.828110588663        5.247783330772        7.175769628615
      100000 325700000  -288718.884371056221     5504.800764743239        0.946534082048        0.861234621219       10.643580920724        4.676624387343
      100000 325800000  -288684.597682249965     5482.727362028323        0.951617040845        0.815791405912        8.716026955735        8.241191672130
      100000 325900000  -288718.777044240851     5473.712512364611        0.947261405933        0.797232248562       10.355970558590        9.985458461292
      100000 326000000  -288622.703440083656     5485.569712362252        0.959859483052        0.821643042829        5.999286930554        7.725922514283
      100000 326100000  -288642.998745837947     5512.964120740071        0.956581681310        0.878040781510        7.019072289527        3.612430535015
      100000 326200000  -288706.299488637829     5473.087729221210        0.948954054715        0.795945987660        9.701887009645       10.112546151481
      100000 326300000  -288823.241603532573     5486.850392943248        0.932899223695        0.824279620620       16.764430336342        7.499192529738
      100000 326400000  -288747.304410063894     5482.963823156431        0.943190455876        0.816278215947       12.016453760671        8.197691055990
      100000 326500000  -288660.944841535529     5517.349235543050        0.954102581388        0.887068556643        7.843505979157        3.097419275842
      100000 326600000  -288683.611149365781     5503.520860601217        0.951294919289        0.858599641907        8.832471523403        4.855917030882
      100000 326700000  -288656.278201687150     5491.389361721464        0.955216099311        0.833624139819        7.467539822548        6.722810454483
      100000 326800000  -288741.937032717047     5469.921413363889        0.944256519318        0.789427392630       11.569694120655       10.768965571910
      100000 326900000  -288739.765136039816     5497.606526144780        0.943871267152        0.846423613699       11.730166773067        5.728212592490
      100000 327000000  -288669.664580448531     5477.872126132250        0.953745735309        0.805795777552        7.965944454545        9.159833417321
      100000 327100000  -288554.571470328607     5484.927757687867        0.969024202298        0.820321430350        3.572553241844        7.840843804303
      100000 327200000  -288621.761269495822     5520.851363164373        0.959313038408        0.894278498018        6.163738838074        2.714544016165
      100000 327300000  -288557.001689836849     5521.961962058209        0.967993857783        0.896564923238        3.814172867986        2.598399483669
      100000 327400000  -288760.965516590513     5524.230983633548        0.940573215802        0.901236230028       13.149164858488        2.369002710795
      100000 327500000  -288575.923043004470     5510.663200899027        0.965627539795        0.873303804747        4.399009975662        3.898498622548
      100000 327600000  -288655.492417838890     5477.756039002910        0.955651912010        0.805556785291        7.322906891236        9.182391899973
      100000 327700000  -288662.922428362770     5496.189149159007        0.954219807862        0.843505614677        7.803490990464        5.947956180320
      100000 327800000  -288683.164830116555     5508.609962265939        0.951261800977        0.869076737154        8.844487353965        4.162975734550
      100000 327900000  -288651.066740758251     5514.583774437197        0.955472085222        0.881375214023        7.382414515254        3.417599148863
      100000 328000000  -288595.087183133699     5503.459949592128        0.963183757797        0.858474242478        5.046759718533        4.864533688482
      100000 328100000  -288642.127568782307     5477.919737411663        0.957442376408        0.805893796405        6.743547940254        9.150589439224
      100000 328200000  -288658.914068841143     5491.416626440361        0.954861525674        0.833680270562        7.586255458036        6.718275028618
      100000 328300000  -288709.736451325938     5489.221022715792        0.948086408428        0.829160111433       10.034502908206        7.088409485150
      100000 328400000  -288619.794289303711     5506.244334565476        0.959814050862        0.864206544265        6.012874946357        4.478451963376
      100000 328500000  -288590.326990017435     5501.038002261892        0.963869833631        0.853488102579        4.860418149533        5.213339703181
      100000 328600000  -288589.204467425356     5457.779358018190        0.965130351026        0.764430157610        4.527191463705       13.477508730438
      100000 328700000  -288523.714935201453     5482.467691498809        0.973228050560        0.815256813945        2.668662810249        8.289094624187
      100000 328800000  -288637.749767221045     5507.599676773883        0.957378389436        0.866996830321        6.763841535913        4.296296257425
      100000 328900000  -288664.312653169734     5503.761327107437        0.953881912235        0.859094697942        7.919108514357        4.821974502991
      100000 329000000  -288744.104984899051     5468.084835664369        0.944017789709        0.785646371783       11.669004135448       11.159170596021
      100000 329100000  -288666.301901046885     5492.043558227830        0.953855482547        0.834970954947        7.928187795532        6.614408488884
      100000 329200000  -288632.077746512135     5481.028762524948        0.958712240159        0.812294445160        6.347114763796        8.557058266463
      100000 329300000  -288643.415951367700     5454.320996818133        0.957961470120        0.757310319556        6.580043295189       14.304505819100
      100000 329400000  -288556.862026034156     5483.178676492535        0.968759234613        0.816720541335        3.633934055270        8.158265335314
      100000 329500000  -288657.362570549594     5525.343048030511        0.954471240889        0.903525672326        7.718010030484        2.260444042134
      100000 329600000  -288656.565219864016     5491.946716860868        0.955165146676        0.834771584549        7.484541792957        6.630399780847
      100000 329700000  -288526.157135684276     5511.988885734230        0.972288177986        0.876033034226        2.859327315373        3.732348446889
      100000 329800000  -288593.324174654670     5508.575212478638        0.963326908682        0.869005196663        5.007589855130        4.167526533095
      100000 329900000  -288622.644775483059     5464.643966194242        0.960429086269        0.778562544509        5.830232425432       11.908920713663
      100000 330000000  -288736.094146608841     5477.054589776322        0.944846473591        0.804112689487       11.326097147229        9.319290422488
      100000 330100000  -288662.804838534445     5468.563789580949        0.954921645815        0.786632409424        7.566060578962       11.056741219548
      100000 330200000  -288692.931311315857     5483.148304288276        0.950487548482        0.816658013113        9.127725510705        8.163832886029
      100000 330300000  -288649.796387270559     5489.833731165156        0.956121618156        0.830421513780        7.168609402691        6.984120877875
      100000 330400000  -288631.823527850909     5494.380891432986        0.958434461257        0.839782897059        6.432807255485        6.234304178107
      100000 330500000  -288594.330704779830     5514.287271440029        0.963095773413        0.880764793884        5.070910289236        3.452862249143
      100000 330600000  -288773.863544089021     5503.803537318483        0.939169774660        0.859181597444       13.777567952913        4.816028694476
      100000 330700000  -288571.721175979823     5486.587749631144        0.966681535048        0.823738908491        4.133364259929        7.545415319394
      100000 330800000  -288648.326139382552     5473.685330529697        0.956722837407        0.797176288456        6.973507453188        9.990970821387
      100000 330900000  -288617.163217636989     5467.700579726137        0.961075591170        0.784855291877        5.641281374710       11.241689239120
      100000 331000000  -288712.599945946364     5475.359173796140        0.948046451875        0.800622282756       10.049955449054        9.654359744721
      100000 331100000  -288650.917471042136     5486.381844050251        0.956051324909        0.823315004131        7.191596050947        7.581752103967
      100000 331200000  -288679.604869897710     5487.882027111016        0.952163676402        0.826403478650        8.520190426233        7.319008904652
      100000 331300000  -288703.885599621106     5500.114277771674        0.948638599104        0.851586401629        9.822169685087        5.349554654807
      100000 331400000  -288743.168894376606     5496.330283770338        0.943440729849        0.843796172984       11.910810206827        5.925889909989
      100000 331500000  -288679.010388537776     5501.078535726294        0.951959945177        0.853571550109        8.592918641236        5.207402759611
      100000 331600000  -288740.083632641938     5503.260861666873        0.943716304680        0.858064373842       11.795026419248        4.892750557865
      100000 331700000  -288722.601766340435     5480.695944702253        0.946564380629        0.811609262537       10.631521124747        8.619644041027
      100000 331800000  -288585.269482818432     5508.568385267630        0.964408674970        0.868991141267        4.716523737105        4.168420910238
      100000 331900000  -288634.352167733945     5478.912437949330        0.958460777680        0.807937500534        6.424664217250        8.958914499644
      100000 332000000  -288637.968640943058     5524.546527286060        0.957086014315        0.901885849769        6.856956828722        2.337940921776
      100000 332100000  -288660.828879723791     5464.790845543146        0.955297065383        0.778864929690        7.440562680887       11.876418331447
      100000 332200000  -288633.245101005770     5483.101084697060        0.958503836331        0.816560800641        6.411351787233        8.172492514869
      100000 332300000  -288666.619187217206     5477.877091152593        0.954154564735        0.805805999197        7.825748954503        9.158869214781
      100000 332400000  -288721.810726005351     5499.060683944263        0.946252626490        0.849417334551       10.755935859981        5.507064963797
      100000 332500000  -288695.909518167609     5473.957743964158        0.950325564670        0.797737114646        9.187547325697        9.935795305829
      100000 332600000  -288583.292957355501     5492.907902927138        0.964983512359        0.836750408834        4.565400420243        6.472535539329
      100000 332700000  -288588.955391472206     5501.090970338322        0.964052980723        0.853597149640        4.811267239784        5.205582137807
      100000 332800000  -288724.815886730561     5497.222119426355        0.945886715933        0.845632223378       10.902886578584        5.787400495054
      100000 332900000  -288660.695733037777     5490.963662759401        0.954632415224        0.832747739844        7.663462384785        6.793823026754
      100000 333000000  -288712.702369128354     5470.371025273576        0.948169689698        0.790353022949       10.002333458638       10.674497706990
      100000 333100000  -288589.757200644119     5511.934875135310        0.963748369940        0.875921840890        4.893152938210        3.739046979766
      100000 333200000  -288579.064448634628     5469.217355982400        0.966148284302        0.787977927335        4.266729207782       10.917731023838
      100000 333300000  -288588.009757641004     5502.503488577902        0.964152473276        0.856505145807        4.784671275679        5.000839240160
      100000 333400000  -288650.080609239638     5474.107149920426        0.956475769267        0.798044701434        7.053357863626        9.905599003675
      100000 333500000  -288676.749545379076     5473.153197196312        0.952920455799        0.796080768659        8.252740899259       10.099191560401
      100000 333600000  -288715.310547370464     5481.445568243973        0.947524615064        0.813152536333       10.252858820357        8.479000346367
      100000 333700000  -288735.128060598392     5469.847813003697        0.945172962613        0.789275869230       11.192401201946       10.784469367747
      100000 333800000  -288724.933086591773     5513.210646642372        0.945574876571        0.878548312215       11.028909078224        3.582426988366
      100000 333900000  -288701.969292810652     5497.999771522358        0.948938695993        0.847233200449        9.707726102178        5.667978571596
      100000 334000000  -288731.311365323374     5483.222813357599        0.945331744930        0.816811407301       11.127667373333        8.150177959847
      100000 334100000  -288574.739419640973     5486.889906962402        0.966269082642        0.824360969387        4.236332273323        7.492250718509
      100000 334200000  -288657.917169348802     5500.309023078531        0.954807718641        0.851987329979        7.604352533626        5.320690842508
      100000 334300000  -288663.785657915752     5494.831597811542        0.954132670801        0.840710780597        7.833225264602        6.162302409372
      100000 334400000  -288556.806260799756     5464.188043993898        0.969283976337        0.777623922993        3.512883102818       12.010092934803
      100000 334500000  -288575.190658161649     5516.507451998070        0.965631178822        0.885335550121        4.398078574777        3.193212514757
      100000 334600000  -288658.959517080570     5483.220606878400        0.955047763791        0.816806864752        7.523783906242        8.150582166678
      100000 334700000  -288681.036808631383     5475.737656689249        0.952274879860        0.801401477510        8.480623281784        9.579046145420
      100000 334800000  -288659.829523392487     5489.738135321066        0.954776469405        0.830224707579        7.614872576225        7.000341283332
      100000 334900000  -288630.927935334388     5489.635027392767        0.958659949907        0.830012436012        6.363201972165        7.017857405451
      100000 335000000  -288710.263174522901     5498.195766330697        0.947820914080        0.847636701186       10.137401438048        5.638076614022
      100000 335100000  -288738.014920181595     5471.217147758231        0.944746803050        0.792094962185       11.367069985526       10.497847632845
      100000 335200000  -288670.866049219621     5519.069474342279        0.952744606160        0.890610066901        8.314506655318        2.906196347002
      100000 335300000  -288581.438411246054     5455.858010511845        0.966234527447        0.760474618469        4.245016429089       13.933920242316
      100000 335400000  -288517.749827617314     5486.706981147639        0.973926404038        0.823984374201        2.531253108737        7.524414075779
      100000 335500000  -288501.835121499142     5468.322832298465        0.976544813843        0.786136343013        2.048384493409       11.108213459750
      100000 335600000  -288653.674105880084     5493.105193995871        0.955527868830        0.837156578224        7.363929043326        6.440367919814
      100000 335700000  -288745.035159469349     5476.879452112131        0.943650416661        0.803752128015       11.822658073745        9.353629242443
      100000 335800000  -288745.342827316374     5498.463975139894        0.943104669817        0.848188871181       12.052772395181        5.597285483510
      100000 335900000  -288624.419315579347     5463.489008023404        0.960225315938        0.776184795437        5.890432565137       12.166044812572
      100000 336000000  -288540.553509351565     5496.170561447740        0.970652841401        0.843467347565        3.206755360216        5.950865408419
      100000 336100000  -288539.578875545645     5487.480881428346        0.970976821322        0.825577627291        3.136343793204        7.388812043071
      100000 336200000  -288623.909130068962     5464.674111799337        0.960258402683        0.778624606224        5.880636676890       11.902246283021
      100000 336300000  -288645.136154300533     5488.215542719699        0.956784642055        0.827090097828        6.953603772095        7.261226254275
      100000 336400000  -288621.009371616878     5500.336707754992        0.959763432406        0.852044325301        6.028032191274        5.316593948575
      100000 336500000  -288686.738526548259     5470.645477134734        0.951648598629        0.790918045714        8.704660606979       10.617037239727
      100000 336600000  -288605.286880043102     5506.244736297987        0.961762210417        0.864207371325        5.444014448779        4.478397410896
      100000 336700000  -288641.761719285510     5483.670268966816        0.957346182806        0.817732598377        6.774067467997        8.068415292556
      100000 336800000  -288629.268292246386     5486.008381136693        0.958967424016        0.822546144168        6.268899044757        7.647880967647
      100000 336900000  -288631.481207988691     5498.588407044299        0.958392352249        0.848445043095        6.445847690047        5.578411273621
      100000 337000000  -288672.018641715869     5502.815849411301        0.952865106377        0.857148212976        8.272157100275        4.956117502414
      100000 337100000  -288696.878219926031     5502.922622801736        0.949524723670        0.857368030747        9.486174767273        4.940876468129
      100000 337200000  -288737.316501274239     5476.543488568626        0.944695807132        0.803060469197       11.388062134401        9.419677558994
      100000 337300000  -288581.293645535829     5491.633040976711        0.965280168097        0.834125810042        4.488372976281        6.682329232096
      100000 337400000  -288689.016888945596     5496.730711659417        0.950704301760        0.844620546599        9.047982587275        5.863506592365
      100000 337500000  -288618.301251454512     5496.395846286789        0.960207545984        0.843931148620        5.895697024138        5.915653218682
      100000 337600000  -288630.913303822512     5508.245451135561        0.958284966173        0.868326306512        6.479163081768        4.210835491244
      100000 337700000  -288624.873633363284     5496.464331851341        0.959323521136        0.844072142027        6.160563153849        5.904969583293
      100000 337800000  -288671.095859982073     5480.503619141877        0.953485861922        0.811213315797        8.055707090579        8.655914470519
      100000 337900000  -288650.265958324540     5487.610080008395        0.956109881701        0.825843612512        7.172444790884        7.366294102645
      100000 338000000  -288659.289293582784     5498.474097977392        0.954660396119        0.848209711388        7.654012271409        5.595748829604
      100000 338100000  -288646.908456057543     5455.679632338695        0.957448446533        0.760107385658        6.741624371529       13.976679095455
      100000 338200000  -288627.492658870295     5472.954256471246        0.959540503908        0.795671203070        6.095013194835       10.139800139776
      100000 338300000  -288579.850910253590     5491.653786485083        0.965473447681        0.834168519479        4.438540003504        6.678888530714
      100000 338400000  -288600.425465801964     5508.120606945828        0.962381318031        0.868069285813        5.269153635577        4.227290230587
      100000 338500000  -288707.647002652055     5492.479133208282        0.948293716496        0.835867686995        9.954520775637        6.542721262833
      100000 338600000  -288666.142401057761     5486.230492860079        0.954010398022        0.823003412629        7.875044436113        7.608517168250
      100000 338700000  -288691.516145791160     5443.478018136695        0.951871831965        0.734987534930        8.624469147494       17.057007589264
      100000 338800000  -288633.927979638567     5490.516551944427        0.958237065447        0.831827258608        6.494051469573        6.868809099656
      100000 338900000  -288636.772178397281     5488.514769983478        0.957900885708        0.827706126500        6.599022803506        7.209579063655
      100000 339000000  -288616.668417234905     5502.925467968918        0.960295860525        0.857373888183        5.869556490581        4.940470664663
      100000 339100000  -288629.473269902170     5501.786112341098        0.958598327530        0.855028260562        6.382186365103        5.104308779852
      100000 339200000  -288646.648651601514     5489.870899382979        0.956543474181        0.830498033171        7.031430971501        6.977819369806
      100000 339300000  -288635.553999011172     5487.682130377740        0.958083832813        0.825991944896        6.541793621187        7.353751414304
      100000 339400000  -288779.216439374490     5472.632177102380        0.939174715512        0.795008128042       13.775329915428       10.205717011126
      100000 339500000  -288731.392712628236     5512.038704253733        0.944726731746        0.876135597195       11.375329900639        3.726175150954
      100000 339600000  -288647.275366114918     5473.412942783907        0.956871372559        0.796615515151        6.925720889344       10.046293888855
      100000 339700000  -288684.708669702988     5455.744151015766        0.952370264240        0.760240212308        8.446758071020       13.961205826239
      100000 339800000  -288622.525228049140     5516.422570237890        0.959276035466        0.885160801345        6.174955216938        3.202952851585
      100000 339900000  -288644.055640854873     5497.218000627123        0.956731910426        0.845623743875        6.970583780239        5.788036322396
      100000 340000000  -288711.296556214103     5498.452027895488        0.947676909444        0.848164275010       10.193433360172        5.599099355098
      100000 340100000  -288682.875052773627     5490.351497563533        0.951667805979        0.831487455911        8.697746215590        6.896594790332
      100000 340200000  -288575.541852426482     5477.390695164911        0.966397849043        0.804804640327        4.204049958176        9.253567926072
      100000 340300000  -288567.155438475776     5515.278037679382        0.966729349622        0.882804515812        4.121509377724        3.335738476193
      100000 340400000  -288679.524816632504     5479.684858249500        0.952374806243        0.809527706741        8.445147170893        8.811175679933
      100000 340500000  -288677.066875451943     5472.885671944357        0.952885178032        0.795530005926        8.265113463843       10.153818775613
      100000 340600000  -288642.604883036111     5513.659652569331        0.956623247958        0.879472694979        7.005639265784        3.528101987381
      100000 340700000  -288676.881686899113     5480.478741095401        0.952709527216        0.811162098572        8.326855398505        8.660611751514
      100000 340800000  -288690.026934523601     5473.942178472877        0.951115946216        0.797705069475        8.897502888497        9.938943876407
      100000 340900000  -288565.470316568157     5478.561464156955        0.967719833488        0.807214939639        3.879763417717        9.026450203424
      100000 341000000  -288653.286454971880     5523.788097873330        0.955039092246        0.900324447046        7.526686948646        2.412945685991
      100000 341100000  -288749.081989405211     5482.864508777857        0.942954200409        0.816073754282       12.116607921600        8.215947423795
      100000 341200000  -288634.870082309935     5503.567075275816        0.957839368703        0.858694785526        6.618322435814        4.849384457860
      100000 341300000  -288627.929316343972     5505.577135440893        0.958733844819        0.862832960235        6.340473987897        4.569511465197
      100000 341400000  -288704.730631717481     5511.793960488401        0.948311200961        0.875631735431        9.947789677106        3.756551849800
      100000 341500000  -288582.604201979702     5485.123858719133        0.965255024408        0.820725149772        4.494876182628        7.805648236396
      100000 341600000  -288562.711128779687     5499.030857498758        0.967618351562        0.849355929900        3.904196052286        5.511557225204
      100000 341700000  -288652.602962893201     5467.856967414729        0.956311953798        0.785177252179        7.106552304116       11.208068430818
      100000 341800000  -288683.848066168372     5501.635294989683        0.951299399478        0.854717768090        8.830846669331        5.126196447450
      100000 341900000  -288743.220394366886     5475.281166394241        0.943936591147        0.800461686440       11.702878950095        9.669918946291
      100000 342000000  -288577.269370829454     5495.513207011856        0.965736229749        0.842114031108        4.371233538423        6.054207646145
      100000 342100000  -288683.841005166294     5497.629863118753        0.951380709845        0.846471658269        8.801383379008        5.724629144968
      100000 342200000  -288687.826892191544     5484.823301920667        0.951132157692        0.820106383944        8.891602488534        7.859623498564
      100000 342300000  -288652.467451807810     5457.244806137867        0.956651858817        0.763329658675        6.996400618561       13.603727169522
      100000 342400000  -288661.650550841819     5481.920940283686        0.954718597062        0.814131199851        7.634374481176        8.390410901085
      100000 342500000  -288594.107655672822     5508.633868618868        0.963220665460        0.869125953922        5.036646207108        4.159846425119
      100000 342600000  -288733.179965405725     5481.713259693235        0.945118264871        0.813703641223       11.214744355287        8.429056641061
      100000 342700000  -288673.069012393709     5447.353588433005        0.954213208166        0.742966294602        7.805741063113       16.045394273479
      100000 342800000  -288712.858354563825     5470.879781281576        0.948134455534        0.791400415103       10.015937222481       10.568104981382
      100000 342900000  -288671.526618944248     5464.281846672297        0.953875641300        0.777817037547        7.921262272034       11.989242520499
      100000 343000000  -288708.209806265077     5513.198453869671        0.947820806599        0.878523210567       10.137443201289        3.583907974218
      100000 343100000  -288612.235216057394     5515.696668895893        0.960669125014        0.883666365195        5.759714113570        3.286857186606
      100000 343200000  -288640.253463163273     5477.095686764456        0.957715619412        0.804197297162        6.657231468479        9.311241782573
      100000 343300000  -288698.111193892546     5495.720573814586        0.949504266436        0.842540943732        9.493865670196        6.021511601333
      100000 343400000  -288677.370534708025     5471.734508607537        0.952876191927        0.793160069399        8.268266537784       10.390561228292
      100000 343500000  -288642.360529016936     5504.195120619610        0.956821630725        0.859987762424        6.941705479849        4.761044399916
      100000 343600000  -288628.531927834963     5480.702481773682        0.959196639185        0.811622720614        6.199056327960        8.618412561308
      100000 343700000  -288662.381210501073     5509.830998416990        0.954031524408        0.871590523063        7.867810931073        4.004648409337
      100000 343800000  -288610.205384708242     5517.481101457030        0.960914269865        0.887340033189        5.688138591522        3.082545367098
      100000 343900000  -288692.045380079187     5484.251526160166        0.950579524447        0.818929251024        9.093845079679        7.962818835729
      100000 344000000  -288636.952242995147     5504.434805767611        0.957543398511        0.860481209852        6.711570645850        4.727544682041
      100000 344100000  -288741.221618947107     5477.174374392256        0.944154768051        0.804359293881       11.611970112372        9.295840905939
      100000 344200000  -288694.014690753538     5484.936144480482        0.950298488111        0.820338696506        9.197565958619        7.839336949806
      100000 344300000  -288776.715159148443     5494.110246793367        0.938983127855        0.839225712343       13.862245731981        6.277741477721
      100000 344400000  -288701.175298993476     5493.279355959035        0.949145237655        0.837515130990        9.629349933205        6.412038012916
      100000 344500000  -288627.489071309101     5509.976746028289        0.958714599841        0.871890578300        6.346389282720        3.985954900972
      100000 344600000  -288684.934757721843     5489.376280407421        0.951413412717        0.829479745375        8.789547183558        7.061910091227
      100000 344700000  -288720.292518432252     5479.486669456586        0.946905279328        0.809119689178       10.496303791210        8.848965586072
      100000 344800000  -288663.825536602410     5518.249938819557        0.953702192124        0.888922863088        7.980949594735        2.996536644735
      100000 344900000  -288564.488444456598     5507.836177835241        0.967212268933        0.867483722568        4.002731321890        4.264898441899
      100000 345000000  -288690.792614800623     5486.331051953137        0.950697788337        0.823210436828        9.050373758462        7.590728961032
      100000 345100000  -288462.554494706448     5475.828737710603        0.981611943256        0.801588988902        1.258941012274        9.560966128517
      100000 345200000  -288545.432906334521     5502.624493211508        0.969867691783        0.856754261890        3.380636789532        4.983490770004
      100000 345300000  -288657.460437714122     5492.547328613698        0.955031653317        0.836008083042        7.529177784307        6.531532980389
      100000 345400000  -288577.165208544815     5520.641855997033        0.965304722119        0.893847178958        4.482026825868        2.736738610789
      100000 345500000  -288723.209624759154     5495.604563375004        0.946136310314        0.842302109355       10.802540670907        6.039792349308
      100000 345600000  -288717.032549862051     5499.016216190532        0.946895176333        0.849325787374       10.500298696480        5.513763072129
      100000 345700000  -288664.545583217405     5510.180474295281        0.953734866320        0.872310000154        7.969688625393        3.959898114548
      100000 345800000  -288610.203941646731     5491.417667475529        0.961402674239        0.833682413774        5.546871970709        6.718101885046
      100000 345900000  -288557.465210806578     5481.036538952030        0.968731591291        0.812310454738        3.640367857571        8.555598650152
      100000 346000000  -288674.942192074377     5472.455071563832        0.953182345887        0.794643515245        8.161180978794       10.242054494480
      100000 346100000  -288664.793901720550     5503.026806994341        0.953831259525        0.857582518053        7.936513598326        4.926027644666
      100000 346200000  -288582.518398613436     5492.787204272114        0.965090174105        0.836501922679        4.537629962957        6.492254541388
      100000 346300000  -288685.685370954685     5490.343518874608        0.951290595324        0.831471029930        8.834039860320        6.897939365030
      100000 346400000  -288553.087907194393     5475.231636177748        0.969470376461        0.800359717010        3.470376623439        9.679804647444
      100000 346500000  -288609.109879272059     5506.593866771087        0.961242478932        0.864926137320        5.593011273654        4.431113537759
      100000 346600000  -288605.617054371862     5505.066626469605        0.961739547082        0.861781959200        5.450469638123        4.639804742291
      100000 346700000  -288677.359313727589     5495.228550558910        0.952301426269        0.841527999827        8.471191457255        6.099234314813
      100000 346800000  -288602.031594826607     5502.893690296449        0.962262014778        0.857308466479        5.302627640803        4.945004030005
      100000 346900000  -288593.467109564459     5493.687684436329        0.963600238037        0.838355769796        4.933223575835        6.345862442151
      100000 347000000  -288714.461534004891     5509.868716876954        0.947037126408        0.871668175255       10.444238776164        3.999806466083
      100000 347100000  -288687.905975768343     5491.678791360930        0.950962422784        0.834219997812        8.953476975686        6.674742578737
      100000 347200000  -288806.422207913594     5479.453706570901        0.935339964975        0.809051827438       15.567023542473        8.855258670396
      100000 347300000  -288629.943383597536     5492.398634592071        0.958730133327        0.835701961937        6.341614568103        6.555940357225
      100000 347400000  -288605.061726573855     5465.009144825861        0.962779433141        0.779314349357        5.158217817135       11.828193758211
      100000 347500000  -288686.582575483248     5507.228178525344        0.950827397353        0.866232015076        9.002851825800        4.345848765773
      100000 347600000  -288577.092276568990     5491.177619270049        0.965854533475        0.833188218909        4.341100225548        6.758085438455
      100000 347700000  -288649.260144626955     5497.222989238799        0.956032906077        0.845634014088        7.197625290825        5.787266224820
      100000 347800000  -288602.096310964786     5509.027233967558        0.962140995254        0.869935787660        5.336691484882        4.108524390614
      100000 347900000  -288710.934536712710     5495.944177504629        0.947777527846        0.843001283751       10.154266682979        5.986354642185
      100000 348000000  -288661.767738474300     5495.465754624456        0.954390143202        0.842016339371        7.745529788365        6.061702030159
      100000 348100000  -288620.263823267072     5461.501481834799        0.960843629924        0.772093012141        5.708717604540       12.614949656279
      100000 348200000  -288520.315290411701     5480.032571391203        0.973745813049        0.810243554830        2.566438478851        8.745070415331
      100000 348300000  -288684.702772955876     5469.968086585402        0.951941057950        0.789523480273        8.599676681405       10.759139712321
      100000 348400000  -288730.844993300037     5506.909737976268        0.944889232571        0.865576431403       11.308542344739        4.388550298553
      100000 348500000  -288692.942788874963     5493.483016234823        0.950246324574        0.837934412869        9.216882447245        6.378988995213
      100000 348600000  -288633.525392196141     5480.622306382284        0.958528107318        0.811457660989        6.403854018116        8.633522400273
      100000 348700000  -288679.955708540045     5476.493896837346        0.952399968951        0.802958373124        8.436225563604        9.429446662845
      100000 348800000  -288647.934766492108     5502.060209880583        0.956113849561        0.855592553872        7.171148008504        5.064649718481
      100000 348900000  -288612.907178960508     5481.992598809302        0.961262445351        0.814278725534        5.587250139523        8.377097102645
      100000 349000000  -288691.309315962251     5482.341441710480        0.950725317950        0.814996899495        9.040269395362        8.312434819394
      100000 349100000  -288634.051573486300     5486.879671810195        0.958304430286        0.824339897954        6.473118175054        7.494048518556
      100000 349200000  -288637.685653485591     5531.974723017775        0.957033773007        0.917178512270        6.873661612580        1.665928254966
      100000 349300000  -288684.439099184237     5478.487473959103        0.951745703443        0.807062613669        8.669732325761        9.040720043497
      100000 349400000  -288578.505060887663     5495.840630683117        0.965563364485        0.842788108620        4.415451706396        6.002622397037
      100000 349500000  -288611.069209198700     5520.468768535182        0.960754302752        0.893490838303        5.734793834820        2.755143172201
      100000 349600000  -288514.805091227405     5500.636630102061        0.974019416230        0.852661784964        2.513225870628        5.272311330333
      100000 349700000  -288614.108336343430     5500.024811815470        0.960696367075        0.851402215224        5.751738082308        5.362840858506
      100000 349800000  -288614.151821228210     5468.056110182777        0.961469730460        0.785587233721        5.527615239000       11.165328856607
      100000 349900000  -288755.575617612572     5506.697333820164        0.941572053908        0.865139148220       12.710860457105        4.417148863584
      100000 350000000  -288707.095348692033     5491.110521356575        0.948398221278        0.833050082303        9.914322808378        6.769282795248
      100000 350100000  -288620.853953523096     5475.563096184283        0.960361357751        0.801042104254        5.850207245063        9.613744969979
      100000 350200000  -288799.379721529549     5467.284503051080        0.936618197637        0.783998701610       14.957633267069       11.331384137547
      100000 350300000  -288637.869317347882     5479.654712757096        0.957969399366        0.809465645258        6.577561292944        8.816918496440
      100000 350400000  -288628.325493368320     5472.269792423584        0.959447510129        0.794262075193        6.123063454577       10.280138103862
      100000 350500000  -288583.894031874137     5491.185362624004        0.964940967829        0.833204160398        4.576500951610        6.756793817510
      100000 350600000  -288708.223145510070     5497.211943574250        0.948115128241        0.845611274028       10.023403335991        5.788971425307
      100000 350700000  -288638.761146526784     5489.568684704602        0.957609560882        0.829875854213        6.690668952662        7.029139368002
      100000 350800000  -288681.237432931084     5523.433686332777        0.951290380438        0.899594808750        8.834117804942        2.448401148385
      100000 350900000  -288689.609475033591     5507.690211311914        0.950412651751        0.867183216650        9.155361139369        4.284263314102
      100000 351000000  -288662.534166455269     5472.860966854729        0.954837420789        0.795479144773        7.594360058381       10.158870853408
      100000 351100000  -288677.435311820591     5503.052232643589        0.952133187238        0.857634862645        8.531054817310        4.922407253171
      100000 351200000  -288724.521905206144     5515.441390332766        0.945594398802        0.883140815108       11.020998382465        3.316621750578
      100000 351300000  -288626.932044078829     5515.719364704564        0.958695167033        0.883713089777        6.352365108940        3.284217430914
      100000 351400000  -288622.970880691893     5466.474294991232        0.960331330172        0.782330700542        5.859074052151       11.507065844395
      100000 351500000  -288717.112298856722     5459.703137408011        0.947893554736        0.768390703347       10.109195696309       13.028133930915
      100000 351600000  -288770.838258199627     5478.523893730715        0.940142414137        0.807137592209       13.340499949096        9.033694673302
      100000 351700000  -288607.365649405634     5473.486983577721        0.962228735888        0.796767945285        5.311983909805       10.031240783172
      100000 351800000  -288670.990730863996     5497.103783702478        0.953117228275        0.845388601864        8.183899169509        5.805682132208
      100000 351900000  -288552.247432003263     5458.123697900213        0.970082350466        0.765139061063        3.332641913289       13.396514690567
      100000 352000000  -288677.641074162442     5500.652594685555        0.952152227868        0.852694651759        8.524269141173        5.269959399449
      100000 352100000  -288640.907389351167     5504.510540240444        0.957010852791        0.860637126816        6.880997040618        4.716984204163
      100000 352200000  -288647.262555266730     5511.320307136513        0.956036399353        0.874656610230        7.196481604142        3.815690230842
      100000 352300000  -288773.817644369556     5482.535265983082        0.939640652720        0.815395931682       13.565093157346        8.276615399071
      100000 352400000  -288543.107531658141     5468.483761976473        0.970997817872        0.786467654053        3.131807516904       11.073823109183
      100000 352500000  -288533.260435455013     5491.678883910179        0.971729417403        0.834220188346        2.975796496350        6.674727235931
      100000 352600000  -288647.659743921831     5494.410969153047        0.956307204939        0.839844819017        7.108097342237        6.229486144171
      100000 352700000  -288669.498604689492     5513.931042053737        0.953007369105        0.880031413131        8.222298339622        3.495467959330
      100000 352800000  -288613.101559306728     5468.009008565918        0.961612124240        0.785490264126        5.486834646227       11.175430328286
      100000 352900000  -288608.154661962297     5503.038145753555        0.961436996936        0.857605861517        5.537011237981        4.924412939473
      100000 353000000  -288649.416248361347     5491.968523494899        0.956124681961        0.834816478559        7.167608342438        6.626797194753
      100000 353100000  -288645.997666195966     5477.813313342631        0.956925445483        0.805674697793        6.908365400143        9.171258669918
      100000 353200000  -288642.488360727672     5502.052970471792        0.956845375356        0.855577649872        6.934072819298        5.065695196964
      100000 353300000  -288717.330361606786     5483.416009920649        0.947204474540        0.817209147202       10.378341198581        8.114824974339
      100000 353400000  -288593.686889993027     5464.114276967943        0.964333564422        0.777472056474        4.736451879351       12.026502558018
      100000 353500000  -288734.627032714197     5520.472668991424        0.944161948829        0.893498868296       11.608984087778        2.754727753537
      100000 353600000  -288664.374498231802     5501.483050005510        0.953917433919        0.854404336505        7.906914091254        5.148338797741
      100000 353700000  -288647.642784215976     5486.162467005663        0.956496286859        0.822863365641        7.046709438012        7.620562275742
      100000 353800000  -288513.842228695983     5506.415117961355        0.974039001008        0.864558141467        2.509438240538        4.455290719349
      100000 353900000  -288557.700238417834     5482.142677611671        0.968672319539        0.814587697532        3.654182150935        8.349247461273
      100000 354000000  -288512.239899637410     5523.371188219637        0.973985516714        0.899466141899        2.519788673335        2.454680304106
      100000 354100000  -288606.741764369188     5516.188289267011        0.961399181332        0.884678479668        5.547875956414        3.229913989936
      100000 354200000  -288540.152564883465     5468.074010718614        0.971406406349        0.785624086123        3.044186062528       11.161491083039
      100000 354300000  -288633.348197577521     5477.528899252415        0.958631546865        0.805089165472        6.371948762691        9.226610790772
      100000 354400000  -288720.582551186206     5487.433451565914        0.946671362055        0.825479981927       10.588993808822        7.397087187867
      100000 354500000  -288583.926168347243     5490.717773592100        0.964947155873        0.832241520005        4.574885556729        6.835010782720
      100000 354600000  -288643.556072731735     5527.944909112528        0.956292511818        0.908882206381        7.112878803359        2.016399722291
      100000 354700000  -288639.785735837184     5498.912456213497        0.957270575633        0.849112173413        6.798103863864        5.529408107261
      100000 354800000  -288610.425546243787     5504.504092086107        0.961104310618        0.860623851796        5.632959875719        4.717882880278
      100000 354900000  -288683.108009482967     5490.853145897388        0.951625205657        0.832520215270        8.713085477006        6.812319794362
      100000 355000000  -288714.325355898123     5495.351403599605        0.947334728499        0.841780921284       10.327194725400        6.079781083812
      100000 355100000  -288616.984474769095     5478.017363504507        0.960816241710        0.806094782343        5.716706407232        9.131649419706
      100000 355200000  -288455.028103088029     5490.742023987696        0.982256036659        0.832291445065        1.172289767743        6.830943178567
      100000 355300000  -288633.832503714832     5479.084553917870        0.958526127118        0.808291841145        6.404465575114        8.925887970367
      100000 355400000  -288682.568133504828     5493.489892879501        0.951639363714        0.837948570036        8.707986032012        6.377874576433
      100000 355500000  -288620.277210592292     5481.640979823656        0.960281527121        0.813554836360        5.873795137471        8.442527495374
      100000 355600000  -288606.456531656673     5501.497631215490        0.961694820413        0.854434355305        5.463220341508        5.146216055655
      100000 355700000  -288521.619672815083     5512.493767629378        0.972889133865        0.877072450621        2.736657806692        3.670022161533
      100000 355800000  -288561.004486971768     5489.123316128738        0.968061527362        0.828958959779        3.798061546654        7.105111494516
      100000 355900000  -288588.394919435959     5510.059517113492        0.963963041269        0.872060981762        4.835372942955        3.975358197353
      100000 356000000  -288593.117455974221     5508.050606349483        0.963363934848        0.867925173361        4.997483357661        4.236530503235
      100000 356100000  -288691.646932129748     5471.626795941964        0.950962040536        0.792938317913        8.953616561150       10.412852451286
      100000 356200000  -288603.492770656478     5501.457888754085        0.962093594205        0.854352536237        5.350063370063        5.152002818517
      100000 356300000  -288586.837431013351     5485.399100041948        0.964679937942        0.821291797826        4.644902765764        7.756382371951
      100000 356400000  -288699.596208056435     5473.677136601880        0.949838120077        0.797159419356        9.368742869028        9.992632813351
      100000 356500000  -288470.718763827346     5520.124183138832        0.979606588730        0.892781429402        1.548508046691        2.791966899873
      100000 356600000  -288769.044001106871     5482.709227582440        0.940277386044        0.815754071952       13.280405221567        8.244532531426
      100000 356700000  -288577.238382243318     5490.933700232767        0.965840385477        0.832686055039        4.344698395880        6.798835251170
      100000 356800000  -288608.823347699828     5491.152672410943        0.961593999264        0.833136860018        5.492017127531        6.762247509076
      100000 356900000  -288679.643104763469     5510.163527304307        0.951707745240        0.872275110846        8.683377406808        3.962062371457
      100000 357000000  -288572.024961421033     5514.315388970077        0.966090710679        0.880822680336        4.281254909015        3.449510463465
      100000 357100000  -288639.452015871182     5492.018545226194        0.957461646760        0.834919459886        6.737442283638        6.618537004681
      100000 357200000  -288661.755288111977     5502.698624284007        0.954245599367        0.856906877883        7.794700853173        4.972877466601
      100000 357300000  -288660.011092824629     5527.899192801677        0.954083364396        0.908788088759        7.850075418053        2.020567443023
      100000 357400000  -288621.830570429331     5483.454179786146        0.960027986812        0.817287728717        5.949024468869        8.107849371796
      100000 357500000  -288673.466412151698     5505.396671448834        0.952622100768        0.862461433282        8.357671766669        4.594298700391
      100000 357600000  -288747.815818309085     5468.866440437734        0.943497056265        0.787255486356       11.887098472559       10.992259622834
      100000 357700000  -288614.334300494287     5488.505783182569        0.960914225062        0.827687625088        5.688151631921        7.211127517528
      100000 357800000  -288710.725080367643     5482.394661052153        0.948116697488        0.815106463845       10.022797033659        8.302591991649
      100000 357900000  -288628.522189152660     5492.777930804528        0.958912633680        0.836482831097        6.285651802455        6.493770824031
      100000 358000000  -288791.918537163408     5498.177028149366        0.936855985225        0.847598124297       14.845611596843        5.640931986574
      100000 358100000  -288727.584410456242     5486.102130888030        0.945762544047        0.822739149759       10.952980942935        7.631253759902
      100000 358200000  -288699.432683152147     5471.494257173501        0.949920197580        0.792665456140        9.338108693892       10.440314234007
      100000 358300000  -288643.921109882416     5489.545371612534        0.956917173855        0.829827858810        6.911018888467        7.033106047337
      100000 358400000  -288790.038333110977     5465.503312538378        0.937924735712        0.780331708124       14.347322670814       11.719389407975
      100000 358500000  -288693.431449437980     5499.081183315255        0.950063200306        0.849459537257        9.284854952784        5.503978546438
      100000 358600000  -288626.875902300002     5492.885324095376        0.959131353200        0.836703925076        6.218909362820        6.476222049157
      100000 358700000  -288678.557823983021     5489.410942496732        0.952268963042        0.829551105319        8.482726217073        7.056000739675
      100000 358800000  -288595.643703761976     5503.494354474358        0.963108370205        0.858545072902        5.067449097582        4.859665729918
      100000 358900000  -288685.135291581973     5515.099604791962        0.950888916962        0.882437170359        8.980339067285        3.356682778085
      100000 359000000  -288541.924241168890     5487.737529140897        0.970655865227        0.826105996089        3.206094569127        7.344114742420
      100000 359100000  -288657.201797351241     5468.674485065043        0.955670895404        0.786860301733        7.316639028007       11.033135004144
      100000 359200000  -288783.133617953863     5487.666678409092        0.938266063691        0.825960133437       14.189975651622        7.356440427091
      100000 359300000  -288722.868446287233     5506.733670363203        0.945963567424        0.865213955415       10.871940089062        4.412249845557
      100000 359400000  -288771.024869958404     5483.914022041485        0.939981771351        0.818234420574       13.412201163268        8.024048213351
      100000 359500000  -288666.996057112934     5491.130314170383        0.953782619943        0.833090830398        7.953244920943        6.765978789871
      100000 359600000  -288751.311732211849     5490.787731305696        0.942467755183        0.832385544172       12.324132271985        6.823279820824
      100000 359700000  -288643.059933840064     5506.442033393309        0.956686160841        0.864613553122        6.985332289648        4.451645988936
      100000 359800000  -288593.960771111306     5503.070027776994        0.963342452644        0.857671498052        5.003345801048        4.919874172525
      100000 359900000  -288610.443140422460     5508.768780876882        0.961024641957        0.869403702073        5.656059092008        4.142208647862
      100000 360000000  -288508.721766253002     5490.202955763787        0.975057817803        0.831181648189        2.316341594233        6.921648659525
      100000 360100000  -288689.061227478087     5488.089468242601        0.950888973829        0.826830544297        8.980318270370        7.283042141314
      100000 360200000  -288762.552771938266     5525.262221071869        0.940346536850        0.903359271299       13.249669156754        2.268248493471
      100000 360300000  -288548.231061767554     5487.342502454296        0.969818182848        0.825292742102        3.391755036895        7.412968143118
      100000 360400000  -288581.194768315880     5505.748104383238        0.965006575435        0.863184939427        4.559388537793        4.546090250239
      100000 360500000  -288676.993652706966     5510.127361293882        0.952064154606        0.872200654731        8.555679219889        3.966683017520
      100000 360600000  -288688.308948981110     5488.803520739079        0.950973461116        0.828300586852        8.949446584084        7.159914902934
      100000 360700000  -288745.342449196149     5486.095234117471        0.943378021729        0.822724951159       11.937236239687        7.632476336278
      100000 360800000  -288722.081709888531     5473.911059110425        0.946812229101        0.797641003055       10.533126257427        9.945240162525
      100000 360900000  -288535.852401567157     5465.971434444189        0.972045005639        0.781295445561        2.909728910636       11.616783441838
      100000 361000000  -288683.560969956219     5485.928506683558        0.951678488512        0.822381704095        8.693901834185        7.662061564619
      100000 361100000  -288728.759649841115     5491.850911381654        0.945472448451        0.834574346765       11.070460971163        6.646239016599
      100000 361200000  -288715.736852144124     5486.631257925183        0.947340969000        0.823828480398       10.324747456316        7.537748448558
      100000 361300000  -288719.967110493686     5514.767716491595        0.946216686321        0.881753901373       10.770325377923        3.395813890292
      100000 361400000  -288781.654120961903     5507.787321223877        0.938050455596        0.867383139910       14.289266785837        4.271375195229
      100000 361500000  -288568.726651107427     5488.596472662874        0.967036674847        0.827874330401        4.045719231892        7.195509063901
      100000 361600000  -288647.413049906492     5517.697417201474        0.955914471280        0.887785369283        7.236454212234        3.058223409112
      100000 361700000  -288537.965653153369     5497.028676720336        0.970982422555        0.845233976734        3.135133333395        5.817300334440
      100000 361800000  -288657.717462188331     5493.567751866765        0.954974810159        0.838108860806        7.548224637258        6.365263656250
      100000 361900000  -288651.087566940114     5503.825976693071        0.955656656171        0.859227794097        7.321340230941        4.812869335905
      100000 362000000  -288735.808569346555     5512.955978961661        0.944118595272        0.878024019772       11.627017888024        3.613423568182
      100000 362100000  -288715.204089624342     5482.177765681408        0.947520613340        0.814659934455       10.254422627113        8.342742968801
      100000 362200000  -288661.750732127344     5472.809538867325        0.954944039213        0.795373268342        7.558545321315       10.169391671880
      100000 362300000  -288610.601872405969     5477.343598295934        0.961690953799        0.804707680507        5.464323337567        9.262763299603
      100000 362400000  -288649.939930808032     5501.659630837850        0.955852370890        0.854767869073        7.256855607392        5.122661490738
      100000 362500000  -288713.486431767931     5521.364091358148        0.946988232787        0.895334067837       10.463531247442        2.660608231614
      100000 362600000  -288655.924718233291     5483.485444857739        0.955448794527        0.817352095113        7.390139401250        8.102137865764
      100000 362700000  -288567.253159256652     5483.092429765500        0.967365956795        0.816542982459        3.965294790900        8.174080245692
      100000 362800000  -288508.784943967825     5507.434214917012        0.974699740277        0.866656188740        2.383327203912        4.318331390444
      100000 362900000  -288698.440232189372     5495.459638372064        0.949465607478        0.842003747648        9.508408025427        6.062668336609
      100000 363000000  -288654.816052482463     5490.858442627825        0.955424348873        0.832531119817        7.398251700420        6.811432727968
      100000 363100000  -288709.433563733008     5488.621924176812        0.948140876463        0.827926728242       10.013457439438        7.191128871824
      100000 363200000  -288545.832162931561     5505.553493835032        0.969758919742        0.862784288510        3.405087784782        4.572754889627
      100000 363300000  -288628.521130486624     5503.208294897340        0.958698780804        0.857956152964        6.351253617211        4.900214499625
      100000 363400000  -288663.558547700755     5505.449850117788        0.953951623469        0.862570913897        7.895185857877        4.586987493499
      100000 363500000  -288634.786265017465     5488.892687411048        0.958158845369        0.828484157112        6.518400377039        7.144613221859
      100000 363600000  -288594.583407396218     5519.925844896585        0.962975949566        0.892373104162        5.103893091712        2.813272935957
      100000 363700000  -288661.473679350456     5460.427011946216        0.955342696253        0.769880966852        7.425380408468       12.861017240159
      100000 363800000  -288706.432471318636     5485.628973885439        0.948614283636        0.821765046409        9.831471891645        7.715356424389
      100000 363900000  -288588.585125704994     5488.308591265231        0.964376591265        0.827281659824        4.725030965352        7.245146151652
      100000 364000000  -288612.308773227036     5497.833985323086        0.960982407400        0.846891891134        5.668323793970        5.693333490855
      100000 364100000  -288733.042261985131     5490.910994444974        0.944918348269        0.832639309912       11.296596616360        6.802634776791
      100000 364200000  -288665.225892488146     5489.467807847075        0.954057976541        0.829668175822        7.858758618420        7.046311432191
      100000 364300000  -288802.278791039484     5515.421349150129        0.935152918616        0.883099555689       15.657217325548        3.318964160289
      100000 364400000  -288661.202083985088     5487.934886811301        0.954633712651        0.826512302594        7.663024070015        7.309835520763
      100000 364500000  -288671.539040461183     5491.836680754088        0.953156789652        0.834545049720        8.170093257061        6.648593335918
      100000 364600000  -288541.950992529513     5494.377518757246        0.970503311485        0.839775953624        3.239516790850        6.234844550152
      100000 364700000  -288571.644425369799     5524.980342506431        0.965986852131        0.902778958942        4.307520623471        2.295571232248
      100000 364800000  -288655.165884865448     5489.815174203366        0.955400983211        0.830383309973        7.406009763528        6.987268093838
      100000 364900000  -288758.382458380191     5506.914072000422        0.941191210998        0.865585353996       12.877103431698        4.387967722896
      100000 365000000  -288727.528990500839     5462.920695945621        0.946396078633        0.775014793310       10.698597134066       12.293574159687
      100000 365100000  -288559.470864965348     5486.887670255266        0.968319514760        0.824356364607        3.736950636134        7.492643576732
      100000 365200000  -288763.360679287929     5503.389944865368        0.940588025159        0.858330121523       13.142612041968        4.874446205041
      100000 365300000  -288622.543702133698     5494.350718298927        0.959681277181        0.839720778670        6.052673454396        6.239139367386
      100000 365400000  -288534.807239972986     5494.147539412603        0.971467585287        0.839302487843        3.031173299308        6.271747215009
      100000 365500000  -288674.069226637948     5502.554344521835        0.952594763972        0.856609844554        8.367319213614        4.993544336177
      100000 365600000  -288774.532817227533     5494.204109223559        0.939274164298        0.839418949909       13.730321661727        6.262659881243
      100000 365700000  -288729.233151686145     5464.726064408198        0.946113136115        0.778731562710       10.811837994452       11.890748032111
      100000 365800000  -288674.600117450813     5518.215153491125        0.952255817286        0.888851249428        8.487399369254        3.000401744976
      100000 365900000  -288689.282987529878     5466.760348085314        0.951418078570        0.782919607133        8.787859114028       11.444885097075
      100000 366000000  -288653.651979883201     5478.132090526633        0.955889260563        0.806330974508        7.244733045353        9.109416800322
      100000 366100000  -288623.583754085936     5477.795076319948        0.959935834538        0.805637152656        5.976486086354        9.174802927218
      100000 366200000  -288709.332150452770     5499.416879288852        0.947921160691        0.850150645221       10.098486845486        5.453558720312
      100000 366300000  -288560.432000535307     5497.457652601413        0.967956577993        0.846117123007        3.823063309850        5.751098867474
      100000 366400000  -288616.503413234139     5482.065283599310        0.960777703223        0.814428364020        5.727957066751        8.363603429032
      100000 366500000  -288528.668654529843     5492.804367263801        0.972321156556        0.836537256675        2.852525855792        6.489448728464
      100000 366600000  -288693.809061513050     5499.304570906796        0.950007982595        0.849919432387        9.305399796900        5.470401042469
      100000 366700000  -288736.938054644037     5491.438068670221        0.944383383844        0.833724414362       11.517091968590        6.714709236020
      100000 366800000  -288603.601336376043     5499.849377589300        0.962110833141        0.851041043210        5.345198312280        5.388941676855
      100000 366900000  -288583.594322628342     5500.392591815442        0.964786704038        0.852159375592        4.616863822896        5.308328799445
      100000 367000000  -288771.605211084010     5472.331569355913        0.940205097578        0.794389257326       13.312573978652       10.267432174465
      100000 367100000  -288720.379095650278     5482.219942035154        0.946824624114        0.814746764254       10.528217496763        8.334927831715
      100000 367200000  -288699.274745395407     5465.393779018894        0.950116403528        0.780106207988        9.265081116494       11.743462799015
      100000 367300000  -288718.326493337983     5468.204379168339        0.947476085418        0.785892479791       10.271831437333       11.133560722522
      100000 367400000  -288628.094509477960     5463.187460974790        0.959740858294        0.775563990949        6.034797959553       12.233629227824
      100000 367500000  -288633.132121519884     5486.019055921584        0.958448304838        0.822568120687        6.428523021044        7.645986803205
      100000 367600000  -288591.791067178594     5506.563649279065        0.963568730918        0.864863927609        4.941767529212        4.435196071037
      100000 367700000  -288678.088797922246     5492.694975607097        0.952258269419        0.836312048597        8.486527569005        6.507342506708
      100000 367800000  -288728.278817727929     5494.856476866640        0.945471499463        0.840761999898       11.070846311028        6.158340081250
      100000 367900000  -288648.302387932781     5510.765174403787        0.955906149234        0.873513740840        7.239186528080        3.885589671438
      100000 368000000  -288744.143769795541     5486.768178433180        0.943523032229        0.824110362997       11.876171329887        7.513646252354
      100000 368100000  -288555.085894892458     5508.936559664086        0.968455501598        0.869749113592        3.704938156769        4.120326335745
      100000 368200000  -288632.737110232934     5501.155043865554        0.958172374504        0.853729059846        6.514185671871        5.196205816764
      100000 368300000  -288657.396047956543     5488.880802665837        0.955122902972        0.828459689610        7.498652409973        7.146651789347
      100000 368400000  -288787.735676181037     5525.648890245706        0.936959784717        0.904155319409       14.796843700958        2.231034406378
      100000 368500000  -288620.079360314645     5527.989615151659        0.959444599203        0.908974244123        6.123942533781        2.012328263965
      100000 368600000  -288677.620866128476     5505.151174089871        0.952068751229        0.861956020071        8.554038471107        4.628126094080
      100000 368700000  -288635.924314418109     5510.883092658594        0.957566371492        0.873756502897        6.704309439461        3.870688945540
      100000 368800000  -288685.609994298313     5486.071787329391        0.951399915024        0.822676680511        8.794431456970        7.636633432676
      100000 368900000  -288654.785412784666     5498.045642320067        0.955273970824        0.847327636117        7.448252596541        5.660973202557
      100000 369000000  -288642.132786966395     5499.073309061117        0.956952139808        0.849443326280        6.899805496824        5.505164004124
      100000 369100000  -288639.112351864809     5505.327563515864        0.957236706188        0.862319158585        6.808885158722        4.603808622595
      100000 369200000  -288520.997366539668     5535.052206949331        0.972670658437        0.923514226193        2.780942748933        1.420795486185
      100000 369300000  -288536.166514932644     5503.340076245368        0.971098360062        0.858227455411        3.110131010849        4.881513646285
      100000 369400000  -288815.033516027266     5497.097770959139        0.933774176232        0.845376223238       16.330085152735        5.806611808077
      100000 369500000  -288713.403086351464     5494.027745094150        0.947486943775        0.839055863474       10.267584850371        6.291012636054
      100000 369600000  -288590.086347409524     5483.002360877581        0.964301960129        0.816357554778        4.744849608670        8.190612365876
      100000 369700000  -288630.937012964860     5502.818029576913        0.958381822724        0.857152701353        6.449110566133        4.955806066754
      100000 369800000  -288688.999304872239     5507.051464421675        0.950506038981        0.865868208138        9.120909257911        4.369519600237
      100000 369900000  -288575.654977782862     5486.433771234937        0.966156921682        0.823421908276        4.264552144794        7.572580125171
      100000 370000000  -288683.789531594142     5487.103755985387        0.951619954424        0.824801227163        8.714977244463        7.454737557762
      100000 370100000  -288594.372297958005     5495.094418006018        0.963448420166        0.841251856879        4.974460844539        6.120509088638
      100000 370200000  -288639.830918491818     5492.494635129347        0.957400242025        0.835899601292        6.756907515630        6.540177144039
      100000 370300000  -288500.939374629175     5502.378677148372        0.975847363519        0.856248192552        2.172014903721        5.018765073394
      100000 370400000  -288705.479120599572     5490.504235415719        0.948628904192        0.831801902179        9.825878075139        6.870880560205
      100000 370500000  -288722.379452066962     5486.935460953973        0.946441765472        0.824454752836       10.680367990306        7.484251795694
      100000 370600000  -288661.314682264347     5499.236714515835        0.954372946839        0.849779734280        7.751371510362        5.480589707845
      100000 370700000  -288677.707120805513     5480.287961915135        0.952603524507        0.810769335414        8.364226921459        8.696675557069
      100000 370800000  -288740.161690866342     5494.519359707832        0.943883000073        0.840067966095       11.725263233499        6.212138928770
      100000 370900000  -288642.803364317864     5495.151356651448        0.956943509428        0.841369078277        6.902572366883        6.111473521618
      100000 371000000  -288542.777142130304     5487.851296018809        0.970538676228        0.826340211574        3.231753478764        7.324344687489
      100000 371100000  -288650.301784074632     5496.432128028944        0.955909507274        0.844005842995        7.238083945538        5.909992123879
      100000 371200000  -288683.565951503115     5514.516985183582        0.951108904940        0.881237712865        8.900066272010        3.425526601578
      100000 371300000  -288679.710727472091     5514.774038968608        0.951622523736        0.881766917657        8.714051619071        3.395066323199
      100000 371400000  -288633.626416660147     5472.793968743645        0.958721217235        0.795341213633        6.344354994843       10.172577984948
      100000 371500000  -288748.824471100466     5490.577541554347        0.942806500977        0.831952819855       12.179432280518        6.858556138725
      100000 371600000  -288726.586570528802     5520.694444174878        0.945238519161        0.893955443910       11.165651752813        2.731159074086
      100000 371700000  -288637.700248824200     5485.267185074277        0.957852854359        0.821020220291        6.614089190617        7.779974571234
      100000 371800000  -288439.375216702698     5499.617878615856        0.984169022123        0.850564448920        0.933145132793        5.423480687982
      100000 371900000  -288734.776774738915     5500.041710705496        0.944491740695        0.851437005505       11.472258599582        5.360330014841
      100000 372000000  -288597.834105463699     5486.248485979624        0.963182935522        0.823040455635        5.046985155653        7.605332780754
      100000 372100000  -288550.246343965176     5519.898647201248        0.968930265819        0.892317111403        3.594254179735        2.816200900917
      100000 372200000  -288608.918358421652     5491.054595082998        0.961583439505        0.832934945107        5.495037611232        6.778622901616
      100000 372300000  -288653.562346252613     5496.277247946709        0.955474901580        0.843686986450        7.381480680387        5.934177204008
      100000 372400000  -288576.995826982893     5480.594520002604        0.966120037247        0.811400456286        4.273852794545        8.638762104047
      100000 372500000  -288637.927823364502     5485.783794674091        0.957809914184        0.822083780884        6.627573132177        7.687786621671
      100000 372600000  -288612.593151863199     5509.533903764561        0.960722584423        0.870978884865        5.744067288856        4.042889035475
      100000 372700000  -288669.772785347654     5509.423089246266        0.953045983601        0.870750747496        8.208791138273        4.057199088665
      100000 372800000  -288791.357150555355     5497.103297055699        0.936953506577        0.845387599989       14.799791066485        5.805757373591
      100000 372900000  -288661.998126515420     5492.024917249568        0.954433839765        0.834932578173        7.730695674773        6.617485149416
      100000 373000000  -288604.395025140606     5499.535946023650        0.962010533752        0.850395771690        5.373535157512        5.435731240131
      100000 373100000  -288604.343801926356     5484.678580948152        0.962346410353        0.819808442281        5.278937033090        7.885679436833
      100000 373200000  -288725.904618436936     5501.947038846090        0.945645652484        0.855359565069       11.000243141709        5.081005642339
      100000 373300000  -288639.917859317968     5498.876214209944        0.957253567603        0.849037560849        6.803516778555        5.534877936463
      100000 373400000  -288683.053099866025     5516.545077191666        0.951145998529        0.885413010302        8.886566465298        3.188899699859
      100000 373500000  -288681.462922503706     5531.003422411159        0.951165956586        0.915178864859        8.879307188137        1.747343945610
      100000 373600000  -288668.466899512336     5518.255549010821        0.953078830412        0.888934412967        8.197310190835        2.995913513150
      100000 373700000  -288637.391804686980     5501.736853647977        0.957535924865        0.854926850125        6.713933732580        5.111452395949
      100000 373800000  -288535.653165686410     5496.853018847294        0.971296616213        0.844872344291        3.067608319733        5.844517966699
      100000 373900000  -288668.932031438919     5473.593664431944        0.953958217035        0.796987572548        7.892925030770       10.009571528981
      100000 374000000  -288556.209390814882     5520.353471159935        0.968122953484        0.893253471934        3.783466243584        2.767437082844
      100000 374100000  -288647.354573380901     5506.312501150183        0.956111800809        0.864346880979        7.171817570415        4.469200170410
      100000 374200000  -288651.858925164444     5493.671354249120        0.955759288895        0.838322150321        7.287488948871        6.348502397198
      100000 374300000  -288805.470122716390     5487.164585985243        0.935278314901        0.824926459816       15.596722433696        7.444084025387
      100000 374400000  -288706.984348260565     5482.916713710874        0.948606107529        0.816181230235        9.834600759602        8.206348371845
      100000 374500000  -288668.913681359962     5518.172475024126        0.953020073078        0.888763385912        8.217853313198        3.005147278199
      100000 374600000  -288748.507289397530     5474.274431722239        0.943253742183        0.798389089793       11.989695813715        9.871844362397
      100000 374700000  -288515.790246158140     5488.168685708195        0.974155297177        0.826993631810        2.487005792098        7.269330555605
      100000 374800000  -288505.172158818925     5485.649421967566        0.975640582327        0.821807143525        2.209365230992        7.711712291823
      100000 374900000  -288631.467327741208     5509.571397509426        0.958187364998        0.871056074429        6.509517304417        4.038052997765
      100000 375000000  -288688.909301591339     5498.834969038144        0.950675455002        0.848952648104        9.058575046314        5.541106159321
      100000 375100000  -288541.921840412775     5484.575724887662        0.970731403429        0.819596689242        3.189609441435        7.904224120635
      100000 375200000  -288664.380507258466     5503.025362808257        0.953886800944        0.857579544862        7.917429686698        4.926233324158
      100000 375300000  -288662.678081750637     5475.159121435136        0.954755706816        0.800210428606        7.621866314266        9.694286923985
      100000 375400000  -288668.847750656074     5484.165311899967        0.953696778538        0.818751758988        7.982816122700        7.978437367568
      100000 375500000  -288676.597440077923     5462.837911079638        0.953238062410        0.774844361477        8.141767701294       12.312206584459
      100000 375600000  -288562.088202186162     5495.928742283955        0.967766087868        0.842969506772        3.868652726456        5.988778197258
      100000 375700000  -288622.559040110791     5494.248972921632        0.959681408830        0.839511312230        6.052633928044        6.255457693353
      100000 375800000  -288650.920423798729     5503.386692009866        0.955687432345        0.858323424766        7.311181112230        4.874907047576
      100000 375900000  -288663.697368621361     5494.253628357314        0.954156936250        0.839520896523        7.824939347258        6.254710570899
      100000 376000000  -288605.574605084257     5489.102578755468        0.962076784288        0.828916267090        5.354809484168        7.108658879078
      100000 376100000  -288661.217432503821     5509.537349397317        0.954192881048        0.870985978499        7.812673343454        4.042444488316
      100000 376200000  -288633.354366454296     5490.907667270862        0.958305283032        0.832632460153        6.472853405065        6.803191626342
      100000 376300000  -288748.782246175222     5508.023749149404        0.942460541867        0.867869881591       12.327222832022        4.240078405770
      100000 376400000  -288693.113574780989     5476.669020431116        0.950628399544        0.803318905629        9.075866993695        9.394971593898
      100000 376500000  -288658.668975572800     5481.241904653609        0.955135998396        0.812733247631        7.494276738867        8.517097068590
      100000 376600000  -288696.565660961438     5482.758275702596        0.950009123719        0.815855048875        9.304974989556        8.235498091373
      100000 376700000  -288531.363933602115     5512.438687240705        0.971581508989        0.876959054875        3.007015996884        3.676796181672
      100000 376800000  -288532.778480657609     5508.253054329194        0.971463133181        0.868341959448        3.032119322220        4.209834410162
      100000 376900000  -288579.928161861841     5513.072269338183        0.965049516493        0.878263430464        4.548205588929        3.599252856095
      100000 377000000  -288628.743584116222     5480.422031007707        0.959175321713        0.811045347714        6.205535339968        8.671324075940
      100000 377100000  -288676.320962498663     5469.650023934431        0.953075635985        0.788868674591        8.198426386454       10.826188566768
      100000 377200000  -288673.650626768824     5512.494305652566        0.952473235139        0.877073558266        8.410275395455        3.669956023959
      100000 377300000  -288615.197300729342     5498.557945069857        0.960579701081        0.848382330061        5.785934827484        5.583028892026
      100000 377400000  -288712.372588864993     5477.768947586417        0.948013266616        0.805583360602       10.062798340295        9.179882085024
      100000 377500000  -288618.967072770931     5480.023342851549        0.960498325510        0.810224555743        5.809847366839        8.746821677876
      100000 377600000  -288634.867137088906     5476.175855594687        0.958463239750        0.802303611516        6.423902647560        9.492218147310
      100000 377700000  -288537.463819626253     5500.596654997207        0.970977418461        0.852579486946        3.136214736809        5.278202835864
      100000 377800000  -288803.657215611776     5512.933992698789        0.935007715607        0.877978755954       15.727413866635        3.616105861739
      100000 377900000  -288582.124837417854     5525.098440487869        0.964577921604        0.903022091008        4.671773630041        2.284103980249
      100000 378000000  -288595.970432883594     5507.577949002385        0.962989229035        0.866952098668        5.100232507248        4.299186605864
      100000 378100000  -288631.436969401548     5463.840761327185        0.959272376157        0.776908961136        6.176064985268       12.087444438769
      100000 378200000  -288704.075144253671     5498.814993769862        0.948639273832        0.848911524385        9.821911621727        5.544123781427
      100000 378300000  -288710.430010456825     5522.648301216774        0.947380850582        0.897977911465       10.309114379605        2.527892834694
      100000 378400000  -288695.076782000251     5510.409780019894        0.949630976631        0.872782079133        9.446279065633        3.930672191813
      100000 378500000  -288590.516690700315     5497.390745750628        0.963917956831        0.845979379748        4.847479205252        5.761399294147
      100000 378600000  -288576.723374234512     5494.135585985146        0.965839021249        0.839277878942        4.345045430137        6.273668248143
      100000 378700000  -288817.232548729284     5522.127176641487        0.933045758570        0.896905055749       16.691289860251        2.581338597991
      100000 378800000  -288610.921083969064     5487.402982766740        0.961398264411        0.825417254842        5.548139527130        7.402405558859
      100000 378900000  -288612.826952357776     5500.463833892718        0.960859707226        0.852306043919        5.704030656542        5.297801550735
      100000 379000000  -288590.231706278399     5494.706779671833        0.964012735189        0.840453813528        4.822046459662        6.182200630489
      100000 379100000  -288653.134158418747     5504.747428847477        0.955364522329        0.861124816916        7.418123933126        4.684028491377
      100000 379200000  -288615.210348065244     5483.027443053201        0.960927496955        0.816409192250        5.684289371330        8.186006861403
      100000 379300000  -288652.604721607640     5487.292377087288        0.955803258609        0.825189547417        7.273010448724        7.421727994875
      100000 379400000  -288613.629648811417     5512.149794914760        0.960539018712        0.876364303067        5.797883341716        3.712427676112
      100000 379500000  -288609.950807484100     5511.152684764005        0.961049734127        0.874311520728        5.648778742532        3.836729509574
      100000 379600000  -288687.210460084723     5475.493004065007        0.951452367295        0.800897803381        8.775458692841        9.627695407716
      100000 379700000  -288683.153056798736     5524.561791308224        0.951018101149        0.901917274296        8.933156561244        2.336443545044
      100000 379800000  -288656.336808899185     5495.409825715236        0.955120637320        0.841901196749        7.499409578778        6.070541103874
      100000 379900000  -288712.154146061046     5473.004496800713        0.948170127819        0.795774634432       10.002164360257       10.129537191912
      100000 380000000  -288642.481890733121     5508.675773468800        0.956723863607        0.869212224768        6.973176741538        4.154363975441
      100000 380100000  -288494.391925865784     5473.494471437298        0.977399515047        0.796783360780        1.901819199865       10.029719067799
      100000 380200000  -288704.886715999804     5491.105547185987        0.948694925043        0.833039841820        9.800638357574        6.770113258087
      100000 380300000  -288585.082889071433     5512.970651898533        0.964358962581        0.878054227413        4.729708602331        3.611634043942
      100000 380400000  -288573.592095986707     5505.989740011282        0.966023089552        0.863682402370        4.298347095097        4.513090959537
      100000 380500000  -288693.311622040812     5520.936749611981        0.949703493624        0.894454285810        9.419098763314        2.705524337622
      100000 380600000  -288761.395197315607     5487.626606829464        0.941186203339        0.825877636803       12.879296535741        7.363416132348
      100000 380700000  -288705.918176388368     5497.841661782004        0.948411656460        0.846907694904        9.909160839539        5.692158223406
      100000 380800000  -288598.088852813700     5507.012398582883        0.962714899989        0.865787782055        5.176119996150        4.374761142151
      100000 380900000  -288685.116539480165     5513.884274150245        0.950910826032        0.879935130563        8.972328370823        3.501080890090
      100000 381000000  -288602.118176764343     5512.303872183897        0.962082313196        0.876681506835        5.353248219429        3.693402662506
      100000 381100000  -288493.834705727641     5480.502672080882        0.977289881794        0.811211366052        1.920315116433        8.656093263947
      100000 381200000  -288712.041027638363     5508.662892693654        0.947383152109        0.869185706707       10.308212571411        4.156048794152
      100000 381300000  -288761.687304114224     5465.552384345792        0.941730483469        0.780432733813       12.642021965844       11.708612366617
      100000 381400000  -288582.787768553244     5504.156792477705        0.964822241617        0.859908855061        4.607549763172        4.766412321013
      100000 381500000  -288646.377676813165     5517.599913247861        0.956054979776        0.887584634796        7.190399963197        3.069174565463
      100000 381600000  -288709.813973149285     5485.668006012216        0.948159255459        0.821845403088       10.006361111495        7.708401103331
      100000 381700000  -288707.006021353416     5478.266805982217        0.948720967011        0.806608317495        9.790691460923        9.083345270513
      100000 381800000  -288690.892444386845     5493.889534337446        0.950512836276        0.838771324599        9.118404174554        6.313276510116
      100000 381900000  -288672.509334889939     5487.389101146720        0.953128044223        0.825388676310        8.180123521762        7.404829248548
      100000 382000000  -288663.096007671673     5512.216285767965        0.953895190951        0.876501189899        7.914548895414        3.704211583998
      100000 382100000  -288555.556139851222     5500.739288261160        0.968545021203        0.852873130577        3.683939630481        5.257196708588
      100000 382200000  -288670.550645583542     5502.090547407046        0.953076226589        0.855655010702        8.198220012074        5.060269701155
      100000 382300000  -288672.006016067928     5491.224512567744        0.953107733866        0.833284759630        8.187214210340        6.750265347501
      100000 382400000  -288640.757923567668     5487.146702335216        0.957397560714        0.824889642177        6.757758127990        7.447215308526
      100000 382500000  -288795.252309693256     5501.452921160497        0.936342740501        0.854342309295       15.087927446996        5.152726361325
      100000 382600000  -288574.712437795708     5505.976408984512        0.965872885467        0.863654957362        4.336435101000        4.514908396015
      100000 382700000  -288726.309376534773     5498.864023271948        0.945652495078        0.849012462978       10.997473705320        5.536718463181
      100000 382800000  -288539.259335165611     5507.444674821571        0.970607216547        0.866677722878        3.216733939535        4.316936739528
      100000 382900000  -288607.132460752269     5493.586669954471        0.961767343328        0.838147808074        5.442552974905        6.362201353883
      100000 383000000  -288680.020189730451     5502.733759807423        0.951792172432        0.856979212501        8.653042425127        4.967851085616
      100000 383100000  -288680.568670670269     5524.030258981511        0.951372192493        0.900822991811        8.804467383083        2.388868507706
      100000 383200000  -288645.076172808651     5499.950307278894        0.956539254485        0.851248830368        7.032796563320        5.373917781531
      100000 383300000  -288738.314346627565     5480.488525021821        0.944459627448        0.811182241053       11.485536552877        8.658764273918
      100000 383400000  -288578.660197260091     5515.752607794479        0.965176964209        0.883781528382        4.515095801107        3.280352832257
      100000 383500000  -288616.849232109264     5484.553116358817        0.960670122780        0.819550144345        5.759421886444        7.908303300246
      100000 383600000  -288609.210770377191     5496.778281039558        0.961420291042        0.844718479193        5.541809658809        5.856117617376
      100000 383700000  -288707.950897108531     5515.998298393562        0.947810985113        0.884287339422       10.141259823242        3.251861182850
      100000 383800000  -288664.535419377033     5510.046379507519        0.953738533035        0.872033934955        7.968425409990        3.977039187429
      100000 383900000  -288583.211384754861     5528.863646691665        0.964384937253        0.910773640618        4.722817228229        1.933555247020
      100000 384000000  -288596.277310210047     5491.631596888416        0.963268078130        0.834122837052        5.023668977993        6.682568771219
      100000 384100000  -288676.793185232207     5469.756137464195        0.953009215261        0.789087133885        8.221652308653       10.803796267329
      100000 384200000  -288629.680786347715     5507.038929075003        0.958472013270        0.865842401222        6.421189182088        4.371201150497
      100000 384300000  -288583.262669773540     5483.685847061686        0.965201505399        0.817764669495        4.508734105301        8.065576163486
      100000 384400000  -288535.847671277588     5465.531257534400        0.972058595345        0.780389239375        2.906900596724       11.713251582288
      100000 384500000  -288715.796012469567     5494.253882173449        0.947160722796        0.839521419062       10.395549424752        6.254669838780
      100000 384600000  -288693.861214015167     5510.021073683165        0.949800873950        0.871981837051        9.382660965387        3.980278133384
      100000 384700000  -288698.886304439278     5470.706165591255        0.950015597810        0.791042986967        9.302565055442       10.604352169881
      100000 384800000  -288666.670155303553     5499.821117598563        0.953642030787        0.850982863469        8.001704640213        5.393152077673
      100000 384900000  -288635.597101939842     5509.604544333182        0.957632213241        0.871124314848        6.683520220719        4.033780047166
      100000 385000000  -288622.725467164069     5480.587741495110        0.959979279914        0.811386501158        5.963531372298        8.640040574764
      100000 385100000  -288732.154087090632     5483.590840539895        0.945209543009        0.817569076551       11.177471127130        8.082898999687
      100000 385200000  -288760.087927023647     5489.730482323095        0.941313171677        0.830208952109       12.823748421182        7.001640633589
      100000 385300000  -288685.127574391896     5509.677752153948        0.950979612909        0.871275030114        8.947200792668        4.024350855875
      100000 385400000  -288835.637281654635     5498.983765511774        0.930968674321        0.849258980130       17.742962656771        5.518653636571
      100000 385500000  -288515.213314343011     5506.908600376919        0.973845939163        0.865574089391        2.546900451555        4.388703220050
      100000 385600000  -288633.128519271966     5511.812694723718        0.957926172398        0.875670304196        6.591097823032        3.754222266744
      100000 385700000  -288563.989698413061     5513.707962989807        0.967179520089        0.879572153177        4.010731283153        3.522281665030
      100000 385800000  -288696.373459035298     5503.005657200702        0.949590917393        0.857538976301        9.461310574719        4.929040205469
      100000 385900000  -288639.954333475092     5515.134346732870        0.956955616403        0.882508694696        6.898691069454        3.352599659651
      100000 386000000  -288631.660461035557     5483.227583776228        0.958713520096        0.816821228313        6.346721243577        8.149304096997
      100000 386100000  -288759.016822388396     5489.447222604416        0.941463477528        0.829625796329       12.758145416664        7.049818190320
      100000 386200000  -288633.566605659900     5478.644470301457        0.958573190268        0.807385827025        6.389938679766        9.010454951197
      100000 386300000  -288574.371935573639     5497.202083526179        0.966089906187        0.845590974834        4.281458055548        5.790493805643
      100000 386400000  -288738.885830114130     5483.867243371904        0.944298791782        0.818138115841       11.552153269978        8.032553217835
      100000 386500000  -288697.287319607334     5472.226045282558        0.950187992781        0.794172011565        9.238507078418       10.289140519886
      100000 386600000  -288637.735950692557     5471.067710361443        0.958217212251        0.791787310669        6.500227200523       10.528939407796
      100000 386700000  -288791.282091582194     5498.528596270829        0.936934274048        0.848321908756       14.808821888438        5.587479575197
      100000 386800000  -288614.512468137313     5482.714631206356        0.961028939245        0.815765196565        5.654811925803        8.243536965779
      100000 386900000  -288607.587798268534     5467.387493981048        0.962370511386        0.784210732309        5.272181389277       11.309148881571
      100000 387000000  -288698.982995585306     5507.411221579649        0.949158889794        0.866608851626        9.624180561706        4.321397953901
      100000 387100000  -288652.771477557952     5504.629414673895        0.955415428713        0.860881857388        7.401212967108        4.700432067673
      100000 387200000  -288624.406545457896     5472.613734208047        0.959964290603        0.794970159070        5.967999356208       10.209498004689
      100000 387300000  -288579.764679498971     5516.741707082838        0.965013344455        0.885817818505        4.557624800516        3.166408271241
      100000 387400000  -288651.136887364089     5507.864189826883        0.955575948909        0.867541391745        7.348014946522        4.261187204757
      100000 387500000  -288643.983355219709     5491.994978764094        0.956853666045        0.834870942862        6.931408784148        6.622427940661
      100000 387600000  -288669.061629903037     5521.684100907296        0.952949454354        0.895992881661        8.242577510479        2.627219547208
      100000 387700000  -288675.418403409654     5497.530446311459        0.952513812853        0.846266985730        8.395920365896        5.739902616477
      100000 387800000  -288618.261009279639     5487.487539921887        0.960410621196        0.825591335343        5.835674846413        7.387650698467
      100000 387900000  -288603.551040535327     5522.349354614504        0.961737491551        0.897362460599        5.451055303580        2.558483984890
      100000 388000000  -288629.067122311099     5531.277359765954        0.958198959124        0.915742828393        6.505907787905        1.724185513558
      100000 388100000  -288614.792299848748     5504.579746086150        0.960516494055        0.860779603089        5.804504191053        4.707344408760
      100000 388200000  -288630.785922055831     5495.316008424386        0.958553800628        0.841708052112        6.395921646175        6.085382565434
      100000 388300000  -288800.888843633933     5476.820987819694        0.936151494105        0.803631765719       15.178721372970        9.365106253869
      100000 388400000  -288689.992886621738     5493.811613183469        0.950635323748        0.838610905844        9.073321451534        6.325845884565
      100000 388500000  -288583.968021394452     5473.785686343908        0.965362610222        0.797382894158        4.467083029449        9.970626649715
      100000 388600000  -288694.786428031977     5502.674965765327        0.949810377662        0.856858171339        9.379108646084        4.976263414066
      100000 388700000  -288664.865439889254     5503.233401171863        0.953817707630        0.858007840049        7.941173486301        4.896648956642
      100000 388800000  -288596.284404033329     5474.675546639599        0.963684568565        0.799214877814        4.910391589530        9.791140836758
      100000 388900000  -288550.171649565687     5502.349808123894        0.969236631081        0.856188758975        3.523720868280        5.022915905736
      100000 389000000  -288621.266566095175     5509.882854618132        0.959551822347        0.871697281071        6.091603543797        3.997992349705
      100000 389100000  -288600.821023114491     5500.873104787432        0.962463861950        0.853148622910        5.246055568538        5.237527134714
      100000 389200000  -288597.089956387645     5502.069153840654        0.962941509641        0.855610967087        5.113392833009        5.063358226392
      100000 389300000  -288697.367293092189     5487.632138350978        0.949784235137        0.825889024722        9.388881879159        7.362453002246
      100000 389400000  -288574.461348311044     5489.444898649119        0.966247064123        0.829621011929        4.241864776778        7.050214137912
      100000 389500000  -288652.148182914127     5480.651420678012        0.956026558228        0.811517599514        7.199703788100        8.628033995392
      100000 389600000  -288755.749544037972     5532.701652474701        0.941171230791        0.918675065033       12.885854875545        1.606266820012
      100000 389700000  -288637.825902293203     5523.878075920045        0.957114051326        0.900509687709        6.848000039025        2.403985408227
      100000 389800000  -288750.502438194817     5511.107758492231        0.942176134967        0.874219029585       12.449386368750        3.842378301994
      100000 389900000  -288589.625310400035     5486.750548054464        0.964273379971        0.824074066776        4.752450184686        7.516747573224
      100000 390000000  -288669.682347589871     5514.692342560738        0.952970510020        0.881598726667        8.235201862534        3.404732411618
      100000 390100000  -288632.778324723942     5492.450944657438        0.958348281803        0.835809654330        6.459509689267        6.547348732812
      100000 390200000  -288459.017524806084     5482.166197415441        0.981923610404        0.814636118499        1.216626010675        8.344887169728
      100000 390300000  -288630.769493730273     5486.654701863416        0.958750487097        0.823876745178        6.335360904171        7.533618860092
      100000 390400000  -288582.566257827217     5463.386411689222        0.965848752600        0.775973577105        4.342570258684       12.189018267208
      100000 390500000  -288560.637555809924     5484.715063820593        0.968214739787        0.819883550729        3.761709496725        7.879106901303
      100000 390600000  -288636.063666327856     5486.240219751373        0.958049371484        0.823023437689        6.552554699397        7.606795639076
      100000 390700000  -288554.320540043991     5503.016424263828        0.968666673728        0.857561142796        3.655499368305        4.927506437968
      100000 390800000  -288629.857035475783     5502.266455193982        0.958537473143        0.856017157650        6.400961909722        5.034910145767
      100000 390900000  -288752.177608740283     5467.671211661771        0.942945665317        0.784794830910       12.120233923931       11.248008510567
      100000 391000000  -288584.854152157437     5492.971280532889        0.964772474237        0.836880886324        4.620595954535        6.462193305776
      100000 391100000  -288570.958606696688     5492.779872769490        0.966642673156        0.836486829082        4.143012005399        6.493453283300
      100000 391200000  -288674.923901994014     5474.793322267942        0.953121076190        0.799457346241        8.182555833552        9.767507521266
      100000 391300000  -288615.927369880490     5494.311947599053        0.960570604030        0.839640960198        5.788605584566        6.245355052281
      100000 391400000  -288622.120483815437     5490.473734317347        0.959823634341        0.831739108599        6.010007407233        6.876011744569
      100000 391500000  -288587.854879808379     5488.462249774486        0.964471093636        0.827598001478        4.699994936138        7.218630813273
      100000 391600000  -288676.333327354165     5504.664805193432        0.952250700689        0.860954716975        8.489218603870        4.695509893599
      100000 391700000  -288487.138865784509     5474.592238676734        0.978343720997        0.799043369065        1.746229766585        9.807874980283
      100000 391800000  -288738.735293029342     5496.807856488973        0.944026121895        0.844779367110       11.665530850590        5.851525997006
      100000 391900000  -288737.267928733025     5466.821909897029        0.944972496248        0.783046346390       11.274397310708       11.431525135951
      100000 392000000  -288815.913854024839     5497.694456805475        0.933643617237        0.846604639343       16.394535572640        5.714716478228
      100000 392100000  -288593.605131696444     5484.828226856887        0.963784863907        0.820116523066        4.883306171169        7.858737558946
      100000 392200000  -288537.434362153057     5515.837096722797        0.970711769913        0.883955468422        3.193890087605        3.270541006143
      100000 392300000  -288690.770824428648     5502.263202048838        0.950357562342        0.856010460297        9.175714863077        5.035378553745
      100000 392400000  -288689.962610786548     5482.642774894834        0.950898690252        0.815617263694        8.976765180604        8.256780714163
      100000 392500000  -288683.321033291286     5480.456402688287        0.951845368625        0.811116109784        8.633956107695        8.664830603093
      100000 392600000  -288598.788240591763     5499.125214812346        0.962771730967        0.849550186299        5.160352851765        5.497352020197
      100000 392700000  -288558.855407648720     5511.252351726405        0.967909537914        0.874516708269        3.834296142717        3.824212745845
      100000 392800000  -288651.732531579910     5514.906065661460        0.955377557999        0.882038725203        7.413791679910        3.379474343277
      100000 392900000  -288634.636032355018     5474.282029809430        0.958545047714        0.798404732216        6.398623407147        9.870312564549
      100000 393000000  -288615.953235302819     5497.112330973148        0.960507910496        0.845406198402        5.807028217951        5.804360701941
      100000 393100000  -288695.893510967726     5474.918656393886        0.950301742129        0.799715375587        9.196361646466        9.742388852984
      100000 393200000  -288637.454639900476     5495.834991991520        0.957647279100        0.842776500067        6.678767786084        6.003508899137
      100000 393300000  -288729.613448285498     5492.100209075958        0.945352264340        0.835087583847       11.119315531335        6.605062757080
      100000 393400000  -288566.887055908563     5505.422890652902        0.966933915118        0.862515411590        4.070982764563        4.590693256277
      100000 393500000  -288639.983444112353     5485.763684085570        0.957534350102        0.822042378577        6.714431708828        7.691365037857
      100000 393600000  -288689.519319221145     5530.646688331850        0.950088162405        0.914444445079        9.275574760735        1.777733531443
      100000 393700000  -288716.223763546674     5508.456886370666        0.946825086778        0.868761594946       10.528034291244        4.183041050560
      100000 393800000  -288812.900693856645     5498.635542705655        0.934028984528        0.848542082779       16.204664704961        5.571269917510
      100000 393900000  -288555.390123341698     5495.456349655055        0.968675549906        0.841996977062        3.653428584657        6.063187952705
      100000 394000000  -288714.789198300568     5496.167394788936        0.947255194936        0.843460828264       10.358409936915        5.951361104243
      100000 394100000  -288540.511928839376     5473.502315216698        0.971205951058        0.796799509017        3.087018187359       10.028125144642
      100000 394200000  -288719.216938282363     5496.794097509235        0.946647484031        0.844751041061       10.598478425607        5.853661869418
      100000 394300000  -288749.743977098959     5491.705264724791        0.942657749453        0.834274499367       12.242868340160        6.670354545838
      100000 394400000  -288651.415267359465     5482.191474799067        0.956086327525        0.814688157851        7.180145219512        8.340202313494
      100000 394500000  -288670.793790801661     5497.990473343059        0.953125373771        0.847214057992        8.181055646210        5.669399113684
      100000 394600000  -288518.869980889838     5463.195486578159        0.974408129092        0.775580513514        2.438584359018       12.231828059735
      100000 394700000  -288671.882137412205     5479.167616317980        0.953414391236        0.808462844347        8.080481890656        8.909971332540
      100000 394800000  -288723.315886836732     5502.160508818924        0.945989147322        0.855799042483       10.861649354159        5.050176160240
      100000 394900000  -288674.670265047578     5501.315025794320        0.952538127954        0.854058419724        8.387324376234        5.172831455450
      100000 395000000  -288636.879701177357     5487.536548288539        0.957909212062        0.825692230425        6.596412754752        7.379105687034
      100000 395100000  -288612.902604120085     5494.229589051567        0.960978567388        0.839471406041        5.669439573006        6.258568971992
      100000 395200000  -288652.532308587804     5487.114257795736        0.955817168505        0.824822847573        7.268433147267        7.452897767003
      100000 395300000  -288585.920428784797     5506.229402146302        0.964363166614        0.864175802420        4.728592884102        4.480479917703
      100000 395400000  -288660.081297396915     5498.781580939889        0.954547785202        0.848842736330        7.692080346712        5.549173224176
      100000 395500000  -288591.691438151058     5494.332403619774        0.963824751544        0.839683073658        4.872555071163        6.242075175177
      100000 395600000  -288613.210644572275     5486.969115938991        0.961101002276        0.824524039423        5.633918159226        7.478344988951
      100000 395700000  -288742.181870177388     5532.245206657797        0.942998216366        0.917735365531       12.097917033189        1.643601707341
      100000 395800000  -288623.380360176787     5513.088042664342        0.959214162123        0.878295903512        6.193733121528        3.597332921582
      100000 395900000  -288686.799791751429     5489.689270386472        0.951155808007        0.830124107786        8.882998126000        7.008639799793
      100000 396000000  -288615.221377087524     5496.509295355529        0.960618759383        0.844164709821        5.774474902754        5.897960601484
      100000 396100000  -288707.092891484033     5476.607893021777        0.948752764012        0.803193060690        9.778553240357        9.406998045950
      100000 396200000  -288651.648419003701     5517.752516136505        0.955344883361        0.887898803211        7.424653104647        3.052043627509
      100000 396300000  -288662.180988127366     5517.840047841892        0.953929172064        0.888079007513        7.902886508181        3.042239105373
      100000 396400000  -288754.548184661660     5503.576929516159        0.941767882489        0.858715072763       12.625799160592        4.847992102273
      100000 396500000  -288586.540992323309     5482.491763618775        0.964790685611        0.815306371983        4.615819822976        8.284648060533
      100000 396600000  -288632.105232561706     5489.212197043002        0.958511530114        0.829141941741        6.408974556664        7.089917342286
      100000 396700000  -288573.772161103785     5486.669186938554        0.966404186257        0.823906566063        4.202464378046        7.531067917491
      100000 396800000  -288613.041624924401     5498.865978254005        0.960862923306        0.849016487762        5.703093317454        5.536423289190
      100000 396900000  -288481.978388571879     5511.238168808632        0.978233416381        0.874487509446        1.764063646895        3.825992672116
      100000 397000000  -288629.943997946335     5468.440374683589        0.959337991372        0.786378331255        6.156180820333       11.083089637354
      100000 397100000  -288758.893383752322     5484.811261211522        0.941589091621        0.820081595353       12.703448510316        7.861789694508
      100000 397200000  -288546.053326469380     5525.474572609179        0.969417003697        0.903796446154        3.482521253840        2.247773103541
      100000 397300000  -288740.204135808861     5497.830077355728        0.943807711392        0.846883845678       11.756746448422        5.693931848068
      100000 397400000  -288687.314205692848     5499.733069072478        0.950871551400        0.850801595172        8.986691043435        5.406280797110
      100000 397500000  -288664.360457792180     5478.184341922402        0.954449884959        0.806438546116        7.725252219574        9.099300133806
      100000 397600000  -288513.229724845616     5501.798505010083        0.974208166668        0.855053773743        2.476841059711        5.102512351161
      100000 397700000  -288612.537018548232     5487.678724525496        0.961174810177        0.825984933160        5.612558576774        7.354344071970
      100000 397800000  -288586.998884691158     5486.842896605842        0.964623896159        0.824264187672        4.659654447002        7.500509846836
      100000 397900000  -288602.039985811105     5497.710940878838        0.962363911380        0.846638575629        5.274030974852        5.712188177553
      100000 398000000  -288631.132995177526     5477.642912369221        0.958926038943        0.805323887897        6.281550928044        9.204401779746
      100000 398100000  -288693.416785529349     5486.490592607297        0.950341610356        0.823538888240        9.181612816613        7.562550039152
      100000 398200000  -288597.567025493132     5526.495082440786        0.962486306657        0.905897402159        5.239783693876        2.150668454135
      100000 398300000  -288689.346173591446     5484.883318625391        0.950926687504        0.820229942240        8.966531111166        7.848830584308
      100000 398400000  -288734.000800606795     5486.325205729343        0.944895598473        0.823198401021       11.305929972881        7.591762547565
      100000 398500000  -288581.514061158290     5465.777071123943        0.965918919124        0.780895303620        4.324744260197       11.659330471650
      100000 398600000  -288640.128402408212     5497.260112782940        0.957258417539        0.845710441508        6.801973035802        5.781537030956
      100000 398700000  -288566.507093272638     5494.618710793555        0.967200547282        0.840272503331        4.005593795491        6.196259668058
      100000 398800000  -288664.767604023917     5506.684111728333        0.953766694291        0.865111927480        7.958726946828        4.418932186109
      100000 398900000  -288704.805558969500     5473.959240602329        0.949130895002        0.797740195823        9.634782262129        9.935492593780
      100000 399000000  -288660.824805564713     5494.489593756385        0.954537608742        0.840006685985        7.695525147594        6.216900369957
      100000 399100000  -288630.042735860217     5480.687340367585        0.958994139283        0.811591548520        6.260738660427        8.621265094189
      100000 399200000  -288668.620340337977     5495.194962063804        0.953475678009        0.841458850125        8.059234946830        6.104558312133
      100000 399300000  -288789.196377345594     5501.533907732926        0.937154394642        0.854509038924       14.705626758237        5.140936795638
      100000 399400000  -288636.633380237035     5486.108501187526        0.957975998696        0.822752264497        6.575495936408        7.630124596970
      100000 399500000  -288588.422248309478     5476.553623074666        0.964690208550        0.803081333426        4.642201805589        9.417681779854
      100000 399600000  -288577.863072504289     5488.122854990885        0.965820744047        0.826899278656        4.349696146928        7.277261723695
      100000 399700000  -288719.632872422691     5478.464646344073        0.947020203469        0.807015617732       10.450914224001        9.045124880280
      100000 399800000  -288709.854935615789     5490.694316342473        0.948036997628        0.832193227820       10.053613462960        6.838946501663
      100000 399900000  -288667.231379849371     5503.758055869490        0.953490024990        0.859087963340        8.054265165152        4.822435448777
      100000 400000000  -288709.101917128079     5484.468166279607        0.948283779771        0.819375254919        9.958347190088        7.923639958212
      100000 400100000  -288657.291259699734     5480.862608023919        0.955330567013        0.811952377611        7.429414528157        8.588274807299
      100000 400200000  -288516.308893320616     5500.077180108055        0.973828586460        0.851510027491        2.550281209048        5.355061869207
      100000 400300000  -288525.504120418569     5476.251450604759        0.973147343551        0.802459241364        2.684777022338        9.477279169251
      100000 400400000  -288520.742612845963     5479.395073809661        0.973704729760        0.808931118310        2.574476833263        8.866458027762
      100000 400500000  -288603.993093314581     5510.537475783378        0.961860218039        0.873044970458        5.416143008683        3.914443787334
      100000 400600000  -288663.748314741533     5499.873254580423        0.954033355142        0.851090199530        7.867184258898        5.385385572019
      100000 400700000  -288662.074110660236     5480.834355081432        0.954689002440        0.811894212381        7.644356957070        8.593588527629
      100000 400800000  -288656.372687922092     5480.293334200047        0.955468340297        0.810780395508        7.383656331990        8.695658985733
      100000 400900000  -288544.431782837259     5492.843086879700        0.970203512302        0.836616969979        3.305703207945        6.483121057063
      100000 401000000  -288749.719377919333     5494.794646203518        0.942593618264        0.840634707148       12.270268337492        6.168189807688
      100000 401100000  -288710.615357918432     5491.267808500677        0.947922004421        0.833373894343       10.098159636829        6.743049185221
      100000 401200000  -288559.585082820617     5520.783219225705        0.967663504708        0.894138207927        3.893315579407        2.721753075671
      100000 401300000  -288702.826980358688     5505.712862467393        0.948673510924        0.863112385775        9.808821401218        4.550913153555
      100000 401400000  -288622.353667459683     5528.872048839927        0.959128508773        0.910790938387        6.219775055548        1.932805626589
      100000 401500000  -288562.063322208822     5499.742880729958        0.967691010129        0.850821794743        3.886695088246        5.404817012561
      100000 401600000  -288641.818317553960     5499.508656775579        0.956985593565        0.850339590448        6.889085580811        5.439814593602
      100000 401700000  -288629.113236367935     5496.808503457345        0.958747004221        0.844780699044        6.336430793533        5.851425574597
      100000 401800000  -288704.016569275875     5501.090600370429        0.948601685021        0.853596387975        9.836293391848        5.205636302302
      100000 401900000  -288579.429722044384     5521.194571240805        0.964992789031        0.894985071387        4.562981781895        2.678380793675
      100000 402000000  -288621.343912758166     5486.247895136476        0.960025871194        0.823039239248        5.949654219187        7.605437336447
      100000 402100000  -288621.212866963586     5535.115527348593        0.959212297779        0.923644585910        6.194299372607        1.415956503665
      100000 402200000  -288808.758039428154     5487.638342154212        0.934825680980        0.825901796689       15.815637977949        7.361372891632
      100000 402300000  -288500.531618458452     5502.560546601191        0.975898613911        0.856622612972        2.162806922609        4.992655058650
      100000 402400000  -288656.822174106259     5500.450382773764        0.954951956110        0.852278351673        7.555889292448        5.299788385952
      100000 402500000  -288547.481706148712     5488.311826325953        0.969896200639        0.827288319946        3.374242822370        7.244587408107
      100000 402600000  -288556.844539742451     5511.926550820470        0.968168274771        0.875904703359        3.772715582461        3.740079916756
      100000 402700000  -288613.725119139533     5497.293750149198        0.960803357410        0.845779691822        5.720466530173        5.776348301266
      100000 402800000  -288582.110425887397     5507.212928472087        0.964856997873        0.866200619307        4.598449577502        4.347888974061
      100000 402900000  -288553.654173851712     5469.158728748560        0.969562241819        0.787857229586        3.449522927910       10.930164829559
      100000 403000000  -288556.888455707114     5493.399153844453        0.968518576578        0.837761762702        3.690136509833        6.392587442175
      100000 403100000  -288677.468054684345     5500.012976611964        0.952188171287        0.851377849714        8.511467027969        5.364599687714
      100000 403200000  -288713.115848549409     5509.326391626149        0.947227222194        0.870551673034       10.369399832925        4.069706808797
      100000 403300000  -288644.988435514038     5473.074291771278        0.957187744353        0.795918323555        6.824485751207       10.115288302923
      100000 403400000  -288584.780743205454     5530.677492269315        0.964152912968        0.914507862123        4.784553902433        1.775099060227
      100000 403500000  -288691.063557288842     5506.120574602857        0.950245722443        0.863951755699        9.217105538425        4.495273522693
      100000 403600000  -288686.719039180549     5492.477722884156        0.951104116034        0.835864783516        8.901809888865        6.542952744642
      100000 403700000  -288659.375204116106     5518.394934971817        0.954297657217        0.889221371273        7.776973835680        2.980452528548
      100000 403800000  -288613.237544451607     5525.625924245454        0.960393036253        0.904108038575        5.840860217128        2.233236118262
      100000 403900000  -288541.623160804389     5465.836822078563        0.971274019531        0.781018314808        3.072440158038       11.646242431898
      100000 404000000  -288602.091873801546     5474.040226857178        0.962921882610        0.797906924798        5.118810608757        9.919119081111
      100000 404100000  -288551.654757662676     5491.076172103174        0.969272753754        0.832979366404        3.515450546194        6.775018614795
      100000 404200000  -288656.312709571095     5458.602356247604        0.956092597131        0.766124490207        7.178095130544       13.284332383611
      100000 404300000  -288764.254561929731     5507.460392450914        0.940392839658        0.866710081261       13.229108446447        4.314841483691
      100000 404400000  -288665.787622815464     5495.745292223990        0.953844402445        0.842591832306        7.931995644375        6.017620092858
      100000 404500000  -288600.999071155442     5487.036704002880        0.962739274569        0.824663185117        5.169354585032        7.466489610810
      100000 404600000  -288698.435204834444     5483.511843843386        0.949739510897        0.817406443543        9.405613580886        8.097316863716
      100000 404700000  -288602.480209783651     5498.889747340232        0.962280709796        0.849065421934        5.297375205358        5.532835130629
      100000 404800000  -288756.512895865133     5496.039948766120        0.941654896136        0.843198451089       12.674841751318        5.971328118559
      100000 404900000  -288692.221048012376     5532.169366299175        0.949708179768        0.917579230576        9.417343683191        1.649846607386
      100000 405000000  -288725.983816680964     5481.031344750896        0.946101743219        0.812299761271       10.816410209725        8.556573575173
      100000 405100000  -288635.652598076034     5486.586704052053        0.958096355027        0.823736755924        6.537885558643        7.545599615431
      100000 405200000  -288713.885090923635     5494.648688297719        0.947408849445        0.840334218971       10.298146255287        6.191472361402
      100000 405300000  -288711.472080706153     5518.158164348453        0.947305216553        0.888733924070       10.338772032329        3.006739360116
      100000 405400000  -288571.999991527526     5498.869048907422        0.966374248333        0.849022809413        4.209957520916        5.535959680858
      100000 405500000  -288700.016544793034     5514.607770487666        0.948898345577        0.881424615454        9.723074929113        3.414753215231
      100000 405600000  -288631.857131669531     5495.783841184340        0.958400036024        0.842671194275        6.443467172411        6.011553701304
      100000 405700000  -288659.244559428887     5506.938936389051        0.954503764475        0.865636543103        7.706987208573        4.384626221293
      100000 405800000  -288727.742325183470     5507.359595737420        0.945297790188        0.866502567865       11.141494572205        4.328287127776
      100000 405900000  -288714.440017295303     5493.006621108390        0.947369910188        0.836953643090       10.313401697109        6.456429868056
      100000 406000000  -288575.685235027922     5513.509300540201        0.965612171389        0.879163160481        4.402944572238        3.546246781826
      100000 406100000  -288568.730707046809     5502.708628208376        0.966737465841        0.856927473280        4.119498777168        4.971446076847
      100000 406200000  -288602.947373857023     5517.699050422758        0.961885640828        0.887788731647        5.408924951408        3.058040140535
      100000 406300000  -288635.966113868402     5509.601631089114        0.957582709890        0.871118317260        6.699147656589        4.034155502228
      100000 406400000  -288611.230837143725     5510.490091586486        0.960889086078        0.872947419106        5.695470936080        3.920461760646
      100000 406500000  -288610.569287728053     5522.151313719340        0.960797762164        0.896954747517        5.722099818077        2.578850787002
      100000 406600000  -288548.088583000470     5502.073722416535        0.969521703663        0.855620372559        3.458717456544        5.062698595624
      100000 406700000  -288673.487146591535     5501.870271182619        0.952686167058        0.855201521042        8.335083893086        5.092115416908
      100000 406800000  -288745.500177698676     5497.668501680717        0.943099843879        0.846551204704       12.054817146353        5.718698567402
      100000 406900000  -288587.312268786831     5525.828686077148        0.963871877051        0.904525470798        4.859868381891        2.213835208180
      100000 407000000  -288628.051881000400     5478.923975525424        0.959306531253        0.807961253308        6.165710556498        8.956698700967
      100000 407100000  -288764.697766377591     5528.742403055541        0.940015000024        0.910524032493       13.397354131348        1.944388506968
      100000 407200000  -288674.230888786260     5490.685526506044        0.952821067661        0.832175131905        8.287621879671        6.840421575272
      100000 407300000  -288686.408615992172     5509.430928912014        0.950811859809        0.870766887265        9.008542161677        4.056185880992
      100000 407400000  -288596.372728214832     5505.328927950934        0.962976087481        0.862321967591        5.103855067589        4.603620767943
      100000 407500000  -288689.384389074054     5498.488136783242        0.950618708294        0.848238613524        9.079430383619        5.593618078088
      100000 407600000  -288647.967708652141     5482.418780301698        0.956543642937        0.815156118910        7.031376360805        8.298133097133
      100000 407700000  -288752.310959519353     5473.191986535676        0.942772423946        0.796160625504       12.193950103222       10.091283216931
      100000 407800000  -288599.928906665184     5472.094419193454        0.963265672428        0.793901028754        5.024327034994       10.316250687236
      100000 407900000  -288590.837223228533     5497.883588546887        0.963864753319        0.846994010867        4.861785105698        5.685741367800
      100000 408000000  -288760.015045739710     5485.788530671038        0.941414986568        0.822093531032       12.779291564014        7.686944034088
      100000 408100000  -288553.122395810438     5512.317184209824        0.968661624378        0.876708912726        3.656677626964        3.691761225942
      100000 408200000  -288680.195997078437     5507.059170726687        0.951688076295        0.865884073353        8.690452150326        4.368486000868
      100000 408300000  -288805.362940008752     5476.047135038301        0.935571167068        0.802038610418       15.455897905142        9.517682791975
      100000 408400000  -288585.893891973887     5501.750594948418        0.964451194360        0.854955139777        4.705261221791        5.109459096579
      100000 408500000  -288657.980943392962     5456.199874230660        0.955944825490        0.761178424166        7.226492611132       13.852155507452
      100000 408600000  -288527.790313799633     5500.921138087288        0.972270042321        0.853247510590        2.863071043969        5.230475753435
      100000 408700000  -288518.074076845078     5497.785129020922        0.973637974558        0.846791309113        2.587564956361        5.700816243919
      100000 408800000  -288681.453419633908     5487.869952589273        0.951915720376        0.826378620449        8.608746892579        7.321105149699
      100000 408900000  -288591.827169595985     5499.566221809946        0.963697634277        0.850458101413        4.906858864461        5.431202798026
      100000 409000000  -288663.760841957992     5515.570372417569        0.953751841534        0.883406354623        7.963841356110        3.301566134202
      100000 409100000  -288670.343002757756     5456.225469523109        0.954283931979        0.761231118008        7.781645668271       13.846043473732
      100000 409200000  -288754.436794365756     5505.630702656694        0.941744458006        0.862943240763       12.635958925591        4.562166762488
      100000 409300000  -288646.680830592755     5514.908614212647        0.956055899026        0.882043971986        7.190099146221        3.379173719616
      100000 409400000  -288720.886782567250     5464.653065066785        0.947236120788        0.778581276647       10.365903132192       11.906905967701
      100000 409500000  -288660.845160804922     5484.976167372428        0.954751783205        0.820421092905        7.623188316835        7.832148033740
      100000 409600000  -288610.873358527198     5490.655384901911        0.961329885227        0.832113078427        5.567812905296        6.845481021206
      100000 409700000  -288651.794569625286     5478.295534816571        0.956134440884        0.806667462459        7.164420201168        9.077790202484
      100000 409800000  -288681.066527394112     5505.442575756460        0.951600651088        0.862555937938        8.721933074765        4.587987256799
      100000 409900000  -288609.179324357072     5489.912094063126        0.961574207184        0.830582841967        5.497679078641        6.970838537334
      100000 410000000  -288549.005176190520     5493.275898089632        0.969579891617        0.837508012164        3.445523570797        6.412599876681
      100000 410100000  -288631.759829763090     5469.159121719189        0.959073600343        0.787858038607        6.236498080820       10.930081463840
      100000 410200000  -288575.267194266664     5502.662098228000        0.965860590164        0.856831680532        4.339560321993        4.978105467325
      100000 410300000  -288618.547221231973     5482.004971359856        0.960504748394        0.814304197297        5.807958183970        8.374799414363
      100000 410400000  -288703.496487042401     5512.798320574686        0.948460296923        0.877699443443        9.890483792730        3.632679690565
      100000 410500000  -288753.401615817333     5485.028381292708        0.942321329318        0.820528587361       12.386944635502        7.822774321355
      100000 410600000  -288692.377426115563     5468.554924353957        0.950950664542        0.786614158300        8.957771224324       11.058632852571
      100000 410700000  -288707.102918601129     5488.840015110560        0.948448820555        0.828375718974        9.894888919622        7.153650211718
      100000 410800000  -288656.533109524054     5483.972912543453        0.955355171596        0.818355660321        7.421232319817        8.013347517072
      100000 410900000  -288625.579999947688     5508.156221710145        0.959002742248        0.868142607059        6.258111949933        4.222592854954
      100000 411000000  -288675.703952110838     5499.645673319697        0.952432417931        0.850621670759        8.424727520473        5.419327966328
      100000 411100000  -288521.952345878119     5492.863814152777        0.973221769885        0.836659641874        2.669915088862        6.479735014620
      100000 411200000  -288739.503748110030     5482.689822116867        0.944244759384        0.815714121304       11.574576240896        8.248108297070
      100000 411300000  -288515.719093743013     5499.218961630017        0.973925004314        0.849743185850        2.531524889622        5.483256875490
      100000 411400000  -288635.380609234329     5481.025199634954        0.958268796072        0.812287110125        6.484187123117        8.557727053773
      100000 411500000  -288648.570876023034     5498.682222402655        0.956095511620        0.848638183754        7.177142225965        5.564202150809
      100000 411600000  -288750.393886578269     5493.169906354509        0.942538175670        0.837289803612       12.293980823531        6.429834248566
      100000 411700000  -288773.680257695960     5488.048766228370        0.939526624112        0.826746749767       13.616394897171        7.290092192268
      100000 411800000  -288761.259306356078     5488.832951635122        0.941176445638        0.828361177173       12.883570456328        7.154862526969
      100000 411900000  -288425.739514807239     5509.515873403288        0.985815045347        0.870941765188        0.749185933677        4.045215667433
      100000 412000000  -288721.000033655204     5488.803634519689        0.946583447338        0.828300821096       10.623935474757        7.159895366884
      100000 412100000  -288595.000079625286     5481.017109529115        0.963691609178        0.812270454768        4.908487781100        8.559245738292
      100000 412200000  -288643.904210362816     5494.978006309830        0.956799376219        0.841012196423        6.948862954079        6.139003178885
      100000 412300000  -288648.480875636684     5522.428935699165        0.955702870546        0.897526296706        7.306087666821        2.550322497305
      100000 412400000  -288633.977101544617     5517.386933931150        0.957723446135        0.887146167512        6.654767225798        3.093163405364
      100000 412500000  -288564.419211924775     5512.971084631048        0.967133833541        0.878055118293        4.021905038304        3.611581274234
      100000 412600000  -288649.314841015730     5491.796600525267        0.956142117424        0.834462535280        7.161912851648        6.655226461783
      100000 412700000  -288726.198492962401     5517.601428989321        0.945336001660        0.887587755302       11.125934534942        3.069004175198
      100000 412800000  -288593.392554091057     5473.325485683046        0.964109562104        0.796435464440        4.796133083814       10.064089179617
      100000 412900000  -288561.799731596373     5503.060508606955        0.967661467195        0.857651900634        3.893806227985        4.921229115012
      100000 413000000  -288587.005041103112     5498.955218709074        0.964357508457        0.849200209921        4.730094546542        5.522957649574
      100000 413100000  -288625.319897724548     5500.171886585653        0.959187860218        0.851705002725        6.201724106529        5.341008139661
      100000 413200000  -288655.438235792331     5504.477704239078        0.955060153250        0.860569526297        7.519637159507        4.721561433523
      100000 413300000  -288717.280710790306     5510.588456595317        0.946646213645        0.873149926275       10.598983156294        3.907974192214
      100000 413400000  -288610.415135827381     5499.223600802012        0.961208395331        0.849752736661        5.602852655640        5.482559830440
      100000 413500000  -288667.928795040352     5516.130684841424        0.953183407159        0.884559887608        8.160810984234        3.236560435586
      100000 413600000  -288698.695308978669     5486.651383602992        0.949628962869        0.823869913770        9.447034408361        7.534203294253
      100000 413700000  -288535.728693708777     5499.958019779995        0.971223123850        0.851264708339        3.083337085565        5.372770599200
      100000 413800000  -288847.524319092510     5496.120731673203        0.929431479710        0.843364761426       18.541963989177        5.958667951119
      100000 413900000  -288698.218481137883     5505.728916689754        0.949292080689        0.863145437113        9.573820758550        4.548715794664
      100000 414000000  -288643.406775719719     5512.552567604929        0.956533651584        0.877193503998        7.034609997626        3.662797583602
      100000 414100000  -288745.206233610865     5467.051624764688        0.943899794135        0.783519267685       11.718246274711       11.381741974650
      100000 414200000  -288584.251910043648     5497.809357409365        0.964750605973        0.846841188866        4.626334408878        5.697104848496
      100000 414300000  -288604.354648754001     5510.249338602647        0.961816589368        0.872451773291        5.428541311160        3.951109712705
      100000 414400000  -288643.354699550429     5487.410941005684        0.957042641628        0.825433638722        6.870824332742        7.401016252851
      100000 414500000  -288652.188681865344     5494.569166310132        0.955695625332        0.840170504529        7.308477821527        6.204175811108
      100000 414600000  -288597.897388016107     5469.658658675849        0.963606714020        0.788886451207        4.931468364920       10.824365579117
      100000 414700000  -288528.515969708795     5509.238729245961        0.972018243558        0.870371199708        2.915302703443        4.081062467611
      100000 414800000  -288681.851649047574     5478.089268012904        0.952103505302        0.806242814438        8.541638214040        9.117712082443
      100000 414900000  -288559.975373630179     5511.946062205359        0.967747517139        0.875944872067        3.873111657705        3.737659037534
      100000 415000000  -288660.040468107676     5503.668619734235        0.954457369601        0.858903838328        7.722713653269        4.835046310461
      100000 415100000  -288586.725451735547     5490.949093889445        0.964566042731        0.832717746449        4.674907534972        6.796259921667
      100000 415200000  -288615.702279846417     5494.005747415125        0.960607437608        0.839010576154        5.777795605675        6.294553531618
      100000 415300000  -288651.613194736186     5503.057521968149        0.955600679294        0.857645751946        7.339836104228        4.921654266552
      100000 415400000  -288613.913187340368     5541.377630361356        0.960133766622        0.936536576291        5.917579766761        0.978176520955
      100000 415500000  -288788.231899932725     5491.668025161140        0.937490123086        0.834197833094       14.548928134792        6.676527518676
      100000 415600000  -288623.324163031764     5479.354945090599        0.959930317349        0.808848504041        5.978132229447        8.874127034839
      100000 415700000  -288587.209394030273     5493.595477013849        0.964442575082        0.838165939447        4.707543204222        6.360775991861
      100000 415800000  -288558.226435007760     5477.506058816798        0.968720074820        0.805042143141        3.643049919970        9.231063176145
      100000 415900000  -288526.993307115044     5512.039423302747        0.972175049475        0.876137077524        2.882720342283        3.726086086910
      100000 416000000  -288638.264376545325     5473.543049963191        0.958077886632        0.796883370934        6.543649776247       10.019849532202
      100000 416100000  -288684.887225038139     5493.696409316733        0.951323449989        0.838373731985        8.822126697570        6.344452193934
      100000 416200000  -288783.729343692074     5483.392652821727        0.938288480183        0.817161061201       14.179672348552        8.119094999944
      100000 416300000  -288511.464100600453     5508.226340578869        0.974325865035        0.868286963001        2.454287022436        4.213352224766
      100000 416400000  -288741.971602939302     5508.342183069326        0.943369491504        0.868525451616       11.940833252334        4.198108072092
      100000 416500000  -288586.609295854811     5488.033377769403        0.964648314705        0.826715069058        4.653223963900        7.292758536559
      100000 416600000  -288695.178574955091     5481.840574824251        0.950218202027        0.813965748927        9.227304811368        8.405354980874
      100000 416700000  -288649.408381667687     5497.275288973935        0.956011915897        0.845741685214        7.204499318932        5.779195740228
      100000 416800000  -288643.006815599045     5469.424580303952        0.957555715624        0.788404546628        6.707677014360       10.873839096623
      100000 416900000  -288665.639799976954     5495.449998066761        0.953870507214        0.841983900845        7.923025796142        6.064191564383
      100000 417000000  -288614.385273072869     5485.227792518213        0.960984716250        0.820939121585        5.667652972532        7.787026639584
      100000 417100000  -288715.687406894518     5486.991665641777        0.947339100438        0.824570463212       10.325480199580        7.474388581615
      100000 417200000  -288673.967703005997     5495.566398402676        0.952749704024        0.842223537914        8.312712830964        6.045812384279
      100000 417300000  -288715.715626681456     5506.387432053685        0.946930386767        0.864501143610       10.486379150952        4.459041339158
      100000 417400000  -288616.685768760275     5505.744459665380        0.960240636947        0.863177435931        5.885895508727        4.546588916208
      100000 417500000  -288674.571847455576     5482.306657753885        0.952973818726        0.814925288659        8.234043147107        8.318871204666
      100000 417600000  -288616.107480318751     5503.258439643309        0.960364825404        0.858059387545        5.849183718234        4.893094335335
      100000 417700000  -288612.028302884893     5495.406589265913        0.961070794186        0.841894533768        5.642671906194        6.071052793421
      100000 417800000  -288599.701882194262     5480.278508744203        0.963078910208        0.810749873871        5.075545603106        8.698464478873
      100000 417900000  -288674.333114797017     5480.869827083312        0.953041872892        0.811967239718        8.210228520167        8.586917333990
      100000 418000000  -288710.140651221620     5516.487443005666        0.947509360389        0.885294356972       10.258820730507        3.195507246980
      100000 418100000  -288655.658953909529     5477.696360375732        0.955631107042        0.805433923006        7.329779276774        9.193999670217
      100000 418200000  -288668.005471816519     5466.900617397390        0.954271301293        0.783208384021        7.785946173890       11.414455632970
      100000 418300000  -288803.876024155179     5500.052375039086        0.935212347448        0.851458960508       15.628532495040        5.358745806577
      100000 418400000  -288553.669870718382     5503.368444026448        0.968747334396        0.858285857063        3.636703055374        4.877492702139
      100000 418500000  -288695.892711604480     5478.986201081425        0.950194736771        0.808089359037        9.236005666248        8.944752968905
      100000 418600000  -288674.831136758672     5492.863750456832        0.952692027352        0.836659510741        8.333019253107        6.479745418743
      100000 418700000  -288656.516525628511     5482.078276476823        0.955404109917        0.814455112870        7.404971372640        8.361192493268
      100000 418800000  -288613.017377826385     5498.326839368790        0.960877150738        0.847906545413        5.698947600123        5.618123578204
      100000 418900000  -288706.374310373329     5500.265985322185        0.948301375448        0.851898726782        9.951571983135        5.327062882378
      100000 419000000  -288694.022348667728     5487.039054994471        0.950247335574        0.824668025178        9.216507874876        7.466077401122
      100000 419100000  -288625.690437087556     5507.827020948753        0.958993755978        0.867464870995        6.260855706333        4.266111964720
      100000 419200000  -288589.731157241622     5516.594169115648        0.963677234152        0.885514077405        4.912375235560        3.183276884861
      100000 419300000  -288640.801771237981     5492.068959685043        0.957279273941        0.835023249734        6.795336404079        6.610217174840
      100000 419400000  -288749.598179885652     5495.113054607064        0.942603093490        0.841290224642       12.266218126484        6.117550920350
      100000 419500000  -288657.576530810678     5461.530378038064        0.955832107326        0.772152501672        7.263518864446       12.608364869143
      100000 419600000  -288583.715006877668     5471.177120584995        0.965468504010        0.792012556972        4.439811155751       10.506171133034
      100000 419700000  -288623.626923575066     5484.227215091698        0.959767874047        0.818879201055        6.026701417695        7.967221467489
      100000 419800000  -288608.557099911850     5517.059372654185        0.961142019126        0.886471806707        5.622043110749        3.130240398087
      100000 419900000  -288640.079974642256     5506.753066301346        0.957080691326        0.865253886449        6.858657988393        4.409635931024
      100000 420000000  -288722.948431119788     5499.314597114921        0.946094721098        0.849940073660       10.819228819790        5.468896406939
      100000 420100000  -288555.989952730015     5489.714051316492        0.968721397534        0.830175125074        3.642741823883        7.004430749324
      100000 420200000  -288682.566235368839     5476.820033222437        0.952040792307        0.803629800459        8.564020745633        9.365293707385
      100000 420300000  -288540.181421768386     5518.150931445882        0.970307556304        0.888719033463        3.282657665811        3.007544190654
      100000 420400000  -288656.325240671635     5516.195908150636        0.954740611478        0.884694164906        7.626953092545        3.229035428445
      100000 420500000  -288662.657521965215     5546.309079335071        0.953549335264        0.946689106936        8.033736403812        0.690243228653
      100000 420600000  -288660.114173798356     5496.501906423829        0.954590362800        0.844149497993        7.677675904267        5.899112113999
      100000 420700000  -288660.371137168957     5527.578560572118        0.954038956383        0.908127993004        7.865267072665        2.049918745473
      100000 420800000  -288685.133289637743     5500.632897788659        0.951146505034        0.852654101132        8.886382199438        5.272861257067
      100000 420900000  -288664.199058935978     5508.451522630639        0.953811460164        0.868750552444        7.943322170162        4.183745008861
      100000 421000000  -288701.233392443974     5480.847939653322        0.949430048733        0.811922179371        9.521793998411        8.591033380994
      100000 421100000  -288742.276792971184     5486.124709214084        0.943789000147        0.822785632476       11.764577415742        7.627252031380
      100000 421200000  -288707.617788342293     5498.633418747224        0.948167228834        0.848537710118       10.003283287610        5.571591612474
      100000 421300000  -288580.037878127303     5475.555150824599        0.965842667655        0.801025746889        4.344117883152        9.615325827006
      100000 421400000  -288600.396766645834     5485.754156208597        0.962850582381        0.822022763234        5.138516209479        7.693060689626
      100000 421500000  -288573.168649057159     5487.773170876317        0.966459292873        0.826179372862        4.188689229651        7.337918165979
      100000 421600000  -288712.226811592001     5498.940292202868        0.947542064978        0.849169480249       10.246041080887        5.525208792920
      100000 421700000  -288600.500614906894     5521.377113060094        0.962160657278        0.895360876029        5.331149716928        2.659245477585
      100000 421800000  -288784.844887790503     5477.133891609497        0.938297762630        0.804275950690       14.175406948520        9.303762673125
      100000 421900000  -288622.718023740686     5509.490022848360        0.959363699030        0.870888545829        6.148399061965        4.048552582296
      100000 422000000  -288599.386573359836     5482.226789828390        0.963072263457        0.814760862024        5.077373226427        8.333659304130
      100000 422100000  -288634.397041077958     5453.594667629339        0.959196343169        0.755815002584        6.199146272779       14.481321464007
      100000 422200000  -288688.471569607500     5477.750084962696        0.951223372456        0.805544527519        8.858440046749        9.183549659185
      100000 422300000  -288589.272393536754     5501.005679352209        0.964012089075        0.853421558378        4.822219611040        5.218076469460
      100000 422400000  -288714.191594908247     5490.124558926560        0.947467521557        0.831020250130       10.275181290792        6.934889810922
      100000 422500000  -288549.222737177275     5489.628762265667        0.969632097522        0.829999537796        3.433707549342        7.018922439549
      100000 422600000  -288600.988817549776     5495.404079591855        0.962553314762        0.841889367022        5.221081488616        6.071449593091
      100000 422700000  -288612.098568002461     5483.371975208633        0.961336893114        0.817118491542        5.565795064376        8.122876112899
      100000 422800000  -288747.330165552674     5484.808298125863        0.943141961395        0.820075495155       12.036977791261        7.862322817190
      100000 422900000  -288823.793316028547     5497.836783382110        0.932582573266        0.846897651587       16.923027293177        5.692905093389
      100000 423000000  -288645.384111400461     5500.028188893571        0.956496347232        0.851409167722        7.046689879466        5.362339043920
      100000 423100000  -288641.424517504405     5496.439729294740        0.957101455918        0.844021491962        6.852023082496        5.908806430305
      100000 423200000  -288607.129873610567     5525.472618381493        0.961215198817        0.903792422923        5.600887509617        2.247961111121
      100000 423300000  -288666.507162486203     5492.847978893667        0.953810180838        0.836627041323        7.943762202901        6.482321809633
      100000 423400000  -288629.351130826166     5471.739542066120        0.959324468279        0.793170431940        6.160276262405       10.389520134148
      100000 423500000  -288802.794125908753     5480.778976343572        0.935793432049        0.811780202415       15.349443102986        8.604008745596
      100000 423600000  -288598.859363901196     5514.036609327421        0.962491652358        0.880248747831        5.238290462217        3.482814674403
      100000 423700000  -288731.231689802138     5482.184793729335        0.945368128576        0.814674403321       11.112860594376        8.341440440781
      100000 423800000  -288715.522755854297     5474.029480448924        0.947689799988        0.797884800826       10.188411381838        9.921290974679
      100000 423900000  -288733.145701248664     5457.545068611391        0.945808230367        0.763947818566       10.934536470235       13.532756752535
      100000 424000000  -288615.555290864315     5504.554688797332        0.960414502280        0.860728016853        5.834530719662        4.710833540760
      100000 424100000  -288608.740105977049     5472.070580055937        0.962083096445        0.793851950364        5.353027062302       10.321164493947
      100000 424200000  -288608.892301976681     5497.464042683132        0.961448822665        0.846130278471        5.533615799156        5.750115585347
      100000 424300000  -288678.912588841515     5490.798417024314        0.952189830413        0.832407543201        8.510876322473        6.821488857450
      100000 424400000  -288545.591688397340     5507.789126424119        0.969750708779        0.867386856333        3.406937113259        4.271135798595
      100000 424500000  -288713.107039129827     5513.939891215414        0.947151149414        0.880049631182       10.399316682320        3.494406418516
      100000 424600000  -288654.423142771469     5503.729695880786        0.955210550677        0.859029577730        7.469390363100        4.826432540453
      100000 424700000  -288737.228564720834     5498.285555559210        0.944197957351        0.847821553123       11.594016245321        5.624404329824
      100000 424800000  -288543.683958920883     5469.265128526837        0.970898089658        0.788076278189        3.153382897974       10.907604539186
      100000 424900000  -288684.336333796149     5472.599017716944        0.951916861316        0.794939861762        8.608338362060       10.212515547454
      100000 425000000  -288682.791237288853     5500.572102390230        0.951462217353        0.852528939714        8.771898065696        5.281823014314
      100000 425100000  -288632.552237415686     5493.965198690072        0.958345572107        0.838927097205        6.460350176830        6.301083139984
      100000 425200000  -288799.504523274722     5484.276565485634        0.936148472590        0.818980800278       15.180158017691        7.958285591692
      100000 425300000  -288683.996857763035     5472.620558361523        0.951961855676        0.794984208172        8.592235193163       10.208098897524
      100000 425400000  -288580.222170680994     5488.559492240660        0.965493822726        0.827798197631        4.433302946152        7.201875751548
      100000 425500000  -288609.692412602948     5494.295852580108        0.961408228843        0.839607824872        5.545275566669        6.247936300721
      100000 425600000  -288763.163845621981     5492.804395876825        0.940831331878        0.836537315582       13.035187969139        6.489444051302
      100000 425700000  -288618.743000324350     5472.317524152808        0.960733002830        0.794360342021        5.741020444047       10.270320222167
      100000 425800000  -288621.679228161229     5482.106293470599        0.960081633115        0.814512792345        5.933066853275        8.355994891323
      100000 425900000  -288605.317396561382     5506.593895603903        0.961751762257        0.864926196679        5.446989919150        4.431109643200
      100000 426000000  -288570.259658518014     5521.607082041912        0.966218422140        0.895834320476        4.249066933585        2.635236163556
      100000 426100000  -288690.369332859758     5504.588626381941        0.950367260761        0.860797885236        9.172129977530        4.706108171631
      100000 426200000  -288603.706177252345     5472.838833588175        0.962737905152        0.795433578314        5.169734563306       10.163398072280
      100000 426300000  -288601.669129645685     5483.947184843011        0.962723357901        0.818302693887        5.173771915830        8.018021489583
      100000 426400000  -288542.998635340016     5477.887026974000        0.970755027431        0.805826454388        3.184462564735        9.156939839490
      100000 426500000  -288545.274285086198     5468.065590688959        0.970718864638        0.785606751540        3.192342911391       11.163296207570
      100000 426600000  -288684.950298567535     5517.825140574947        0.950871757410        0.888048317449        8.986615675715        3.043907770237
      100000 426700000  -288783.564198858803     5507.721356352791        0.937795130952        0.867247335935       14.407295753491        4.280127728454
      100000 426800000  -288714.886833839817     5502.684337292798        0.947110959909        0.856877464801       10.415139251728        4.974922046891
      100000 426900000  -288627.380368603859     5475.608035223559        0.959483739980        0.801134621681        6.112127574791        9.604806072111
      100000 427000000  -288704.791196397971     5481.267610349692        0.948941704275        0.812786168764        9.706582272407        8.512283926554
      100000 427100000  -288617.680279677501     5478.856314422563        0.960701055432        0.807821957246        5.750365965288        8.969696966823
      100000 427200000  -288711.514902452938     5509.357194026932        0.947441674275        0.870615086915       10.285295066338        4.065720466199
      100000 427300000  -288686.769799333299     5480.969492076896        0.951369263692        0.812172423206        8.805527982434        8.568187274948
      100000 427400000  -288715.559887965443     5508.840847507119        0.946907490676        0.869552067934       10.495429485928        4.132802358863
      100000 427500000  -288583.713183836080     5488.407545920461        0.965028539424        0.827485380916        4.553666838278        7.228064947423
      100000 427600000  -288667.447417871328     5489.180325170979        0.953766240119        0.829076326105        7.958883312308        7.095363954100
      100000 427700000  -288731.075238377787     5501.500600894913        0.944960000641        0.854440469078       11.279518256284        5.145783781433
      100000 427800000  -288778.581018220866     5492.263017797843        0.938772919275        0.835422763335       13.957923609922        6.578240862455
      100000 427900000  -288709.923346573953     5482.466132170521        0.948222586644        0.815253603706        9.981927526377        8.289382701966
      100000 428000000  -288707.956940334057     5509.613414188847        0.947915022187        0.871142575501       10.100867591929        4.032637019425
      100000 428100000  -288495.352833130397     5488.381350548007        0.976894856218        0.827431451670        1.987701026796        7.232584738473
      100000 428200000  -288563.866665862501     5490.230198822916        0.967651917581        0.831237734341        3.896106260399        6.917050295164
      100000 428300000  -288712.010256100446     5515.451480704360        0.947274401275        0.883161588477       10.350867548018        3.315442702784
      100000 428400000  -288686.569664118579     5501.495123960078        0.950936659700        0.854429193539        8.962887301128        5.146581032376
      100000 428500000  -288631.410042901291     5479.870292440988        0.958831291101        0.809909466001        6.310564435620        8.775890999842
      100000 428600000  -288718.560672438238     5476.196476699784        0.947223678498        0.802346064840       10.370792491574        9.488141867023
      100000 428700000  -288533.981475292007     5517.288750085980        0.971153119873        0.886944033311        3.098356672424        3.104253751736
      100000 428800000  -288641.783870592248     5491.709810538217        0.957155364607        0.834283857977        6.834812638981        6.669601209903
      100000 428900000  -288493.920531281503     5485.791225756519        0.977148147251        0.822099079490        1.944359404361        7.686464568424
      100000 429000000  -288754.835795649793     5461.895891498774        0.942760217423        0.772904995844       12.199152546375       12.525221064890
      100000 429100000  -288569.713132933248     5484.618208893575        0.966998345215        0.819684152414        4.055133396514        7.896561723207
      100000 429200000  -288639.209710096475     5481.573565729894        0.957740813465        0.813416048823        6.649300753931        8.455101205236
      100000 429300000  -288673.003666259348     5511.452519908547        0.952577461304        0.874928800864        8.373428385382        3.799136227363
      100000 429400000  -288584.203989912523     5505.533119051717        0.964606430159        0.862742342296        4.664256740804        4.575551057339
      100000 429500000  -288700.149282791419     5447.581079821102        0.950568815411        0.743434638349        9.097786639216       15.986974591135
      100000 429600000  -288750.473839615239     5491.105032105930        0.942573145799        0.833038781408       12.279021629939        6.770199256208
      100000 429700000  -288642.039200595347     5464.047950028442        0.957842425621        0.777335507097        6.617362728501       12.041266683917
      100000 429800000  -288561.549177314620     5482.812455205247        0.968138839808        0.815966589938        3.779696107988        8.225524231125
      100000 429900000  -288704.271104511339     5493.442741568200        0.948725947659        0.837851498133        9.788789646059        6.385517802388
      100000 430000000  -288640.133337708190     5481.175126994960        0.957626786819        0.812595770344        6.685232366923        8.529606894061
      100000 430100000  -288719.906566841528     5457.266097364947        0.947594937355        0.763373491600       10.225397510416       13.598688634170
      100000 430200000  -288619.185327527812     5501.781549391337        0.959979960667        0.855018866672        5.963328494525        5.104970300048
      100000 430300000  -288676.515928912442     5499.095746837556        0.952334452570        0.849489519643        8.459464680726        5.501786365376
      100000 430400000  -288670.173838354181     5486.435159879737        0.953464166677        0.823424767123        8.063223570482        7.572334922907
      100000 430500000  -288611.552939032437     5500.432346996851        0.961031416200        0.852241220846        5.654093122187        5.302452995488
      100000 430600000  -288617.901362520177     5482.813226513565        0.960571414402        0.815968177855        5.788367646644        8.225382285237
      100000 430700000  -288689.353670284152     5473.888905635104        0.951207804922        0.797595394991        8.864095463202        9.949723622759
      100000 430800000  -288677.101214228664     5479.657321698964        0.952700970716        0.809471016370        8.329868909873        8.816421410391
      100000 430900000  -288564.022308859741     5469.202817684971        0.968168672886        0.787947996880        3.772621213212       10.920813681361
      100000 431000000  -288719.851182878017     5471.079029213637        0.947189828661        0.791810613150       10.384100058580       10.526582811019
      100000 431100000  -288663.050079509150     5487.356713782996        0.954399065609        0.825321999416        7.742499653522        7.410485528743
      100000 431200000  -288733.622056643944     5473.850746555254        0.945264141729        0.797516835682       11.155205514716        9.957448695119
      100000 431300000  -288574.342748637777     5490.495068005286        0.966239115381        0.831783028940        4.243862911656        6.872422587711
      100000 431400000  -288729.525148641318     5472.046639538370        0.945863811547        0.793802663260       10.912118203520       10.326100374930
      100000 431500000  -288521.409224165138     5509.020617984235        0.972976395558        0.869922167125        2.719069207912        4.109384938330
      100000 431600000  -288732.583929801360     5494.932076589204        0.944891759975        0.840917639448       11.307505138915        6.146307615774
      100000 431700000  -288719.652251936030     5471.083272130229        0.947216424025        0.791819348177       10.373643762864       10.525699499346
      100000 431800000  -288646.874650156125     5488.031640967354        0.956555458228        0.826711493449        7.027553377350        7.293059501287
      100000 431900000  -288575.756214994704     5491.560818768106        0.966025386468        0.833977123887        4.297765958913        6.694314401666
      100000 432000000  -288694.478090308839     5484.087948682718        0.950256822522        0.818592488875        9.212993361701        7.992465475438
      100000 432100000  -288674.085826999042     5479.781494273804        0.953102725274        0.809726654394        8.188963266684        8.792778807528
      100000 432200000  -288613.768530311761     5466.913234935142        0.961554289083        0.783234360147        5.503380025851       11.411720420448
      100000 432300000  -288465.219753571553     5504.965497696772        0.980595058658        0.861573762183        1.402033464485        4.653793090495
      100000 432400000  -288586.330495478818     5488.359767680988        0.964678173791        0.827387018336        4.645366780376        7.236309742002
      100000 432500000  -288621.413549070712     5496.447663355619        0.959788517022        0.844037826065        6.020518441911        5.907568952124
      100000 432600000  -288611.807168673957     5504.394140943885        0.960920835267        0.860397491887        5.686227828841        4.733219891237
      100000 432700000  -288559.071150290081     5516.647950214334        0.967793670080        0.885624798261        3.862034830160        3.177122683504
      100000 432800000  -288555.550136802718     5484.571498054080        0.968901393011        0.819587987325        3.600937496010        7.904986673798
      100000 432900000  -288781.246902539162     5448.102802139707        0.939660463560        0.744508724658       13.556190085749       15.853398903180
      100000 433000000  -288669.726650077151     5474.129210120998        0.953836949071        0.798090117469        7.934557626470        9.901144330225
      100000 433100000  -288617.023409988731     5485.114788578823        0.960633165885        0.820706476786        5.770250821911        7.807274369125
      100000 433200000  -288761.681902032811     5479.088553763926        0.941357420224        0.808300075755       12.804418076135        8.925121183713
      100000 433300000  -288596.600265703397     5487.182877655141        0.963326541325        0.824964117458        5.007690178519        7.440881982393
      100000 433400000  -288702.952708467608     5472.747506804764        0.949412824943        0.795245560964        9.528281222805       10.182089051076
      100000 433500000  -288669.240537675796     5454.567938060500        0.954485505915        0.757818705336        7.713174389623       14.244638498610
      100000 433600000  -288709.557303794427     5510.722755759954        0.947681087130        0.873426412231       10.191805655704        3.890956899195
      100000 433700000  -288664.088279299438     5474.770319430158        0.954576786782        0.799409989568        7.682267345853        9.772121116068
      100000 433800000  -288579.731594556477     5493.650925744325        0.965445547102        0.838280093509        4.445716385985        6.351805663504
      100000 433900000  -288533.929982413538     5479.646953809075        0.971927373978        0.809449671665        2.934268094656        8.818396904564
      100000 434000000  -288551.982236414449     5474.915415106341        0.969627345935        0.799708702646        3.434782160119        9.743038043857
      100000 434100000  -288687.907774187624     5450.439988682978        0.952115329841        0.749320364833        8.537421268172       15.261890982861
      100000 434200000  -288615.915514824679     5480.414445999078        0.960898166334        0.811029732215        5.692826644574        8.672757357830
      100000 434300000  -288698.959123149514     5497.973584399559        0.949343462123        0.847179288187        9.554428623179        5.671979800439
      100000 434400000  -288625.090863924939     5496.354165285826        0.959296658216        0.843845338619        6.168702764812        5.922160112950
      100000 434500000  -288650.509760858724     5499.816855979152        0.955812258559        0.850974089938        7.270048688914        5.393787150690
      100000 434600000  -288684.597602699650     5491.537345081568        0.951409848327        0.833928797863        8.790836861307        6.698212137814
      100000 434700000  -288661.138855683152     5489.638003806584        0.954602926418        0.830018563650        7.673428081550        7.017351461236
      100000 434800000  -288729.491563714575     5491.854363618419        0.945374084718        0.834581453995       11.110437606997        6.645667940345
      100000 434900000  -288547.754145473242     5485.208250852302        0.969932928256        0.820898890537        3.366014472357        7.790526180538
      100000 435000000  -288635.025739649776     5483.806996992789        0.958247398130        0.818014084707        6.490838444690        8.043513474068
      100000 435100000  -288652.550441832514     5501.473463805392        0.955505446908        0.854384601090        7.371356394521        5.149734601502
      100000 435200000  -288841.290100345621     5494.047584539279        0.930312859796        0.839096707570       18.081689036242        6.287819998850
      100000 435300000  -288564.277585674077     5497.760118677281        0.967433925453        0.846739819524        3.948794531030        5.704648689813
      100000 435400000  -288702.168337478768     5528.102428659797        0.948419680569        0.909206496876        9.906078514999        2.002072429738
      100000 435500000  -288678.442971656797     5495.380252458155        0.952152679156        0.841840313345        8.524108344380        6.075217500687
      100000 435600000  -288685.022413216298     5496.796533575282        0.951239337978        0.844756056268        8.852641922535        5.853283678809
      100000 435700000  -288591.794439706020     5495.379883736372        0.963788520595        0.841839554246        4.882320073772        6.075275817748
      100000 435800000  -288739.923387023387     5503.344439202920        0.943736231659        0.858236437570       11.786675950110        4.880895118285
      100000 435900000  -288741.991377356695     5508.431502799504        0.943365260168        0.868709336982       11.942617716663        4.186373013201
      100000 436000000  -288710.383559994400     5517.757918017916        0.947457394007        0.887909924235       10.279143503943        3.051438100175
      100000 436100000  -288526.745129508432     5512.330412094481        0.972203548289        0.876736145392        2.876818298404        3.690130525775
      100000 436200000  -288587.973463728093     5497.244326330721        0.964262512344        0.845677941437        4.755341905803        5.783972972230
      100000 436300000  -288630.352774001425     5481.394046341069        0.958934693680        0.813046466555        6.278904022513        8.488629815707
      100000 436400000  -288560.114842823707     5491.706969456747        0.968122575188        0.834278008952        3.783556043682        6.670072031272
      100000 436500000  -288749.262310672086     5479.957569492981        0.943002952170        0.810089146040       12.095906886246        8.759308299395
      100000 436600000  -288552.766742854379     5480.860793931410        0.969366971647        0.811948642881        3.493924989408        8.588615946470
      100000 436700000  -288625.793273902265     5472.605816593394        0.959778288009        0.794953858825        6.023581835342       10.211121416491
      100000 436800000  -288649.846333376132     5478.731275962666        0.956384778537        0.807564536597        7.082879857505        8.993742707055
      100000 436900000  -288712.117548497859     5515.809486465529        0.947254393844        0.883898626309       10.358724587983        3.273745810228
      100000 437000000  -288586.619468586752     5503.600435553119        0.964318200627        0.858763465388        4.740533338344        4.844671622311
      100000 437100000  -288687.425164384535     5503.134542576037        0.950790100081        0.857804316718        9.016514277956        4.910696162209
      100000 437200000  -288731.878066269681     5495.943895521574        0.944965075004        0.843000703223       11.277438542495        5.986398913244
      100000 437300000  -288683.299948624335     5521.475796469487        0.951040338388        0.895564038698        8.925047294557        2.648929356468
      100000 437400000  -288696.338907683035     5504.341158015653        0.949570254606        0.860288414250        9.469068585885        4.740619330531
      100000 437500000  -288781.119430795079     5492.812626590952        0.938419936660        0.836554260415       14.119326259644        6.488098706410
      100000 437600000  -288655.508068794617     5501.024610058405        0.955117078830        0.853460531624        7.500598883905        5.215302004943
      100000 437700000  -288626.193954280112     5503.136294029653        0.959012666101        0.857807922491        6.255082622187        4.910447116223
      100000 437800000  -288497.427135565784     5504.066938558593        0.976286817707        0.859723869943        2.093694879923        4.779008370237
      100000 437900000  -288682.376439725515     5487.229194036685        0.951806766294        0.825059470463        8.647804180344        7.432777161876
      100000 438000000  -288667.932718700264     5505.017883297056        0.953372223785        0.861681610082        8.095116776454        4.646544373770
      100000 438100000  -288701.538930936251     5458.712910707109        0.950015800627        0.766352092184        9.302489563284       13.258488984241
      100000 438200000  -288745.308321921155     5473.307252717204        0.943709638809        0.796397927654       11.797820435847       10.067801107044
      100000 438300000  -288602.986192231765     5486.646934062243        0.962481626975        0.823860753359        5.241091059359        7.534987012628
      100000 438400000  -288647.644822765607     5500.714078964666        0.956179140294        0.852821231397        7.149826419618        5.260906327633
      100000 438500000  -288524.502355434000     5472.465245746076        0.973384287660        0.794664461157        2.637605861756       10.239965266733
      100000 438600000  -288651.480769416550     5519.465150845237        0.955342020406        0.891424658685        7.425605162698        2.863074478229
      100000 438700000  -288579.137236979790     5485.563935337588        0.965710027412        0.821631149485        4.377921671577        7.726952921178
      100000 438800000  -288694.911110672168     5485.915852854960        0.950154605859        0.822355653256        9.250895604774        7.664309280913
      100000 438900000  -288668.630026767729     5493.716057827696        0.953506165636        0.838414182998        8.048675891565        6.341276875836
      100000 439000000  -288589.441105013480     5497.872385791503        0.964052465046        0.846970947399        4.811405280687        5.687455585655
      100000 439100000  -288695.977364826715     5488.819177532569        0.949943326086        0.828332819991        9.329485391944        7.157226893014
      100000 439200000  -288532.528765206225     5492.980328525417        0.971798932851        0.836899513714        2.961179925060        6.460717489525
      100000 439300000  -288621.700043099234     5458.270153169520        0.960751101746        0.765440573178        5.735729369722       13.362140147524
      100000 439400000  -288537.787344535813     5501.358716617338        0.970918966961        0.854148367409        3.148860135351        5.166457112639
      100000 439500000  -288460.319242533529     5473.992839684710        0.981961492045        0.797809367321        1.211532128704        9.928698012007
      100000 439600000  -288735.405150873819     5473.769707814790        0.945026898506        0.797349998652       11.252115744358        9.973864435852
      100000 439700000  -288627.234762967797     5480.007051615044        0.959388491473        0.810191016457        6.140899002801        8.749913627720
      100000 439800000  -288582.615416205488     5468.501931356266        0.965691873263        0.786505059932        4.382558506875       11.069943698713
      100000 439900000  -288763.229496666696     5469.742947780527        0.941402253857        0.789059979864       12.784847001817       10.806578320391
      100000 440000000  -288635.203190417029     5538.431892068125        0.957301084818        0.930472091299        6.788399517838        1.174055351229
      100000 440100000  -288655.496477123350     5500.772280444391        0.955123609706        0.852941052632        7.498416231020        5.252343792402
      100000 440200000  -288670.532761664130     5489.787000576034        0.953338042229        0.830325308032        8.106989747339        6.992047628314
      100000 440300000  -288714.543772153789     5495.848804551177        0.947294863861        0.842804936422       10.342834849891        6.001337436554
      100000 440400000  -288580.588747330243     5482.433553226292        0.965591443214        0.815186532399        4.408254155050        8.295402637064
      100000 440500000  -288631.145351662533     5514.859225343913        0.958142905696        0.881942293554        6.523367781136        3.385001945292
      100000 440600000  -288666.971126732416     5481.967173379846        0.954002955390        0.814226381395        7.877593525527        8.381819811244
      100000 440700000  -288724.055037809070     5511.059057702310        0.945728518932        0.874118767722       10.966727654609        3.848506376026
      100000 440800000  -288596.432606992079     5498.180353406817        0.963107276601        0.847604970110        5.067749537787        5.640425222483
      100000 440900000  -288628.568742562551     5508.550820829347        0.958594425248        0.868954980800        6.383389517781        4.170722324821
      100000 441000000  -288554.183168004733     5527.688019531779        0.968297347651        0.908353339641        3.742182018914        2.039874864270
      100000 441100000  -288696.511949436739     5502.902523911558        0.949574294322        0.857326652523        9.467551591615        4.943743628243
      100000 441200000  -288623.444854332833     5465.032475519925        0.960310113529        0.779362380998        5.865343136697       11.823045569117
      100000 441300000  -288670.627390018431     5510.451458472759        0.952913517896        0.872867883888        8.255173417990        3.925371733800
      100000 441400000  -288658.552390242927     5506.014822355472        0.954613506467        0.863734040188        7.669851825371        4.509672442233
      100000 441500000  -288763.697358939098     5477.418399011716        0.941130149402        0.804861675116       12.903858095705        9.248161053772
      100000 441600000  -288581.113032944966     5496.622034968808        0.965196733558        0.844396810444        4.509970735808        5.880404874601
      100000 441700000  -288682.071635428118     5475.542467832565        0.952141126156        0.800999636011        8.528225227242        9.617849581455
      100000 441800000  -288656.781587155536     5492.425675353035        0.955125495716        0.835757631610        7.497785975946        6.551498365926
      100000 441900000  -288589.191341207596     5521.562803234905        0.963676749328        0.895743162290        4.912506373862        2.639850513764
      100000 442000000  -288542.398032317869     5481.690437553450        0.970738506287        0.813656656559        3.188061530289        8.433308858748
      100000 442100000  -288452.426458919654     5487.502759408206        0.982679808076        0.825622668183        1.116963833899        7.384996526616
      100000 442200000  -288581.161294843303     5491.234860248864        0.965306832508        0.833306062730        4.481481591160        6.748540341575
      100000 442300000  -288672.797319585690     5484.225744087249        0.953164929561        0.818876172651        8.167254082014        7.967487899218
      100000 442400000  -288818.948272235692     5456.907753848471        0.934306257255        0.762635758420       16.068736240711       13.683614390233
      100000 442500000  -288711.789064328419     5477.057712054811        0.948110265491        0.804119117421       10.025282249224        9.318678817787
      100000 442600000  -288544.064854515949     5480.112818272784        0.970554494328        0.810408761634        3.228284084233        8.729849681011
      100000 442700000  -288568.591329701478     5497.485372483730        0.966860307587        0.846174190809        4.089127550426        5.746834043190
      100000 442800000  -288594.118574136170     5517.633211649954        0.963072232890        0.887653187275        5.077381632133        3.065432454775
      100000 442900000  -288693.432632738724     5499.555568186566        0.950053482472        0.850436168460        9.288469019326        5.432796077926
      100000 443000000  -288704.222415013704     5480.088943419047        0.949047908965        0.810359609715        9.666243581479        8.734376730845
      100000 443100000  -288712.086668905802     5489.601137865335        0.947762102558        0.829942666566       10.160266231088        7.023619385891
      100000 443200000  -288617.264594565611     5482.760472649708        0.960658228619        0.815859571800        5.762905947609        8.235093539623
      100000 443300000  -288807.678601819091     5513.839497614652        0.934452968610        0.879842947687       15.997044978998        3.506459042805
      100000 443400000  -288621.950177011080     5495.444467362016        0.959737604338        0.841972514608        6.035773527287        6.065065536259
      100000 443500000  -288600.853689842159     5500.360044191591        0.962469629324        0.852092368765        5.244443594513        5.313141750935
      100000 443600000  -288616.976516569033     5486.236059477553        0.960612640139        0.823014872801        5.776269572657        7.607531927851
      100000 443700000  -288558.112075598678     5514.168840755709        0.967961388698        0.880520976873        3.821915476855        3.466997793907
      100000 443800000  -288636.769415894989     5514.877563188784        0.957387372269        0.881980046257        6.760990772990        3.382837367537
      100000 443900000  -288590.532824611524     5495.982832656242        0.963945184225        0.843080864339        4.840166180924        5.980287371105
      100000 444000000  -288675.454003243474     5506.654586123303        0.952332177069        0.865051142179        8.460272390847        4.422915735423
      100000 444100000  -288689.719533730764     5489.486313883215        0.950768358108        0.829706274787        9.024483410706        7.043159617827
      100000 444200000  -288641.519095179858     5469.667753171176        0.957748596701        0.788905174334        6.646851662202       10.822445693072
      100000 444300000  -288692.461151735391     5496.062804878689        0.950255777479        0.843245505694        9.213380473122        5.967744782449
      100000 444400000  -288691.930041375570     5491.345803305507        0.950429468578        0.833534464725        9.149152377639        6.730059476458
      100000 444500000  -288753.789930205792     5501.391977608204        0.941911821390        0.854216842868       12.563459075540        5.161607081601
      100000 444600000  -288664.126622194191     5497.777819009498        0.954025061966        0.846776259761        7.870023266423        5.701936256205
      100000 444700000  -288631.829507036600     5485.213809747249        0.958642506134        0.820910334810        6.368573115605        7.789530608095
      100000 444800000  -288742.421105269575     5494.139402970672        0.943587768721        0.839285737091       11.848960908919        6.273054789130
      100000 444900000  -288686.023858942324     5494.320144043304        0.951157329992        0.839657834478        8.882444546430        6.244040747505
      100000 445000000  -288662.033762775129     5483.637892932631        0.954624688940        0.817665944807        7.666072844514        8.074317467171
      100000 445100000  -288751.349650846096     5508.001601906493        0.942116163989        0.867824286358       12.475223072516        4.243005228503
      100000 445200000  -288610.541699569672     5488.451783386990        0.961424774713        0.827576453993        5.540521613416        7.220435352157
      100000 445300000  -288572.892153185094     5462.126373985782        0.967185992474        0.773379497461        4.009149561294       12.472934325701
      100000 445400000  -288761.160901790252     5508.123747907579        0.940796467514        0.868075752210       13.050554123034        4.226875851415
      100000 445500000  -288655.977340644924     5467.363367628306        0.955873089384        0.784161062620        7.250045916910       11.314355688736
      100000 445600000  -288578.855185380206     5488.489682029001        0.965679007068        0.827654477131        4.385846207536        7.213902212398
      100000 445700000  -288604.477496498497     5506.865194815211        0.961859639665        0.865484728983        5.416307277196        4.394539991577
      100000 445800000  -288672.832782746525     5513.100119990297        0.952573111792        0.878320767486        8.374964448273        3.595863211684
      100000 445900000  -288603.461566133657     5485.619331052527        0.962442242307        0.821745194402        5.252100437303        7.717075209981
      100000 446000000  -288672.989772479748     5496.883395640180        0.952853364040        0.844934881960        8.276279165608        5.839806635878
      100000 446100000  -288655.897360259667     5490.133606908843        0.955295515985        0.831038877499        7.441078467722        6.933360969409
      100000 446200000  -288639.579632207286     5489.981010425836        0.957490251987        0.830724722272        6.728384045481        6.959167811959
      100000 446300000  -288705.956560154911     5495.814525658265        0.948448744730        0.842734365377        9.894918027843        6.006727118853
      100000 446400000  -288710.314109559637     5508.795613677241        0.947612726955        0.869458943611       10.218456392406        4.138705124615
      100000 446500000  -288703.593404139858     5484.648694323376        0.949019131083        0.819746913737        9.677165707479        7.891065673746
      100000 446600000  -288657.879569377983     5470.672487218864        0.955523243861        0.790973652232        7.365460776439       10.611390669520
      100000 446700000  -288661.657970753033     5504.290649469011        0.954228426449        0.860184430701        7.800553093611        4.747678585706
      100000 446800000  -288637.322171932086     5476.862957180478        0.958115382676        0.803718169375        6.531949447391        9.356866617752
      100000 446900000  -288629.816640514182     5498.372198534198        0.958620289947        0.847999927768        6.375417022181        5.611226863913
      100000 447000000  -288613.789841359481     5488.512532712892        0.960987183063        0.827701520560        5.666936299617        7.209964536822
      100000 447100000  -288695.782974023838     5475.978442594409        0.950288237376        0.801897191101        9.201360270995        9.531286100841
      100000 447200000  -288623.511545749614     5463.372512906790        0.960350721487        0.775944963240        5.853347246370       12.192132160568
      100000 447300000  -288626.231834797421     5480.143764310516        0.959519690320        0.810472471225        6.101285726165        8.723983569175
      100000 447400000  -288583.007557786768     5504.783907910809        0.964780983364        0.861199917523        4.618364035848        4.678963824578
      100000 447500000  -288699.576863073744     5487.674531152472        0.949486526090        0.825976300129        9.500537680993        7.355073800158
      100000 447600000  -288599.156961678527     5509.116950296797        0.962534147886        0.870120489517        5.226427619207        4.096863792304
      100000 447700000  -288590.926752085565     5467.519333639182        0.964604067227        0.784482154801        4.664879548264       11.280717190414
      100000 447800000  -288619.555936209159     5518.428189286031        0.959644401284        0.889289832986        6.063750185702        2.976769799543
      100000 447900000  -288685.945220631780     5491.434719127603        0.951231169941        0.833717518552        8.855608033317        6.715266194729
      100000 448000000  -288621.179242569953     5465.273140827194        0.960607234715        0.779857846311        5.777855123490       11.770005369401
      100000 448100000  -288720.931530864909     5494.345163345337        0.946469119766        0.839709342510       10.669461009527        6.240029742785
      100000 448200000  -288595.355718959589     5478.878902714700        0.963698386873        0.807868460481        4.906655415165        8.965356518265
      100000 448300000  -288665.725066831335     5484.797803761438        0.954100777441        0.820053890073        7.844122551848        7.864211123879
      100000 448400000  -288535.881410610396     5500.556037929840        0.971190720871        0.852495867299        3.090284716355        5.284192322966
      100000 448500000  -288535.325799827930     5489.819938431494        0.971493926220        0.830393118241        3.025579165284        6.986460024597
      100000 448600000  -288672.038902139524     5477.248532109894        0.953443209681        0.804511964730        8.070487606974        9.281338298557
      100000 448700000  -288608.275946561713     5490.490130520426        0.961682415212        0.831772863983        5.466759461910        6.873253181554
      100000 448800000  -288787.785484177992     5485.122490962967        0.937701731212        0.820722333928       14.450592940119        7.805893442603
      100000 448900000  -288561.789770215983     5531.910947953351        0.967226367826        0.917047216519        3.999289672026        1.671214387379
      100000 449000000  -288696.521780296694     5468.842529326677        0.950385898763        0.787206259793        9.165242665599       10.997347169057
      100000 449100000  -288595.444096129155     5451.692613491789        0.964490115688        0.751899183315        4.694963561762       14.949498598791
      100000 449200000  -288622.139298136579     5502.633241281845        0.959566797218        0.856772271820        6.087093867608        4.982237724988
      100000 449300000  -288623.320008964743     5508.021952191368        0.959308611259        0.867866182136        6.165080264303        4.240315841373
      100000 449400000  -288753.570074724499     5489.132001893595        0.942202134562        0.828976841439       12.438193542486        7.103625949917
      100000 449500000  -288649.104352889583     5508.947894899175        0.955829779193        0.869772449800        7.264284619163        4.118850043588
      100000 449600000  -288575.972805489320     5477.429335046560        0.966338964704        0.804884189479        4.218797204978        9.246027137361
      100000 449700000  -288596.317437964026     5490.267703071237        0.963293327701        0.831314945528        5.016764798529        6.910722441119
      100000 449800000  -288615.269750029081     5464.691100745462        0.961418060305        0.778659581907        5.542450548949       11.898485645483
      100000 449900000  -288561.979991481407     5499.131934382021        0.967714490984        0.849564020090        3.881047758393        5.496341108670
      100000 450000000  -288513.593782110373     5500.663824719377        0.974181542204        0.852717771386        2.481957299624        5.268305285224
      100000 450100000  -288727.796856267378     5456.235836611129        0.946568252719        0.761252461061       10.629980403046       13.843568246349
      100000 450200000  -288696.797228160314     5498.899538821541        0.949614894200        0.849085579968        9.452312273047        5.531357356217
      100000 450300000  -288623.341203767806     5494.107554243878        0.959579424429        0.839220169106        6.083292485914        6.278174377910
      100000 450400000  -288641.955953142839     5468.953199557029        0.957710258388        0.787434100111        6.658919649053       10.973809844381
      100000 450500000  -288783.380759047344     5509.856418607756        0.937782332925        0.871642856417       14.413224676205        4.001384881099
      100000 450600000  -288561.970279142493     5520.342707767151        0.967349491245        0.893231312995        3.969297190100        2.768586156907
      100000 450700000  -288564.237515385495     5493.095572220162        0.967538314878        0.837136769569        3.923519656607        6.441934857991
      100000 450800000  -288688.366077164188     5479.358690667897        0.951195890993        0.808856215180        8.868424807253        8.873411076577
      100000 450900000  -288662.994737018598     5488.375376234762        0.954382745987        0.827419152162        7.748042402887        7.233615753777
      100000 451000000  -288706.738542756299     5496.451419327408        0.948330339685        0.844045558603        9.940424338381        5.906983177120
      100000 451100000  -288714.034032938071     5481.988850447349        0.947682444407        0.814271008662       10.191276863549        8.377793267667
      100000 451200000  -288615.236059427494     5475.166932002641        0.961126378179        0.800226508469        5.626569942655        9.692726516847
      100000 451300000  -288754.628407051554     5507.603670951910        0.941682952295        0.867005053262       12.662654888700        4.295765035509
      100000 451400000  -288682.189253764926     5503.432664569467        0.951487538174        0.858418069935        8.762748338586        4.868395988318
      100000 451500000  -288722.189140313072     5459.662690839730        0.947213055490        0.768307434712       10.374967852628       13.037503416112
      100000 451600000  -288689.577888699481     5479.835160885006        0.951020960806        0.809837139551        8.932113522120        8.782570446549
      100000 451700000  -288578.804858959047     5495.313000326045        0.965534282904        0.841701859245        4.422912512941        6.085858732495
      100000 451800000  -288537.865018886281     5490.390506195836        0.971139989968        0.831567764221        3.101177801662        6.890022912820
      100000 451900000  -288758.948811123380     5489.995670448057        0.941460104157        0.830754903326       12.759615924078        6.956686453853
      100000 452000000  -288641.884319948032     5480.805469063111        0.957400973143        0.811834743818        6.756675586922        8.599023013762
      100000 452100000  -288608.995801531244     5495.062912809663        0.961485335007        0.841186996131        5.523138838078        6.125511501783
      100000 452200000  -288635.827929840190     5494.048510354944        0.957903885766        0.839098613576        6.598082320643        6.287671032944
      100000 452300000  -288562.450262322091     5495.435253566131        0.967727907631        0.841953545873        3.877822792865        6.066521656641
      100000 452400000  -288757.593642798252     5499.112746034749        0.941446367863        0.849524516430       12.765604673927        5.499228105499
      100000 452500000  -288763.135053618113     5464.188468986191        0.941576540938        0.777624797938       12.708908246518       12.009998426870
      100000 452600000  -288586.843478271971     5495.659773245454        0.964447440161        0.842415771669        4.706255090465        6.031089006836
      100000 452700000  -288676.204468973214     5506.916400322691        0.952226663624        0.865590147387        8.497767724291        4.387654767862
      100000 452800000  -288620.255549313501     5488.223000357859        0.960125628560        0.827105451104        5.919995974151        7.259936812040
      100000 452900000  -288641.100991181564     5484.106763622724        0.957424253049        0.818631223790        6.749292704771        7.989052668397
      100000 453000000  -288597.656694114674     5465.067095043138        0.963772121138        0.779433653310        4.886743285921       11.815408433651
      100000 453100000  -288785.221449391218     5509.893097191118        0.937534518784        0.871718367782       14.528269624950        3.996678307733
      100000 453200000  -288617.390200365800     5514.746489093639        0.959991842615        0.881710199854        5.959787996160        3.398324411119
      100000 453300000  -288595.539844796993     5476.263938377611        0.963742074714        0.802484950339        4.894852513135        9.474812485652
      100000 453400000  -288694.024176528677     5501.743841349147        0.949930756772        0.854941235928        9.334171278687        5.110438718391
      100000 453500000  -288669.849860582734     5497.583621979691        0.953260502368        0.846376460167        8.133955488912        5.731730671402
      100000 453600000  -288455.979627411347     5487.574871039949        0.982200973288        0.825771126690        1.179576796120        7.372427245472
      100000 453700000  -288561.037096115528     5515.550546842627        0.967546689394        0.883365539082        3.921495526324        3.303878074852
      100000 453800000  -288615.566456882982     5493.918252788484        0.960627569560        0.838830448187        5.771891517562        6.308647121265
      100000 453900000  -288531.536269507604     5493.875020175241        0.971912727596        0.838741443832        2.937330695321        6.315616826111
      100000 454000000  -288717.010983591434     5518.712556965649        0.946553168861        0.889875269760       10.635982967172        2.945370645888
      100000 454100000  -288594.568580158288     5497.932493539527        0.963362673401        0.847094693129        4.997827508654        5.678261072960
      100000 454200000  -288655.636906936066     5500.553322124295        0.955109082369        0.852490276184        7.503271775317        5.284592923100
      100000 454300000  -288702.354792064521     5454.516290867701        0.950040348303        0.757712377620        9.293354739477       14.257149228392
      100000 454400000  -288616.353642260656     5508.219345172867        0.960240611600        0.868272561337        5.885903013519        4.214273661308
      100000 454500000  -288701.039808481233     5510.931116719730        0.948821346569        0.873855371557        9.752398095509        3.864628594154
      100000 454600000  -288618.605203059735     5508.439822463319        0.959934361252        0.868726464938        5.976925642834        4.185280790272
      100000 454700000  -288800.856902309926     5474.926203498617        0.936206244874        0.799730913052       15.152700705868        9.740877342579
      100000 454800000  -288646.963813563110     5506.896236203611        0.956153688517        0.865548634875        7.158134272844        4.390365442668
      100000 454900000  -288645.604654826690     5491.371072370559        0.956649834231        0.833586486952        6.997054171340        6.725853705295
      100000 455000000  -288619.066705722129     5508.529194690287        0.959870812726        0.868910458380        5.995900807210        4.173556804053
      100000 455100000  -288696.267715047346     5496.398401152343        0.949737553978        0.843936408402        9.406346020452        5.915254490469
      100000 455200000  -288698.089458775008     5471.963763816282        0.950087534357        0.793632044379        9.275808194234       10.343196198186
      100000 455300000  -288723.558221375104     5477.903572270647        0.946507661309        0.805860516715       10.654102791826        9.153727462363
      100000 455400000  -288549.846012301045     5508.913328921422        0.969159559878        0.869701287724        3.541398879824        4.123352716084
      100000 455500000  -288636.349616401363     5465.941080085002        0.958550355626        0.781232954077        6.396984946360       11.623423026884
      100000 455600000  -288761.230017087888     5502.867750370875        0.940884119119        0.857255063130       13.011939696190        4.948706130404
      100000 455700000  -288513.601133333286     5471.321042533033        0.974879919176        0.792308853658        2.349501767000       10.476258496864
      100000 455800000  -288593.016893706284     5460.734767707065        0.964526104541        0.770514553412        4.685451802671       12.790294276984
      100000 455900000  -288631.778847117210     5498.671390754171        0.958350695040        0.848615884295        6.458761202773        5.565841769566
      100000 456000000  -288701.844103182666     5500.910197628662        0.948896971788        0.853224987121        9.723597715706        5.232081416182
      100000 456100000  -288676.393029180821     5493.243441675790        0.952473975928        0.837441193114        8.410013219318        6.417874868237
      100000 456200000  -288816.809470283333     5477.387151174247        0.933998664156        0.804797344201       16.219563501497        9.254259709533
      100000 456300000  -288822.261608008295     5482.582003069110        0.933134065087        0.815492150806       16.647290327281        8.267989791350
      100000 456400000  -288731.803794364911     5503.087371858768        0.944831496179        0.857707204864       11.332249379554        4.917405924999
      100000 456500000  -288618.669476899086     5490.400688742287        0.960288713414        0.831588727353        5.871669829508        6.888307950484
      100000 456600000  -288561.436478090473     5502.928705157712        0.967712769583        0.857380552686        3.881461629293        4.940008967799
      100000 456700000  -288487.490120067494     5484.225265691057        0.978049422115        0.818875187762        1.794013172992        7.967574548402
      100000 456800000  -288597.779084805399     5529.213585828431        0.962424498014        0.911494071434        5.257064355646        1.902457505310
      100000 456900000  -288650.128565583844     5497.698632308282        0.955906459260        0.846613235584        7.239084730248        5.714075993416
      100000 457000000  -288707.539806243498     5497.384452071972        0.948203319891        0.845966422751        9.989357604564        5.762368691211
      100000 457100000  -288522.082922147354     5500.348062272184        0.973047813956        0.852067701207        2.704716203320        5.314914116034
      100000 457200000  -288611.295475929044     5482.465390305035        0.961467116711        0.815252076404        5.528365209817        8.289519759508
      100000 457300000  -288567.675656695152     5473.045599532314        0.967570687422        0.795859253931        3.915698067475       10.121144710571
      100000 457400000  -288750.925272180466     5499.544378040358        0.942333151896        0.850413130950       12.381867174012        5.434469847965
      100000 457500000  -288706.780105276965     5500.478384791873        0.948242664173        0.852336000317        9.974187719740        5.295652688820
      100000 457600000  -288685.541136394255     5489.258076894097        0.951334692156        0.829236396047        8.818052112598        7.082080566790
      100000 457700000  -288604.380785064539     5503.063603690825        0.961943295540        0.857658272581        5.392573415912        4.920788545567
      100000 457800000  -288581.232652714942     5486.952827197500        0.965395637692        0.824490505273        4.458568178204        7.481203544625
      100000 457900000  -288698.912259450182     5471.037325556390        0.950002835063        0.791724756506        9.307316195544       10.535266860119
      100000 458000000  -288677.343466826016     5511.302341019735        0.951997204842        0.874619622815        8.579594547065        3.817942497080
      100000 458100000  -288649.674809633289     5492.375861211680        0.956080947681        0.835655077655        7.181904600097        6.559682512800
      100000 458200000  -288478.768533171387     5506.290191444568        0.978751241879        0.864300951279        1.681128136797        4.472227063900
      100000 458300000  -288684.251276082825     5496.669870704412        0.951345535027        0.844495291392        8.814123139087        5.872963837021
      100000 458400000  -288700.928089029621     5508.043938493356        0.948886409246        0.867911446034        9.727617693870        4.237411204943
      100000 458500000  -288667.380264138104     5483.976943735033        0.953898433629        0.818363959463        7.913435630666        8.012615290667
      100000 458600000  -288628.152457978576     5475.533734622411        0.959382042833        0.800981656674        6.142849365592        9.619587571963
      100000 458700000  -288546.585033535026     5495.250158236362        0.969862346140        0.841572484239        3.381836384382        6.095810583551
      100000 458800000  -288658.607071377104     5478.908022006974        0.955203755921        0.807928409293        7.471656813480        8.959762656644
      100000 458900000  -288703.440885121003     5486.715469009243        0.948990175092        0.824001848432        9.688161655711        7.522920153667
      100000 459000000  -288725.460405864054     5495.279569159262        0.945840955023        0.841633033440       10.921334432365        6.091151974503
      100000 459100000  -288683.184349635150     5495.989086349495        0.951503090603        0.843093739016        8.757130805833        5.979306087222
      100000 459200000  -288583.547492578393     5478.948998373933        0.965282278793        0.808012768641        4.487827276467        8.951893989031
      100000 459300000  -288689.095453889109     5518.329439291731        0.950307567623        0.889086533236        9.194205828033        2.987712465830
      100000 459400000  -288709.687567787478     5477.694253840484        0.948375782827        0.805429586215        9.922946945785        9.194409535085
      100000 459500000  -288614.205339841079     5489.281652641483        0.960913672924        0.829284932187        5.688312338321        7.078055259338
      100000 459600000  -288530.681694247061     5539.564639986493        0.971326639190        0.932804115419        3.061194402163        1.096618555113
      100000 459700000  -288568.239571856568     5474.932556766085        0.967443724448        0.799743992725        3.946418537243        9.739605021053
      100000 459800000  -288646.412381599192     5502.906629661098        0.956301972290        0.857335105160        7.109799975756        4.943157864564
      100000 459900000  -288665.826791645493     5507.586450563744        0.953608226157        0.866969601102        8.013378718987        4.298055565366
      100000 460000000  -288609.491041370435     5503.716678495519        0.961244626481        0.859002778426        5.592391474927        4.828267781179
      100000 460100000  -288707.100986717269     5498.518951624632        0.948238958963        0.848302053017        9.975615837357        5.588942552474
      100000 460200000  -288647.297845920315     5488.294312036596        0.956492525281        0.827252262722        7.047928087730        7.247612646205
      100000 460300000  -288597.525998425437     5499.381232038140        0.962936071187        0.850077257093        5.114893757084        5.458901745873
      100000 460400000  -288777.685477395309     5494.698534463532        0.938840172734        0.840436838856       13.927276939575        6.183516192010
      100000 460500000  -288618.121200950816     5484.477483041584        0.960501146539        0.819394435633        5.809017570887        7.921957209806
      100000 460600000  -288565.127287183655     5479.606539242901        0.967738993495        0.809366468914        3.875159089941        8.826099594719
      100000 460700000  -288734.302653729683     5510.737246077508        0.944357844294        0.873456243908       11.527671859920        3.889123023850
      100000 460800000  -288710.818279235158     5487.584561326541        0.947979045615        0.825791076391       10.076050658765        7.370739014417
      100000 460900000  -288664.263061547419     5476.635609534569        0.954503551722        0.803250121555        7.707059288664        9.401544034664
      100000 461000000  -288586.720042599831     5496.629085240886        0.964443633715        0.844411325063        4.707262897853        5.879307880945
      100000 461100000  -288666.730453643017     5510.364793327637        0.953438309198        0.872689463601        8.072186666035        3.936397388502
      100000 461200000  -288664.574058738071     5486.838244585320        0.954206612863        0.824254610410        7.807989961948        7.501327395718
      100000 461300000  -288616.820456998423     5492.806349338032        0.960483408674        0.836541337235        5.814236087475        6.489124737217
      100000 461400000  -288579.756843050709     5497.507204599679        0.965360465363        0.846219137279        4.467636278952        5.743476190926
      100000 461500000  -288568.386345300823     5491.989905285649        0.967005528488        0.834860497931        4.053368275501        6.623265745869
      100000 461600000  -288627.819892799249     5474.478708224371        0.959455052454        0.798809640316        6.120786019150        9.830702945164
      100000 461700000  -288695.674193982966     5492.611694299616        0.949898598304        0.836140594724        9.346165430226        6.520981792772
      100000 461800000  -288679.445969569497     5503.132720449939        0.951861642736        0.857800565449        8.628121311912        4.910955264092
      100000 461900000  -288695.887052241247     5473.994905354455        0.950327572402        0.797813619981        9.186804659322        9.928280357326
      100000 462000000  -288709.341497854330     5509.572311616503        0.947729804589        0.871057956330       10.172834019235        4.037935130070
      100000 462100000  -288572.970895108068     5502.432619647123        0.966173374114        0.856359245688        4.260406824359        5.011013736942
      100000 462200000  -288635.412292329129     5483.499431523494        0.958203018360        0.817380889906        6.504644291557        8.099583431938
      100000 462300000  -288691.208534688922     5515.858246588148        0.950061457700        0.883999010322        9.285502976809        3.268087140378
      100000 462400000  -288557.402748768684     5498.199933564290        0.968348106538        0.847645280403        3.730208451013        5.637441698441
      100000 462500000  -288727.730694319820     5479.878833933733        0.945896392617        0.809927050643       10.898987560036        8.774267418024
      100000 462600000  -288713.377871977631     5483.317120284773        0.947737674105        0.817005559968       10.169771116628        8.132911161547
      100000 462700000  -288615.394174812827     5515.614801210351        0.960246195530        0.883497821590        5.884249861178        3.296388051176
      100000 462800000  -288691.245425201254     5501.162366628647        0.950315282585        0.853744135451        9.191351170383        5.195134764519
      100000 462900000  -288636.637482927879     5477.466835081577        0.958191461250        0.804961391992        6.508241933059        9.238711735182
      100000 463000000  -288635.746336703422     5498.798331212252        0.957815331569        0.848877220648        6.625871224744        5.546641587650
      100000 463100000  -288573.108561339322     5485.680624006316        0.966516811373        0.821871380153        4.174335296109        7.706153313567
      100000 463200000  -288830.634986656252     5512.302884939127        0.931395328662        0.876679474363       17.524316467492        3.693524409047
      100000 463300000  -288647.462778566871     5498.328787378035        0.956251516697        0.847910555842        7.126228006532        5.617827302655
      100000 463400000  -288689.722853206797     5468.763405020349        0.951301173054        0.787043364070        8.830203478345       11.014190770648
      100000 463500000  -288643.648389161797     5485.427882815711        0.957050233402        0.821351053836        6.868396011386        7.751239506975
      100000 463600000  -288669.526572006522     5493.392180716619        0.953392812929        0.837747406902        8.087969331948        6.393718800195
      100000 463700000  -288738.625245895702     5502.471754048951        0.943927274741        0.856439812924       11.706768753920        5.005394018419
      100000 463800000  -288704.873927806271     5516.845666050911        0.948211116485        0.886031842134        9.986350573643        3.154549134319
      100000 463900000  -288666.396770679625     5469.900279282592        0.954401246387        0.789383883225        7.741759130703       10.773416290279
      100000 464000000  -288702.232097609434     5500.795666578226        0.948847128132        0.852989198409        9.742574909022        5.248905215149
      100000 464100000  -288685.289446089882     5487.739272329956        0.951403638338        0.826109584848        8.793084003621        7.343811615423
      100000 464200000  -288571.121559627354     5506.145223866217        0.966352009331        0.864002501921        4.215528026328        4.491920659118
      100000 464300000  -288688.566032904433     5486.218087225221        0.950999474561        0.822977872754        8.939951964194        7.610713081703
      100000 464400000  -288715.898576250533     5478.711672671139        0.947515280221        0.807524178678       10.256506905876        8.997515471118
      100000 464500000  -288655.564396746689     5479.061875364743        0.955608384708        0.808245152088        7.337288697318        8.930236163453
      100000 464600000  -288520.866529376712     5466.620966458693        0.974038406210        0.782632657751        2.509553230570       11.475162113076
      100000 464700000  -288550.423945963383     5513.375581216067        0.969006624569        0.878887868261        3.576609001242        3.562423408282
      100000 464800000  -288665.968844428426     5498.151446423493        0.953770005661        0.847545458386        7.957586931082        5.644831363223
      100000 464900000  -288710.364831298124     5493.509957768023        0.947906172017        0.837989878259       10.104300519884        6.374623446978
      100000 465000000  -288674.851661151741     5480.491024172865        0.952981823280        0.811187386134        8.231240272790        8.658292396248
      100000 465100000  -288651.014706941554     5476.138248306699        0.956295818048        0.802226188197        7.111802744021        9.499654428166
      100000 465200000  -288792.339904025663     5490.932040400803        0.936954930312        0.832682637890       14.799122647345        6.799112967039
      100000 465300000  -288625.039023627527     5479.268156527542        0.959702261475        0.808669829670        6.046374741504        8.890724551946
      100000 465400000  -288575.405122143915     5519.091519583017        0.965563512426        0.890655452138        4.415413768787        2.903785319857
      100000 465500000  -288725.283181309234     5484.210242721252        0.946117100041        0.818844259497       10.810247411991        7.970295813305
      100000 465600000  -288767.727492792532     5519.815557020716        0.939726421154        0.892146051009       13.526569540478        2.825155398290
      100000 465700000  -288677.268729436211     5508.320673786104        0.952058672542        0.868481169772        8.557636229991        4.200936471625
      100000 465800000  -288727.537403985392     5497.006594432518        0.945525723781        0.845188515227       11.048839081748        5.820718424257
      100000 465900000  -288745.306877603987     5494.732200228609        0.943187499794        0.840506147636       12.017704344730        6.178145542779
      100000 466000000  -288569.050349423196     5499.526294668205        0.966757083500        0.850375902138        4.114640994053        5.437175219598
      100000 466100000  -288636.421424651751     5512.271790111437        0.957476339750        0.876615458453        6.732788785452        3.697360034824
      100000 466200000  -288769.932197404094     5480.689861726016        0.940208638954        0.811596739321       13.310997140435        8.620790055496
      100000 466300000  -288617.020703271031     5478.874671686441        0.960789154740        0.807859749929        5.724612835040        8.966169450665
      100000 466400000  -288488.479655992938     5480.126064914279        0.978018566550        0.810436032916        1.799060347350        8.727338414473
      100000 466500000  -288717.472418872174     5492.325180218555        0.946977680322        0.835550739085       10.467697380538        6.568014320671
      100000 466600000  -288680.366729422705     5483.893077136017        0.952156557447        0.818191300632        8.522726547689        8.027855727800
      100000 466700000  -288750.148995278869     5508.944116549566        0.942260790846        0.869764671192       12.412960499624        4.119342103496
      100000 466800000  -288704.769071673043     5478.518496270292        0.949014834206        0.807126480286        9.678797038434        9.034735670504
      100000 466900000  -288617.592956331791     5474.773435349576        0.960820453661        0.799416404411        5.715477469954        9.771496103754
      100000 467000000  -288619.095950676827     5503.522125989199        0.959958494058        0.858602247001        5.969727627408        4.855738106217
      100000 467100000  -288615.958721069386     5504.168711846694        0.960367565892        0.859933393844        5.848374888073        4.764742669207
      100000 467200000  -288713.465128585929     5521.397226424888        0.946990627970        0.895402284052       10.462585740344        2.657141249141
      100000 467300000  -288657.615743774222     5518.854168559425        0.954527128629        0.890166810046        7.699073542908        2.929796350067
      100000 467400000  -288725.516991712619     5502.416948482394        0.945688609257        0.856326982963       10.982862812667        5.013265007662
      100000 467500000  -288762.582319614245     5521.364434798248        0.940395253227        0.895334774888       13.228037141669        2.660572285257
      100000 467600000  -288599.026279412443     5519.976346727461        0.962378596874        0.892477073886        5.269915954389        2.807840205997
      100000 467700000  -288518.107906357385     5476.554547508247        0.974132536615        0.803083236587        2.491388165798        9.417499742506
      100000 467800000  -288612.249067258323     5496.125243360177        0.961025961441        0.843374049779        5.655676134449        5.957961282907
      100000 467900000  -288654.874253381044     5499.189065287821        0.955238778865        0.849681637301        7.459978284298        5.487749924661
      100000 468000000  -288704.872057351517     5477.873974535614        0.949017755381        0.805799582918        9.677687984587        9.159474453100
      100000 468100000  -288582.800427465700     5510.700220762752        0.964703361874        0.873380018716        4.638743897312        3.893809757380
      100000 468200000  -288687.016891716048     5496.238247794099        0.950983185878        0.843606695597        8.945896563533        5.940275001069
      100000 468300000  -288630.384221584536     5486.819258700125        0.958798336192        0.824215523565        6.320671495936        7.504664448558
      100000 468400000  -288667.978085101349     5487.130127085373        0.953742617151        0.824855518184        7.967018513889        7.450118089263
      100000 468500000  -288663.644032885553     5519.330405680463        0.953710610653        0.891147254535        7.978047437834        2.877723169919
      100000 468600000  -288530.535457831575     5508.124793839641        0.971766613524        0.868077905504        2.967971028417        4.226737868741
      100000 468700000  -288716.020466136746     5529.211486713029        0.946546157713        0.911489749918       10.638773603757        1.902643294004
      100000 468800000  -288653.938425432192     5500.921934390441        0.955329884610        0.853249149965        7.429641524099        5.230358894618
      100000 468900000  -288689.935897638788     5502.704154537991        0.950461183364        0.856918263193        9.137449029604        4.972086156774
      100000 469000000  -288629.490079754498     5493.035096067935        0.958777020078        0.837012265393        6.327213319598        6.451787964273
      100000 469100000  -288646.006289081182     5525.915274617262        0.955988881897        0.904703733376        7.212046448538        2.205575925827
      100000 469200000  -288640.878347957972     5468.338453762233        0.957872567681        0.786168503417        6.607903472726       11.104872847578
      100000 469300000  -288705.680235013599     5479.951331468299        0.948855648740        0.810076303621        9.739329509732        8.760493008045
      100000 469400000  -288641.526933750603     5492.937627966516        0.957162753047        0.836811604717        6.832455552673        6.467683848328
      100000 469500000  -288624.118328447221     5483.811935017817        0.959712008813        0.818024250776        6.043450064706        8.042614848164
      100000 469600000  -288692.988760119071     5467.570293899626        0.950896918590        0.784587068308        8.977412987274       11.269737018103
      100000 469700000  -288571.362002494046     5513.840549323708        0.966187368445        0.879845112874        4.256882428405        3.506332673683
      100000 469800000  -288677.281239316566     5498.461548360065        0.952244554615        0.848183875093        8.491404132260        5.597653901758
      100000 469900000  -288581.817008390324     5508.637138329446        0.964871090971        0.869132685379        4.594762163006        4.159418515871
      100000 470000000  -288570.457809574436     5500.700178340077        0.966544682904        0.852792613740        4.167388724073        5.262952403344
      100000 470100000  -288639.973892756738     5505.808322084136        0.957112155106        0.863308911521        6.848605626767        4.537855294500
      100000 470200000  -288661.920871912269     5525.569501851685        0.953856190310        0.903991880001        7.927944592950        2.238649849242
      100000 470300000  -288656.914067697711     5499.202387167141        0.954964587966        0.849709063477        7.551652414975        5.485747584258
      100000 470400000  -288723.024273847695     5494.095274456777        0.946193477594        0.839194888318       10.779622665873        6.280148875225
      100000 470500000  -288758.579824810848     5510.813976343721        0.941096415310        0.873614210944       12.918650885379        3.879419348184
      100000 470600000  -288606.735888376134     5538.337975102477        0.961124771939        0.930278741459        5.627034926829        1.180594280857
      100000 470700000  -288642.389952091500     5519.450636203401        0.956563017175        0.891394776931        7.025108131999        2.864650627282
      100000 470800000  -288628.509761335561     5502.067166392691        0.958722254277        0.855606875465        6.344036221969        5.063645196147
      100000 470900000  -288686.472702866886     5503.260147954337        0.950915607693        0.858062904500        8.970580509127        4.892851859625
      100000 471000000  -288510.598783908645     5490.347166421823        0.974802490972        0.831478539252        2.364007935950        6.897324661350
      100000 471100000  -288569.991699073231     5516.640376832336        0.966327290835        0.885609206699        4.221723925827        3.177988949638
      100000 471200000  -288673.534458665177     5472.384622097947        0.953373330654        0.794498478691        8.094732450669       10.256526858021
      100000 471300000  -288495.695649779402     5504.437044725753        0.976512382093        0.860485819266        2.054053058324        4.727232310470
      100000 471400000  -288622.896738589276     5484.723103339784        0.959853901772        0.819900101943        6.000955370786        7.877658918185
      100000 471500000  -288579.855136663420     5488.858590804972        0.965536206722        0.828413961346        4.422418767762        7.150462526709
      100000 471600000  -288558.152950138785     5493.677284442820        0.968342721679        0.838334358999        3.731477781424        6.347543652432
      100000 471700000  -288706.677981413901     5486.623141209595        0.948557656108        0.823811770258        9.853152574739        7.539178450493
      100000 471800000  -288761.821498671779     5505.542759647593        0.940754402581        0.862762189697       13.069105911549        4.574227907400
      100000 471900000  -288592.053731926018     5507.449419866316        0.963517492542        0.866687491652        4.955677898316        4.316304142534
      100000 472000000  -288755.336769265356     5493.423474446870        0.941868875664        0.837811832299       12.582042764164        6.388642319370
      100000 472100000  -288617.833842230961     5461.048568167724        0.961183836359        0.771160584388        5.609949235446       12.718383000539
      100000 472200000  -288752.191500755493     5482.881945100613        0.942536200608        0.816109650993       12.294825968550        8.212740739365
      100000 472300000  -288671.646295895334     5503.588763413951        0.952900363431        0.858739435584        8.259786527667        4.846320295038
      100000 472400000  -288558.222167883767     5499.106501237489        0.968219634421        0.849511660068        3.760551049447        5.500167834529
      100000 472500000  -288649.758101921994     5485.684076557867        0.956223636911        0.821878488031        7.135313625188        7.705538327595
      100000 472600000  -288754.600420474308     5476.595266948454        0.942373420079        0.803167066992       12.364580944010        9.409483108896
      100000 472700000  -288587.396609614138     5497.216898537241        0.964340545272        0.845621474967        4.734597966789        5.788206460157
      100000 472800000  -288725.585300074425     5493.481694366783        0.945862865009        0.837931691497       10.912499790202        6.379203226332
      100000 472900000  -288780.784263476264     5501.652616065927        0.938281720881        0.854753427539       14.182778735462        5.123680311664
      100000 473000000  -288648.417378718033     5489.888828055002        0.956305547804        0.830534943497        7.108636529628        6.974780755512
      100000 473100000  -288718.396942254854     5475.702185746282        0.947258818939        0.801328452353       10.356986569206        9.586091917420
      100000 473200000  -288661.308142174967     5485.199733025394        0.954684226063        0.820881354616        7.645968674220        7.792051807472
      100000 473300000  -288599.980718869716     5463.470344975591        0.963507680294        0.776146373227        4.958343991346       12.170222244974
      100000 473400000  -288567.976434472483     5499.748563238420        0.966896837946        0.850833493503        4.080117511180        5.403969339386
      100000 473500000  -288681.198723067297     5470.711484888569        0.952390673489        0.791053937973        8.439520783061       10.603240694529
      100000 473600000  -288621.259339444339     5521.506089376286        0.959371205492        0.895626403668        6.146127769740        2.645766632234
      100000 473700000  -288665.643449481577     5480.945440242067        0.954206879737        0.812122906930        7.807898955685        8.572705468280
      100000 473800000  -288685.573754188139     5518.003192489967        0.950785362575        0.888414878582        9.018250426439        3.024007192225
      100000 473900000  -288583.441840753658     5485.447154193185        0.965134771109        0.821390728433        4.526043801281        7.747797077990
      100000 474000000  -288596.680981833953     5494.744247452356        0.963145874137        0.840530949638        5.057151224327        6.176224234051
      100000 474100000  -288703.362208406208     5495.971238816157        0.948793828100        0.843056995733        9.762888532470        5.982106804834
      100000 474200000  -288526.107961643022     5467.057215367444        0.973321838537        0.783530777236        2.649997746010       11.380531749044
      100000 474300000  -288638.840958850691     5487.368390466087        0.957649779290        0.825346038574        6.677979279620        7.408446009436
      100000 474400000  -288632.497608900536     5477.241138597019        0.958753313809        0.804496743470        6.334492645378        9.282783698132
      100000 474500000  -288660.927495110314     5485.654942852445        0.954724421573        0.821818509546        7.632410600385        7.710728540952
      100000 474600000  -288645.703093392542     5522.789176768623        0.956070953260        0.898267936438        7.185173666224        2.513540845384
      100000 474700000  -288588.422707554884     5499.135079090483        0.964163495463        0.849570494201        4.781729402910        5.495868041550
      100000 474800000  -288515.823090126971     5526.310404215008        0.973465851644        0.905517199230        2.621464719363        2.168082262547
      100000 474900000  -288676.823804902844     5489.233198347501        0.952505893294        0.829185177793        8.398721076200        7.086329554185
      100000 475000000  -288694.029142139945     5508.798045911826        0.949799555428        0.869463950930        9.383153858701        4.138387624232
      100000 475100000  -288678.383930479409     5480.905499433167        0.952496997531        0.812040679518        8.401867573173        8.580211073466
      100000 475200000  -288481.092777100159     5505.375758656301        0.978455903502        0.862418379452        1.728185203665        4.597175466090
      100000 475300000  -288671.424997364637     5481.582702570595        0.953414467138        0.813434859128        8.080455559634        8.453396503330
      100000 475400000  -288626.653919977136     5516.946941467933        0.958713554270        0.886240341052        6.346710736960        3.143017519511
      100000 475500000  -288687.636690202635     5505.709533213638        0.950713441523        0.863105531735        9.044627781362        4.551368898568
      100000 475600000  -288751.940546326106     5470.648090220056        0.942892694829        0.790923425355       12.142749750092       10.616490897770
      100000 475700000  -288647.729203834664     5510.048911528662        0.955995357855        0.872039147708        7.209924190438        3.976715181246
      100000 475800000  -288587.563896382693     5515.153005977161        0.963990714285        0.882547109075        4.827949565399        3.350407719075
      100000 475900000  -288621.349036726868     5493.835915074684        0.959852823089        0.838660936920        6.001277853610        6.321924432281
      100000 476000000  -288745.146488306113     5483.582052959129        0.943465038392        0.817550985280       11.900574140298        8.084502205650
      100000 476100000  -288723.797883627936     5504.217224190943        0.945885178707        0.860033267748       10.903506036217        4.757950132351
      100000 476200000  -288748.180123639992     5487.955272801220        0.942953155325        0.826554271879       12.117051880521        7.306299230106
      100000 476300000  -288681.273807472317     5479.159280654043        0.952153419709        0.808445683451        8.523844483893        8.911567993425
      100000 476400000  -288631.416679602815     5505.506625379436        0.958266834238        0.862687798932        6.484796796240        4.579188239267
      100000 476500000  -288683.084135281155     5490.132249115966        0.951644696820        0.831036082168        8.706065542017        6.933590385515
      100000 476600000  -288617.836189026479     5518.320212012157        0.959876949120        0.889067536742        5.994067209104        2.988735983039
      100000 476700000  -288646.144229717553     5463.731308013201        0.957300652434        0.776683626122        6.788537001682       12.111874824125
      100000 476800000  -288563.970336600440     5491.443374984898        0.967610705476        0.833735338640        3.906040019225        6.713826954423
      100000 476900000  -288697.250894089229     5502.520238406956        0.949482407647        0.856539629212        9.502086931823        4.998436014678
      100000 477000000  -288680.103255045135     5469.294479319826        0.952577818548        0.788136703599        8.373302228458       10.901385296664
      100000 477100000  -288677.358005113667     5533.188675780781        0.951692965684        0.919677715383        8.688693211748        1.566903838362
      100000 477200000  -288689.997300928226     5477.322789991274        0.951029668663        0.804664841789        8.928937769815        9.266827447385
      100000 477300000  -288613.003709075274     5538.150400673039        0.960284841670        0.929892576023        5.872814829348        1.193708423528
      100000 477400000  -288649.261901985621     5492.612584845163        0.956131179479        0.836142428118        7.165485590161        6.520835869324
      100000 477500000  -288601.115652130917     5471.995478728786        0.963109046772        0.793697336877        5.067263232135       10.336652291903
      100000 477600000  -288623.667622070760     5510.092971933074        0.959225775910        0.872129856262        6.190206286765        3.971079172673
      100000 477700000  -288649.456449560588     5498.598661431111        0.955978289399        0.848466154127        7.215518424855        5.576857278710
      100000 477800000  -288599.763608151581     5504.239139520563        0.962541046641        0.860078385534        5.224503065277        4.754883209663
      100000 477900000  -288658.575472032418     5467.308801198378        0.955525774243        0.784048724978        7.364622725211       11.326136313920
      100000 478000000  -288727.105026890058     5488.272917499766        0.945775897454        0.827208217110       10.947588300327        7.251308975200
      100000 478100000  -288673.449877996696     5530.379384118132        0.952249171945        0.913894137403        8.489762195109        1.800676441561
      100000 478200000  -288668.681140858680     5500.383387933485        0.953360772140        0.852140427268        8.099093538710        5.309689594300
      100000 478300000  -288575.912678131135     5498.638364188373        0.965853506925        0.848547891455        4.341361251443        5.570842589809
      100000 478400000  -288646.085567396600     5522.918921054341        0.956017821541        0.898535045120        7.202564960612        2.500359019376
      100000 478500000  -288708.786414514994     5493.914710154757        0.948109350870        0.838823154854       10.025635668415        6.309218098874
      100000 478600000  -288707.544090025593     5499.323879721574        0.948163147864        0.849959184058       10.004858534443        5.467503548366
      100000 478700000  -288616.280534130288     5499.667922620662        0.960411806871        0.850667476102        5.835325302636        5.416004912492
      100000 478800000  -288798.760520411190     5474.228166149929        0.936506603361        0.798293841389       15.010350471097        9.881174209903
      100000 478900000  -288680.717533329967     5516.379775889218        0.951462183801        0.885072699260        8.771910192865        3.207869205429
      100000 479000000  -288593.246470484184     5505.699735183269        0.963389068846        0.863085360219        4.990628710362        4.552710293546
      100000 479100000  -288734.719050681219     5508.404090823606        0.944342327717        0.868652903076       11.534102054566        4.189972723174
      100000 479200000  -288709.264540888602     5505.655749769881        0.947810075927        0.862994806051       10.141613168435        4.558734532107
      100000 479300000  -288713.061426226981     5523.253072051331        0.947019248771        0.899222972392       10.451290879058        2.466569339335
      100000 479400000  -288597.116576370783     5518.762911697850        0.962652770870        0.889978936647        5.193384571371        2.939827954647
      100000 479500000  -288616.797877650242     5502.475602156483        0.960287119807        0.856447735145        5.872141096891        5.004841598625
      100000 479600000  -288554.133906092960     5485.746991105378        0.969063287598        0.822008012208        3.563543225719        7.694335967745
      100000 479700000  -288671.919149701949     5500.295989481732        0.952927683738        0.851960497299        8.250207071607        5.322620154834
      100000 479800000  -288656.613909780979     5480.142022998072        0.955439795126        0.810468886330        7.393125338124        8.724313598940
      100000 479900000  -288764.483250819379     5478.551194685511        0.940995106609        0.807193797552       12.963126862015        9.028430112655
      100000 480000000  -288552.097637372557     5478.271914780140        0.969523127694        0.806618835140        3.458394262164        9.082357298354
      100000 480100000  -288570.576712612296     5504.072244449519        0.966463628001        0.859734793350        4.187606525494        4.778264109371
      100000 480200000  -288673.556223045802     5482.109225581400        0.953115116831        0.814518828774        8.184636337190        8.355451031127
      100000 480300000  -288745.764495318988     5492.478537541814        0.943175018526        0.835866460677       12.022985318646        6.542819031314
      100000 480400000  -288638.567385887029     5509.671208762564        0.957232187480        0.871261559026        6.810324195936        4.025193197807
      100000 480500000  -288601.565000230679     5523.056792462245        0.961994510963        0.898818885367        5.378068897242        2.486389469921
      100000 480600000  -288715.794013231061     5484.372323391959        0.947387439463        0.819177940122       10.306532761526        7.940961010971
      100000 480700000  -288758.746656117961     5490.988046542741        0.941464832958        0.832797939514       12.757554586521        6.789745395908
      100000 480800000  -288707.647472379729     5499.046598145738        0.948154862358        0.849388335670       10.008057106067        5.509186245120
      100000 480900000  -288591.915320199681     5506.555107454769        0.963552200283        0.864846342284        4.946253186244        4.436350454729
      100000 481000000  -288591.728058880195     5505.996493763290        0.963587528859        0.863696306534        4.936669101917        4.512170351241
      100000 481100000  -288657.886038620956     5489.023660801351        0.955053815220        0.828753796191        7.521758352727        7.122166868198
      100000 481200000  -288575.432903504232     5490.603453093208        0.966090274234        0.832006164763        4.281365117553        6.854202468811
      100000 481300000  -288613.258690054296     5475.925471017137        0.961371644713        0.801788136833        5.555794142662        9.541782807479
      100000 481400000  -288643.635564951459     5506.776253038086        0.956602799734        0.865301621721        7.012245876178        4.406512161775
      100000 481500000  -288505.892906730995     5497.511413967237        0.975279397876        0.846227803238        2.275368810083        5.742828888990
      100000 481600000  -288655.232208672911     5490.337768889032        0.955380211122        0.831459192253        7.412910100446        6.898908438210
      100000 481700000  -288757.244102029596     5483.467606858350        0.941843283270        0.817315371457       12.593123763761        8.105396266517
      100000 481800000  -288661.467719017528     5506.136508442461        0.954219788951        0.863984559201        7.803497437322        4.493106013133
      100000 481900000  -288752.384391737403     5498.180313352495        0.942164868158        0.847604887649       12.454238293626        5.640431326564
      100000 482000000  -288550.262979872292     5486.715760649182        0.969560079515        0.824002448840        3.450013054846        7.522868825664
      100000 482100000  -288583.849921242567     5472.947623971850        0.965401369538        0.795657548532        4.457091271344       10.141155395681
      100000 482200000  -288724.975759235211     5488.863824319094        0.946048168923        0.828424735748       10.837923690797        7.149564556946
      100000 482300000  -288652.521916736616     5475.057046049275        0.956122295088        0.800000282767        7.168388217731        9.714691246935
      100000 482400000  -288811.101484511048     5508.478916877881        0.934083785966        0.868806949851       16.177753793047        4.180150301527
      100000 482500000  -288657.740386469988     5493.374568739906        0.954975936668        0.837711148566        7.547846936001        6.396576708377
      100000 482600000  -288653.796308270888     5486.341103530489        0.955665699292        0.823231130329        7.318354393268        7.588952051064
      100000 482700000  -288663.179648109246     5487.710012563504        0.954373396023        0.826049346837        7.751218891501        7.348900489633
      100000 482800000  -288583.386250439333     5491.658044917509        0.964998600087        0.834177286449        4.561467034333        6.678182367227
      100000 482900000  -288672.135674556252     5499.696109726094        0.952910582394        0.850725505791        8.256202750821        5.411796478741
      100000 483000000  -288562.142132251058     5481.018868380226        0.968103983603        0.812274075770        3.787970629589        8.558915553157
      100000 483100000  -288701.061089514522     5498.241346649826        0.949055708766        0.847730538837        9.663284370270        5.631133984814
      100000 483200000  -288742.697630724171     5487.338066058233        0.943703815197        0.825283608752       11.800261687986        7.413743233969
      100000 483300000  -288631.674438647460     5474.531787678599        0.958936000610        0.798918916675        6.278504368619        9.820026770840
      100000 483400000  -288757.590920899762     5479.060963881202        0.941907499094        0.808243275587       12.565328819424        8.930410945696
      100000 483500000  -288609.664567397675     5489.152360449545        0.961526409219        0.829018754245        5.511364746050        7.100144592017
      100000 483600000  -288548.200418655062     5483.191986028105        0.969922054549        0.816747942099        3.368449539886        8.155826153185
      100000 483700000  -288578.988764675567     5492.764444894157        0.965564660363        0.836455067225        4.415119398971        6.495976189125
      100000 483800000  -288660.524647185579     5488.040175057948        0.954722232696        0.826729062852        7.633148605615        7.291580716442
      100000 483900000  -288540.374678446911     5523.423077847809        0.970206661315        0.899572968725        3.305004524843        2.449466411192
      100000 484000000  -288750.183995812433     5483.246290780604        0.942796804985        0.816859741018       12.183562179604        8.145877731142
      100000 484100000  -288571.237021570792     5501.688200941309        0.966420647870        0.854826687253        4.198347055965        5.118513033952
      100000 484200000  -288743.842773673823     5501.640026919544        0.943242754811        0.854727509864       11.994339221226        5.125509005167
      100000 484300000  -288557.498103993479     5509.360555681400        0.968124180239        0.870622007660        3.783175043792        4.065285530461
      100000 484400000  -288794.710706864251     5505.324117408134        0.936341821915        0.862312063974       15.088362893452        4.604283097832
      100000 484500000  -288668.398563742870     5481.286172724329        0.953828321240        0.812824383714        7.937523826475        8.508809147961
      100000 484600000  -288645.378363613971     5478.458157712594        0.956991840156        0.807002259381        6.887084847553        9.046377128156
      100000 484700000  -288670.855495482916     5500.557459487580        0.953065330891        0.852498793905        8.202027706475        5.283982639405
      100000 484800000  -288738.981038661674     5500.748810994439        0.943913122020        0.852892735330       11.712679062110        5.255795751998
      100000 484900000  -288648.916073863395     5511.184974364005        0.955816632578        0.874377996353        7.268609477179        3.832672152089
      100000 485000000  -288540.487663409673     5494.140919247642        0.970704917055        0.839288858699        3.195384874775        6.272811104161
      100000 485100000  -288639.083320244215     5513.084620559588        0.957105503383        0.878288858316        6.850730170746        3.597749417804
      100000 485200000  -288619.964301767992     5504.020887702703        0.959832449080        0.859629063584        6.007370492094        4.785470389044
      100000 485300000  -288666.020654736087     5490.522635403089        0.953927275969        0.831839782817        7.903537025452        6.867786065831
      100000 485400000  -288676.147235760465     5461.545873041265        0.953337815671        0.772184401727        8.107068471204       12.604834618573
      100000 485500000  -288582.340612327680     5482.899046648294        0.965344666515        0.816144858493        4.471712523137        8.209596230845
      100000 485600000  -288664.444644922856     5487.287308065221        0.954213421326        0.825179111660        7.805668384224        7.422614139366
      100000 485700000  -288785.109197081299     5502.195334904827        0.937690390494        0.855870740052       14.455854563363        5.045155453779
      100000 485800000  -288598.328591412865     5483.270402916707        0.963188527759        0.816909381438        5.045452073422        8.141462426760
      100000 485900000  -288704.532321390929     5470.248685627244        0.949270273062        0.790101158434        9.582057231546       10.700161250525
      100000 486000000  -288656.181311321445     5507.750395091251        0.954900570650        0.867307118908        7.573136846767        4.276273626574
      100000 486100000  -288549.307805704419     5506.455320782028        0.969275678618        0.864640908291        3.514781320747        4.449847238329
      100000 486200000  -288616.529942780966     5490.097441473976        0.960582897388        0.830964422569        5.784996586543        6.939472868227
      100000 486300000  -288720.978901585331     5482.514883146621        0.946736752249        0.815353968889       10.563041829421        8.280378581266
      100000 486400000  -288675.049669393338     5488.765524047427        0.952754895805        0.828222361856        8.310886158002        7.166440398738
      100000 486500000  -288709.092789393151     5519.489650813863        0.947605076590        0.891475097549       10.221441110886        2.860415003649
      100000 486600000  -288635.573983745417     5491.764313696884        0.957988063656        0.834396065361        6.571720869429        6.660572214549
      100000 486700000  -288683.984376424924     5504.808374938555        0.951220580875        0.861250288570        8.859454047288        4.675568415323
      100000 486800000  -288705.087461055489     5497.408682174049        0.948532138615        0.846016306032        9.862930127154        5.758637046250
      100000 486900000  -288634.985184235033     5501.147442942485        0.957870635085        0.853713411584        6.608509761647        5.197317670398
      100000 487000000  -288721.532816890627     5492.238967594691        0.946434323644        0.835373250417       10.683336235630        6.582199573829
      100000 487100000  -288659.818180753384     5476.749210636131        0.955097444939        0.803483995751        7.507162545549        9.379206315923
      100000 487200000  -288746.260363772046     5481.332915201783        0.943371263221        0.812920613937       11.940086112800        8.500062344957
      100000 487300000  -288634.664602549514     5458.932147382759        0.958989329431        0.766803441692        6.262207474542       13.207314269842
      100000 487400000  -288641.798525888473     5481.558944458142        0.957393533679        0.813385947547        6.759035754983        8.457829519950
      100000 487500000  -288665.504421504913     5483.107432662509        0.954171649435        0.816573869399        7.819917374678        8.171328090649
      100000 487600000  -288685.779609116260     5520.764232167974        0.950717399739        0.894099118668        9.043175086916        2.723763450724
      100000 487700000  -288757.614397086203     5484.649908832274        0.941764745828        0.819749414085       12.627159369663        7.890846756287
      100000 487800000  -288631.847703387029     5490.566300875507        0.958515297833        0.831929678312        6.407810564800        6.860445233171
      100000 487900000  -288643.241979804356     5527.061750973575        0.956345604779        0.907064020667        7.095608790822        2.097674016084
      100000 488000000  -288689.626303590834     5466.003157265484        0.951394127737        0.781360754341        8.796526059344       11.609846552231
      100000 488100000  -288649.015465216944     5474.559610304423        0.956606562548        0.798976195998        7.011029916055        9.814432963929
      100000 488200000  -288538.933132362086     5518.247756914236        0.970473740608        0.888918371131        3.246015375988        2.996779009431
      100000 488300000  -288780.275986900087     5477.191876692697        0.938909786327        0.804395326423       13.895590256959        9.292417058848
      100000 488400000  -288584.086311634630     5492.907815624028        0.964876976537        0.836750229101        4.593222661057        6.472549791533
      100000 488500000  -288670.039747508941     5491.618598918431        0.953362978322        0.834096077718        8.098327331827        6.684725011513
      100000 488600000  -288650.518496981356     5484.763131632470        0.956143671005        0.819982509460        7.161405466656        7.870451476069
      100000 488700000  -288670.066147852922     5496.404064893723        0.953255983946        0.843948068527        8.135528223852        5.914370619667
      100000 488800000  -288617.884545827750     5509.570926990360        0.960011373930        0.871055105756        5.953970478254        4.038113668568
      100000 488900000  -288624.120060154470     5505.783805487677        0.959241580213        0.863258438425        6.185408504162        4.541207113470
      100000 489000000  -288646.644515441032     5484.419360389933        0.956672225854        0.819274776684        6.989827673653        7.932457961558
      100000 489100000  -288571.665584208211     5501.147837499157        0.966373671915        0.853714223870        4.210101857644        5.197259952209
      100000 489200000  -288623.413922045147     5479.292469565757        0.959919868058        0.808719883694        5.981250566408        8.886073342686
      100000 489300000  -288663.090003672522     5513.200421149842        0.953879809826        0.878527260669        7.919830555895        3.583668999323
      100000 489400000  -288534.230215110583     5520.895501583815        0.971066757572        0.894369367185        3.116936273233        2.709879641577
      100000 489500000  -288558.858166098362     5518.953362457454        0.967787596677        0.890371023675        3.863491556600        2.918911696195
      100000 489600000  -288600.768603962380     5476.831628730521        0.963024903795        0.803653672500        5.090404995996        9.363016833553
      100000 489700000  -288620.545545304893     5529.609287350439        0.959362560620        0.912308714726        6.148743556724        1.867596752465
      100000 489800000  -288756.330119007267     5485.676803212613        0.941912497936        0.821863514164       12.563166426778        7.706833921304
      100000 489900000  -288699.870171712246     5492.605797587894        0.949335259788        0.836128454976        9.557522990358        6.521948060240
      100000 490000000  -288513.301402722485     5493.910242732614        0.974360683667        0.838813957630        2.447634648662        6.309938164425
      100000 490100000  -288780.768419360276     5490.067444352433        0.938528368231        0.830902666542       14.069646776979        6.944544375240
      100000 490200000  -288617.273688660702     5502.033108776435        0.960231781379        0.855536759969        5.888517721610        5.068564075756
      100000 490300000  -288699.744757279055     5513.185012008063        0.948957778008        0.878495537380        9.700471749045        3.585541034400
      100000 490400000  -288722.802881798241     5487.724424417131        0.946366391418        0.826079016978       10.710450725858        7.346393752082
      100000 490500000  -288654.056711443933     5472.477239592932        0.955986398160        0.794689153270        7.212860485161       10.237502651803
      100000 490600000  -288586.910026650410     5495.767751363106        0.964436220150        0.842638069649        4.709226047564        6.014085360148
      100000 490700000  -288675.377943301341     5503.080363717861        0.952408928864        0.857692776981        8.433049904696        4.918403183514
      100000 490800000  -288677.467082169838     5486.273708871566        0.952488605521        0.823092382804        8.404836429112        7.600870004165
      100000 490900000  -288669.879368421854     5474.209430919029        0.953814266654        0.798255270575        7.942356901132        9.884953582675
      100000 491000000  -288781.988832994364     5476.308321757242        0.938703088654        0.802576323812       13.989780307815        9.466048127952
      100000 491100000  -288649.351393744582     5493.961766566150        0.956089725981        0.838920031383        7.179033927101        6.301635974273
      100000 491200000  -288552.941148168407     5501.900198399089        0.968873432278        0.855263133153        3.607415606998        5.087782923423
      100000 491300000  -288697.304524231004     5491.869801308028        0.949696065899        0.834613236057        9.421880970216        6.643114505497
      100000 491400000  -288708.394475277979     5503.220278277062        0.947972543058        0.857980823529       10.078569804774        4.898512482087
      100000 491500000  -288652.420590830268     5493.561869809404        0.955686242806        0.838096751227        7.311573644175        6.366215944831
      100000 491600000  -288588.475520530948     5489.618819698691        0.964361157820        0.829979068718        4.729125986297        7.020612782288
      100000 491700000  -288662.419467469910     5519.574312578887        0.953871497641        0.891649393414        7.922685575660        2.851234471956
      100000 491800000  -288611.772557828110     5475.852482537739        0.961573157520        0.801637873132        5.497979439283        9.556255473730
      100000 491900000  -288686.498209100682     5492.381962059066        0.951135882766        0.835667637663        8.890246970684        6.558679907823
      100000 492000000  -288562.310176301748     5512.430183650926        0.967425949196        0.876941548264        3.950729087606        3.677842545830
      100000 492100000  -288680.639293287881     5450.587729563005        0.953086427140        0.749624523675        8.194656050156       15.224877821304
      100000 492200000  -288687.214314153185     5502.269901021384        0.950835028465        0.856024251685        9.000057731674        5.034414017966
      100000 492300000  -288680.707913017366     5496.756841827184        0.951819550049        0.844674341605        8.643216949594        5.859447204016
      100000 492400000  -288719.744572556578     5500.283502476290        0.946505565111        0.851934789904       10.654937810668        5.324468885414
      100000 492500000  -288687.100144925062     5480.833573956974        0.951328333144        0.811892604255        8.820356742399        8.593735462289
      100000 492600000  -288662.946958295302     5473.569244308397        0.954762604675        0.796937298064        7.619542461172       10.014529731396
      100000 492700000  -288742.523178433301     5493.372994622216        0.943590683331        0.837707907880       11.847736557078        6.396832172680
      100000 492800000  -288582.693614452146     5483.694994020276        0.965277698707        0.817783500630        4.489011454954        8.063909350588
      100000 492900000  -288582.363277256722     5481.310787763447        0.965381184889        0.812875059477        4.462293272932        8.504202436538
      100000 493000000  -288649.340883732308     5486.030626668595        0.956271391475        0.822591941752        7.119754638161        7.643933921632
      100000 493100000  -288584.295677693561     5508.245099654421        0.964545147010        0.868325582906        4.680422829997        4.210881772191
      100000 493200000  -288643.002745931502     5524.768727724440        0.956407075062        0.902343300869        7.075640034497        2.316190737500
      100000 493300000  -288682.757138163317     5460.555428240448        0.952480623081        0.770145341556        8.407660877439       12.831483181700
      100000 493400000  -288650.595581808360     5519.516067240387        0.955460148210        0.891529481885        7.386373190796        2.857548881857
      100000 493500000  -288682.422245576279     5495.458128343336        0.951616658382        0.842000638904        8.716164754846        6.062906917836
      100000 493600000  -288699.191309289541     5506.105921639130        0.949154532909        0.863921589177        9.625830141926        4.497267253696
      100000 493700000  -288652.434529054211     5512.164608636871        0.955327753985        0.876394800547        7.430350282389        3.710596397146
      100000 493800000  -288731.115288991947     5517.678457360715        0.944674574374        0.887746336056       11.396808176057        3.060351350673
      100000 493900000  -288618.036095079267     5473.013997394592        0.960808765550        0.795794193606        5.718888081248       10.127597022566
      100000 494000000  -288551.200646724086     5477.492459987290        0.969663907943        0.805014146799        3.426517689957        9.233714565160
      100000 494100000  -288631.603122151922     5495.687628721818        0.958436180374        0.842473118623        6.432275155156        6.026700221801
      100000 494200000  -288569.529415255878     5488.129675388336        0.966939693324        0.826913320025        4.069560103116        7.276081155860
      100000 494300000  -288654.174142401433     5506.123089382425        0.955199471836        0.863956932956        7.473085984278        4.494931397858
      100000 494400000  -288669.600260531064     5491.019209930673        0.953435399390        0.832862096570        8.073195617865        6.784535812910
      100000 494500000  -288546.675671546487     5493.017011630349        0.969898373822        0.836975034387        3.373755669069        6.454735842438
      100000 494600000  -288591.765279984800     5482.463956281543        0.964089817730        0.815249124134        4.801411520007        8.289784694487
      100000 494700000  -288716.589764993405     5491.359467548318        0.947117665143        0.833562595736       10.412498571899        6.727785043159
      100000 494800000  -288617.375185277080     5493.285668105818        0.960398425955        0.837528126007        5.839270680712        6.411012425586
      100000 494900000  -288623.863930619322     5488.394988816231        0.959637078197        0.827459529206        6.065951089813        7.230231393788
      100000 495000000  -288791.426613264950     5498.663584635593        0.936912119568        0.848599813590       14.819228154560        5.567023554649
      100000 495100000  -288552.053319014609     5497.199674062431        0.969087072231        0.845586014394        3.558065915437        5.790865854567
      100000 495200000  -288674.072129001375     5467.272474387661        0.953445817190        0.783973937818        8.069583623590       11.333982493402
      100000 495300000  -288606.716032128315     5485.995090329088        0.961996232302        0.822518781961        5.377581743010        7.650239654537
      100000 495400000  -288734.926144116791     5490.289511414245        0.944679386939        0.831359843056       11.394825525533        6.907044189161
      100000 495500000  -288692.897821389604     5508.335053784773        0.949959623510        0.868510774332        9.323411403428        4.199045443878
      100000 495600000  -288586.555318632163     5523.956023511477        0.963998020431        0.900670160891        4.825990619053        2.396236632263
      100000 495700000  -288665.742604308994     5471.796555782668        0.954435957269        0.793287807889        7.729977185351       10.377731357800
      100000 495800000  -288498.575585808838     5506.727373109199        0.976083457766        0.865200991059        2.129759153430        4.413098668336
      100000 495900000  -288638.386869208654     5495.840389644727        0.957521978196        0.842787612387        6.718344632395        6.002660291198
      100000 496000000  -288663.095961138140     5505.620864340104        0.954010591131        0.862922986309        7.874978302227        4.563515269911
      100000 496100000  -288675.508637207793     5500.660423334688        0.952438433107        0.852710768848        8.422596951101        5.268806260650
      100000 496200000  -288722.418454180006     5492.657541834749        0.946306164085        0.836234982501       10.734518622328        6.513471406655
      100000 496300000  -288741.376166824019     5527.126377628185        0.943166582791        0.907197069614       12.026555235890        2.091672173901
      100000 496400000  -288580.604148018872     5500.236719238572        0.965191345687        0.851838475767        4.511367214990        5.331398108279
      100000 496500000  -288724.797281625913     5508.817343056202        0.945667433980        0.869503678574       10.991428621977        4.135869034562
      100000 496600000  -288576.689819490537     5495.006660820916        0.965824831711        0.841071188375        4.348655806387        6.134448306298
      100000 496700000  -288677.106676359661     5484.616342335939        0.952576756558        0.819680309673        8.373677262181        7.896898296715
      100000 496800000  -288753.618602842325     5477.778188288212        0.942474192288        0.805602384728       12.321374608020        9.178085626733
      100000 496900000  -288613.929585516220     5501.381622164510        0.960693550633        0.854195523787        5.752562434405        5.163116841260
      100000 497000000  -288510.895824905718     5513.096290544607        0.974319318866        0.878312883685        2.455538727758        3.596329190792
      100000 497100000  -288692.182910620002     5494.897786377929        0.950317853337        0.840847045101        9.190400050107        6.151763793875
      100000 497200000  -288564.080661919666     5490.537754595280        0.967616223571        0.831870909178        3.904709205285        6.865243854491
      100000 497300000  -288679.008313539904     5537.142163393088        0.951430866605        0.927816885909        8.783233333151        1.265439736061
      100000 497400000  -288650.638395976741     5498.147030849010        0.955828786998        0.847536367902        7.264610977731        5.645504557677
      100000 497500000  -288646.864887060830     5497.574064820074        0.956347299181        0.846356784539        7.095057983557        5.733198970115
      100000 497600000  -288661.006694461452     5494.216559879482        0.954519059772        0.839444582470        7.701806083544        6.260660701412
      100000 497700000  -288669.387888932833     5505.813137031160        0.953162128308        0.863318824205        8.168231094938        4.537197158015
      100000 497800000  -288469.784461387666     5499.489458026364        0.980088013395        0.850300065373        1.476260141256        5.442688265688
      100000 497900000  -288727.189791398356     5493.849038292654        0.945639425391        0.838687954105       11.002763766859        6.319807321865
      100000 498000000  -288696.436970381066     5527.936849320307        0.949191355385        0.908865613430        9.611893066664        2.017134179643
      100000 498100000  -288467.753643790493     5467.593395910226        0.981142560129        0.784634629151        1.324034112239       11.264761095647
      100000 498200000  -288559.125633380376     5506.407179099508        0.967958140340        0.864541797480        3.822690515324        4.456366038429
      100000 498300000  -288821.083501299843     5512.459158725105        0.932675391247        0.877001200170       16.876461293401        3.674277782272
      100000 498400000  -288687.881938395789     5489.094028858468        0.951024116777        0.828898665146        8.930962475389        7.110121702621
      100000 498500000  -288529.775320070097     5510.122151200660        0.971833857936        0.872189928547        2.953850030730        3.967348891965
      100000 498600000  -288611.732200669590     5498.507486227900        0.961046049174        0.848278448840        5.649847616825        5.590681964935
      100000 498700000  -288588.461981400149     5506.002139839344        0.964026019609        0.863707930290        4.818487074743        4.511400803035
      100000 498800000  -288521.339177842718     5512.250776180997        0.972930820276        0.876572196407        2.728248356678        3.699953283550
      100000 498900000  -288555.285976106767     5525.301222776994        0.968179415901        0.903439565348        3.770075137475        2.264480906070
      100000 499000000  -288659.039368636673     5485.402214511298        0.954984029776        0.821298209683        7.545133717996        7.755825800718
      100000 499100000  -288704.303716352442     5504.083367389627        0.948505524365        0.859757692500        9.873133090775        4.776704075231
      100000 499200000  -288693.034047961235     5502.508950463496        0.950048895770        0.856516390364        9.290175060023        5.000055518391
      100000 499300000  -288617.855861118529     5479.805895420723        0.960653095664        0.809776889810        5.764409828267        8.788136532568
      100000 499400000  -288602.250285805203     5495.431871457957        0.962383325090        0.841946583020        5.268591403079        6.067056198620
      100000 499500000  -288646.622302548261     5486.093954258598        0.956634955393        0.822722316273        7.001858116032        7.632703225008
      100000 499600000  -288516.148939140840     5496.632396684960        0.973920396955        0.844418142438        2.532419591443        5.878792669037
      100000 499700000  -288710.117721325019     5490.396555041894        0.948008430860        0.831580217173       10.064670491219        6.889004129817
      100000 499800000  -288699.178695693379     5497.819040762261        0.949317151065        0.846861124292        9.564356361041        5.695621854200
      100000 499900000  -288645.430782882497     5474.816000079736        0.957081029195        0.799504033773        6.858550003372        9.762960182093
      100000 500000000  -288612.537864794489     5518.487956805155        0.960585954007        0.889412878276        5.784099420165        2.970156604575
